,Actual,RW_pred,"MLP_pred_[2, 4]","LSTM_pred_[2, 4]",RW_res,"MLP_res_[2, 4]","LSTM_res_[2, 4]"
0,10.101641447146731,10.146825811135857,10.108021683969639,10.122475106896443,0.04518436398912584,0.006380236822908003,0.020833659749712297
1,10.092743345182981,10.146825811135857,10.07498003653296,10.091259771977473,0.05408246595287558,-0.017763308650021514,-0.0014835732055082929
2,10.090423446880827,10.092743345182981,10.088586214316043,10.08686752172816,0.0023198983021543995,-0.0018372325647835197,-0.0035559251526677826
3,10.084725188767045,10.092743345182981,10.085087166273839,10.08121882041064,0.008018156415936062,0.0003619775067935649,-0.003506368356404721
4,10.05065677575275,10.084725188767045,10.068247079605818,10.078617048815627,0.034068413014296084,0.017590303853069145,0.027960273062877405
5,9.992047729515608,10.084725188767045,10.053702501630298,10.076379479617112,0.092677459251437,0.06165477211468939,0.08433175010150329
6,9.95313449242554,9.992047729515608,9.942616419196403,9.948872633038139,0.038913237090067554,-0.01051807322913767,-0.004261859387401756
7,9.930324206489688,9.992047729515608,9.901317275198972,9.911526404722787,0.0617235230259201,-0.02900693129071641,-0.018797801766901046
8,9.89757007877209,9.930324206489688,9.903747973361309,9.902892646792987,0.03275412771759889,0.00617789458921969,0.005322568020897478
9,9.80410910855585,9.930324206489688,9.881820424568547,9.88277270658379,0.126215097933839,0.07771131601269765,0.07866359802794065
10,9.72256501665588,9.80410910855585,9.735560082717035,9.735908565242529,0.08154409189996947,0.012995066061154859,0.013343548586648879
11,9.681343501555002,9.80410910855585,9.678446446654997,9.68123834220206,0.12276560700084715,-0.002897054900005358,-0.00010515935294286294
12,9.664405149920409,9.681343501555002,9.65482486118837,9.634345608681727,0.01693835163459312,-0.009580288732038866,-0.03005954123868193
13,9.730383384791782,9.681343501555002,9.632997232805351,9.59976661986926,-0.04903988323678021,-0.09738615198643075,-0.1306167649225216
14,9.840228212896937,9.730383384791782,9.79425799944626,9.774934189927187,-0.10984482810515495,-0.04597021345067631,-0.06529402296975029
15,9.892578262028092,9.730383384791782,9.846806151822879,9.825488263848879,-0.16219487723630976,-0.04577211020521332,-0.06708999817921324
16,9.93459854756118,9.892578262028092,9.949332256576605,9.939757356450848,-0.04202028553308779,0.014733709015425589,0.00515880888966791
17,9.98386866448294,9.892578262028092,9.9956444828037,9.982362834442572,-0.09129040245484887,0.011775818320758802,-0.0015058300403687497
18,10.037581287016826,9.98386866448294,10.030712942206291,10.029437596361273,-0.05371262253388487,-0.006868344810534666,-0.00814369065555276
19,10.036268663769945,9.98386866448294,10.06946873883883,10.064771926350742,-0.05239999928700456,0.033200075068885226,0.02850326258079683
20,10.013731126634887,10.036268663769945,10.013896097529189,10.022982793593368,0.022537537135058017,0.00016497089430167478,0.009251666958480342
21,9.995838813600313,10.036268663769945,9.995068113419606,10.005032570804063,0.040429850169632076,-0.000770700180707351,0.009193757203750152
22,9.981050264483917,9.995838813600313,9.969666490087192,9.970158565885576,0.014788549116396155,-0.011383774396724888,-0.010891698598340938
23,9.995337206166006,9.995838813600313,9.944900084571783,9.94550705668506,0.0005016074343071608,-0.0504371215942232,-0.04983014948094677
24,10.019001348748468,9.995337206166006,10.009909429293772,10.014754811180302,-0.023664142582461523,-0.00909191945469523,-0.0042465375681661754
25,10.030516600664669,9.995337206166006,10.022018336759313,10.033810985756038,-0.035179394498662475,-0.008498263905355685,0.003294385091368923
26,10.051001975324677,10.030516600664669,10.049284702084597,10.04132283102835,-0.02048537466000866,-0.0017172732400805302,-0.00967914429632799
27,10.098149321414688,10.030516600664669,10.06561988832836,10.052074089972159,-0.06763272075001936,-0.03252943308632794,-0.04607523144252923
28,10.120452052773622,10.098149321414688,10.138475524855634,10.12629455905402,-0.022302731358934125,0.01802347208201205,0.005842506280398396
29,10.137016983402756,10.098149321414688,10.171991511004057,10.149364356788341,-0.03886766198806768,0.034974527601301375,0.01234737338558567
30,10.15774209887539,10.137016983402756,10.159640393007608,10.156961407675691,-0.02072511547263467,0.0018982941322178704,-0.0007806911996990351
31,10.181270792808661,10.137016983402756,10.179193878752496,10.172770097772638,-0.04425380940590529,-0.002076914056164725,-0.008500695036023131
32,10.176182882679585,10.181270792808661,10.19720106527242,10.197813636637777,0.005087910129075723,0.021018182592834833,0.021630753958191917
33,10.158827202066654,10.181270792808661,10.210089609986111,10.208857007430478,0.022443590742007302,0.051262407919457686,0.050029805363823954
34,10.139191885895196,10.158827202066654,10.139736051806317,10.142313453768411,0.019635316171457973,0.0005441659111209418,0.0031215678732152696
35,10.120331301701809,10.158827202066654,10.122681947179627,10.12527869976818,0.03849590036484507,0.0023506454778186026,0.0049473980663705674
36,10.100122843969542,10.120331301701809,10.090439290937997,10.095579167530826,0.020208457732266538,-0.00968355303154489,-0.00454367643871656
37,10.101231241217606,10.120331301701809,10.063900920215263,10.075311191016208,0.01910006048420243,-0.03733032100234368,-0.02592005020139787
38,10.10634676054763,10.101231241217606,10.11076058501983,10.115846466554691,-0.0051155193300242985,0.0044138244722002895,0.009499706007060738
39,10.100574561530555,10.101231241217606,10.119242944141886,10.133204506504079,0.000656679687050854,0.01866838261133097,0.03262994497352345
40,10.095016590080995,10.100574561530555,10.100945175955191,10.107078500135353,0.005557971449560384,0.005928585874196202,0.012061910054358194
41,10.083681848313908,10.100574561530555,10.101940291889104,10.113285889142471,0.016892713216646982,0.01825844357519557,0.029604040828562717
42,10.067602707388096,10.083681848313908,10.067411162351359,10.067331875971963,0.01607914092581275,-0.00019154503673668444,-0.0002708314161328218
43,10.055435808808186,10.083681848313908,10.053960472993687,10.052673741512413,0.028246039505722464,-0.0014753358144989903,-0.0027620672957731074
44,10.06496844345823,10.055435808808186,10.043285296412394,10.044751880283597,-0.009532634650044614,-0.021683147045836293,-0.020216563174633606
45,10.08062904928854,10.055435808808186,10.033151202737551,10.036001252926186,-0.02519324048035365,-0.04747784655098819,-0.04462779636235403
46,10.100574561530555,10.08062904928854,10.1012677017109,10.099009573377431,-0.019945512242015795,0.000693140180343832,-0.0015649881531238918
47,10.115853230678459,10.08062904928854,10.119639964614695,10.117477520459607,-0.03522418138991945,0.0037867339362360752,0.0016242897811480361
48,10.129187832632027,10.115853230678459,10.12844173998009,10.12866549160006,-0.013334601953568281,-0.0007460926519371469,-0.0005223410319672439
49,10.136660639487516,10.115853230678459,10.140613031331254,10.140098440272597,-0.020807408809057293,0.003952391843737857,0.0034378007850808245
50,10.150503868261893,10.136660639487516,10.139720343075044,10.14041429750119,-0.013843228774376826,-0.010783525186848664,-0.010089570760703381
51,10.175268875456231,10.136660639487516,10.142550210867324,10.139918782667937,-0.038608235968714766,-0.03271866458890749,-0.03535009278829371
52,10.221941283654662,10.175268875456231,10.207217542110529,10.205442047283041,-0.04667240819843066,-0.014723741544132807,-0.01649923637162054
53,10.253510420394482,10.175268875456231,10.233228114218367,10.231310526933962,-0.0782415449382512,-0.020282306176115483,-0.022199893460520315
54,10.266427828229292,10.253510420394482,10.28627662196221,10.287094681071528,-0.012917407834809325,0.019848793732919034,0.02066685284223624
55,10.286297970079486,10.253510420394482,10.31238474700654,10.313038835906683,-0.03278754968500408,0.026086776927053634,0.026740865827196814
56,10.320057440376399,10.286297970079486,10.311757885768834,10.313199051336095,-0.0337594702969124,-0.008299554607564374,-0.0068583890403033365
57,10.331561803505151,10.286297970079486,10.332561404636383,10.334624934127401,-0.04526383342566476,0.0009996011312320974,0.0030631306222499433
58,10.327479965258176,10.331561803505151,10.332642519645281,10.334659698308268,0.004081838246975167,0.005162554387105445,0.007179733050092452
59,10.315862068945227,10.331561803505151,10.33308371352496,10.332579846997792,0.015699734559923684,0.017221644579732853,0.01671777805256447
60,10.293940540523788,10.315862068945227,10.308861531298056,10.307742328040925,0.021921528421438907,0.014920990774268006,0.013801787517136788
61,10.289565946844101,10.315862068945227,10.300932955475535,10.298371674651094,0.026296122101125974,0.01136700863143325,0.00880572780699218
62,10.319001996497294,10.289565946844101,10.296792254684757,10.297880782617906,-0.029436049653192242,-0.022209741812536876,-0.021121213879387923
63,10.355772631288183,10.289565946844101,10.30265934859147,10.308914670056,-0.06620668444408118,-0.053113282696712005,-0.04685796123218289
64,10.407620832440994,10.355772631288183,10.40014174979602,10.396980635608957,-0.05184820115281141,-0.007479082644973545,-0.010640196832037319
65,10.455963627557306,10.355772631288183,10.437408164539077,10.435403150007728,-0.10019099626912364,-0.01855546301822919,-0.020560477549578238
66,10.483969827438607,10.455963627557306,10.494925607394885,10.498064649362558,-0.028006199881300375,0.010955779956278278,0.014094821923951173
67,10.51322594987476,10.455963627557306,10.528327535900997,10.532855522176781,-0.057262322317454206,0.015101586026236902,0.019629572302021003
68,10.520994818887328,10.51322594987476,10.52427312235616,10.524154463118812,-0.007768869012567237,0.0032783034688321777,0.003159644231484293
69,10.494075844768336,10.51322594987476,10.53335705333409,10.528693435798166,0.019150105106424675,0.0392812085657539,0.03461759102983031
70,10.491579726321211,10.494075844768336,10.460932566722219,10.46436253411139,0.0024961184471248288,-0.03064715959899189,-0.02721719220982166
71,10.486149999920801,10.494075844768336,10.432784799830102,10.433685773928019,0.007925844847534336,-0.053365200090699005,-0.05246422599278233
72,10.479426532190532,10.486149999920801,10.473563584250135,10.473512934417988,0.006723467730269661,-0.005862947940396879,-0.005913597772543966
73,10.471354916669316,10.486149999920801,10.463236762432638,10.463649591214807,0.014795083251485153,-0.008118154236678166,-0.007705325454509193
74,10.445753702136438,10.471354916669316,10.454131913395807,10.45459551199317,0.025601214532878558,0.00837821125936955,0.008841809856733107
75,10.413132479553957,10.471354916669316,10.439655931575134,10.44129278404167,0.05822243711535968,0.026523452021177008,0.028160304487713006
76,10.37455311772824,10.413132479553957,10.374488767258551,10.378388139949292,0.03857936182571642,-6.435046968888969e-05,0.0038350222210521423
77,10.354021624011871,10.413132479553957,10.342756268934703,10.34884352145104,0.059110855542085616,-0.011265355077167527,-0.005178102560831732
78,10.35057433533511,10.354021624011871,10.340133205791187,10.334537017835743,0.0034472886767602517,-0.010441129543924177,-0.016037317499367987
79,10.343804871411503,10.354021624011871,10.32904283588409,10.321385964858967,0.010216752600367585,-0.014762035527413175,-0.0224189065525362
80,10.337183720985118,10.343804871411503,10.342064059188708,10.338851305121176,0.006621150426385114,0.004880338203589574,0.0016675841360580534
81,10.332213354218844,10.343804871411503,10.341841811489873,10.338757253303507,0.011591517192659495,0.009628457271029234,0.006543899084663352
82,10.322855565813283,10.332213354218844,10.334957088778472,10.330947286773283,0.009357788405560896,0.012101522965188849,0.008091720959999549
83,10.318341777940978,10.332213354218844,10.337857215645489,10.329895274666006,0.013871576277866282,0.01951543770451103,0.011553496725028367
84,10.304542952155591,10.318341777940978,10.304357329618622,10.299292101659969,0.01379882578538627,-0.00018562253696963182,-0.005250850495622572
85,10.285274533289716,10.318341777940978,10.292709656223959,10.282720262304611,0.03306724465126187,0.00743512293424331,-0.002554270985104523
86,10.266114746634193,10.285274533289716,10.2689774382459,10.266210042987273,0.019159786655523092,0.0028626916117069356,9.529635308069828e-05
87,10.254073999134302,10.285274533289716,10.256005614638584,10.251058839721507,0.03120053415541335,0.0019316155042812255,-0.0030151594127953985
88,10.249697933426978,10.254073999134302,10.250850551100081,10.251174383875735,0.004376065707324628,0.0011526176731031512,0.0014764504487576602
89,10.255200204645044,10.254073999134302,10.248202941866928,10.250828763847807,-0.00112620551074194,-0.006997262778115854,-0.0043714407972377245
90,10.271112327661111,10.255200204645044,10.268726013378146,10.269621886051599,-0.015912123016066815,-0.0023863142829654294,-0.001490441609512061
91,10.289497972810157,10.255200204645044,10.28197436736591,10.282573997954426,-0.03429776816511243,-0.007523605444246684,-0.006923974855730819
92,10.299070660789841,10.289497972810157,10.304245412875025,10.304824149579526,-0.009572687979684247,0.005174752085183698,0.005753488789684624
93,10.301894476832386,10.289497972810157,10.317122682881823,10.317390340512011,-0.012396504022229138,0.015228206049437532,0.015495863679625188
94,10.307151038697663,10.301894476832386,10.298065291095257,10.300071700429582,-0.005256561865277121,-0.009085747602405547,-0.007079338268081159
95,10.319034995985804,10.301894476832386,10.295043194245745,10.295788723999157,-0.01714051915341841,-0.02399180174005977,-0.02324627198664686
96,10.329180034324262,10.319034995985804,10.333612822718003,10.33261699875352,-0.010145038338457368,0.00443278839374095,0.003436964429258893
97,10.333840376152072,10.319034995985804,10.345759255474942,10.343148035490104,-0.014805380166267312,0.011918879322870168,0.009307659338032792
98,10.339061473414608,10.333840376152072,10.34127476888836,10.341426943153436,-0.005221097262536389,0.0022132954737514865,0.002365469738828452
99,10.348686062862892,10.333840376152072,10.347296063981295,10.346302323269542,-0.014845686710820871,-0.0013899988815975206,-0.0023837395933501426
100,10.37424090067241,10.348686062862892,10.36370498740705,10.364856122242088,-0.025554837809517394,-0.010535913265359298,-0.009384778430321816
101,10.387332447970344,10.348686062862892,10.376046555196833,10.37819484830475,-0.038646385107451664,-0.011285892773511108,-0.009137599665594465
102,10.395955704265866,10.387332447970344,10.399987745320043,10.39630614397978,-0.008623256295521742,0.0040320410541774265,0.0003504397139142412
103,10.402625136506927,10.387332447970344,10.409913489974388,10.401127547963663,-0.015292688536582943,0.007288353467460595,-0.0014975885432644276
104,10.41268184640677,10.402625136506927,10.409087185783207,10.415095700721956,-0.01005670989984253,-0.0035946606235626177,0.00241385431518637
105,10.423263006821703,10.402625136506927,10.414260542093785,10.42462001224037,-0.020637870314775597,-0.009002464727917214,0.0013570054186669012
106,10.430166840225285,10.423263006821703,10.424696314734351,10.425294511348273,-0.006903833403582027,-0.005470525490933298,-0.004872328877011611
107,10.420315128497753,10.423263006821703,10.424456880969625,10.425659616283347,0.002947878323949382,0.0041417524718720955,0.005344487785594154
108,10.39488567863602,10.420315128497753,10.409102583611725,10.408098764949703,0.025429449861732678,0.01421690497570438,0.013213086313681899
109,10.37405352363804,10.420315128497753,10.398873484470837,10.395650453760595,0.046261604859713756,0.02481996083279725,0.02159693012255559
110,10.35806023475132,10.37405352363804,10.354247395849875,10.353301925918485,0.015993288886718915,-0.003812838901446014,-0.004758308832835567
111,10.34525244536991,10.37405352363804,10.337476934905686,10.335665722111502,0.028801078268129388,-0.007775510464224311,-0.00958672325840837
112,10.313343008945585,10.34525244536991,10.332726680890211,10.327573441592996,0.031909436424324866,0.019383671944625647,0.014230432647410751
113,10.306416112992295,10.34525244536991,10.321891877406962,10.314763070725045,0.03883633237761508,0.015475764414667026,0.008346957732749516
114,10.317350632095334,10.306416112992295,10.304097379957229,10.31127074320873,-0.010934519103038554,-0.013253252138104799,-0.0060798888866031575
115,10.34238743673053,10.306416112992295,10.305335985911823,10.316422779384526,-0.03597132373823442,-0.037051450818706755,-0.025964657346003506
116,10.370768729268754,10.34238743673053,10.36529079474547,10.364508740409201,-0.0283812925382243,-0.005477934523284489,-0.006259988859552479
117,10.387979467850263,10.34238743673053,10.384661067762844,10.386371463020216,-0.045592031119733534,-0.0033184000874193487,-0.0016080048300466387
118,10.400163540697676,10.387979467850263,10.398050400342937,10.395280560984627,-0.012184072847412963,-0.0021131403547389738,-0.004882979713048741
119,10.414183167851386,10.387979467850263,10.406653924300505,10.402098128087914,-0.0262037000011226,-0.007529243550880693,-0.012085039763471528
120,10.428275251318173,10.414183167851386,10.42719158904965,10.433378769573388,-0.014092083466787031,-0.0010836622685221897,0.005103518255214823
121,10.43128828050808,10.414183167851386,10.437741746359274,10.447010435569366,-0.017105112656693677,0.006453465851194551,0.015722155061286713
122,10.43520344719362,10.43128828050808,10.423223155560313,10.420478717826764,-0.003915166685541038,-0.01198029163330716,-0.014724729366855982
123,10.443221281449325,10.43128828050808,10.413737352567653,10.408092198731017,-0.011933000941246164,-0.02948392888167284,-0.03512908271830817
124,10.451926829595399,10.443221281449325,10.447069107260441,10.44869090517478,-0.008705548146073383,-0.004857722334957515,-0.0032359244206183746
125,10.456452702496211,10.443221281449325,10.449172192300335,10.453215772040869,-0.013231421046885572,-0.0072805101958763885,-0.003236930455342346
126,10.458636234938782,10.456452702496211,10.464118309653742,10.462496425289505,-0.002183532442570524,0.005482074714960206,0.0038601903507231583
127,10.46124447098655,10.456452702496211,10.470858906837321,10.467945252261558,-0.00479176849033891,0.009614435850771486,0.006700781275007728
128,10.463074768634808,10.46124447098655,10.474196503773447,10.476728765676567,-0.001830297648258039,0.01112173513863901,0.01365399704175907
129,10.456884040657634,10.46124447098655,10.485281497868192,10.489981024882868,0.004360430328915754,0.02839745721055742,0.03309698422523333
130,10.451406628439226,10.456884040657634,10.454837643257413,10.454888770633534,0.005477412218407807,0.0034310148181866396,0.003482142194307869
131,10.443250426196716,10.456884040657634,10.453125316122891,10.451697812122474,0.013633614460918153,0.009874889926175356,0.008447385925757445
132,10.431848529391178,10.443250426196716,10.44062222518068,10.44008392155252,0.011401896805537604,0.008773695789502156,0.008235392161340727
133,10.428038550920595,10.443250426196716,10.439398270155136,10.437089747013546,0.015211875276120779,0.011359719234540933,0.00905119609295113
134,10.422787170381499,10.428038550920595,10.432828677775312,10.427954729767297,0.005251380539096573,0.010041507393813376,0.0051675593857982705
135,10.418046199891226,10.428038550920595,10.436481582033025,10.428337866226967,0.009992351029369573,0.018435382141799295,0.010291666335740857
136,10.421000764451936,10.418046199891226,10.418932010111812,10.419876072571418,-0.0029545645607100823,-0.0020687543401241015,-0.0011246918805181139
137,10.428630196896911,10.418046199891226,10.419890699351525,10.421610950701686,-0.010583997005685575,-0.008739497545386499,-0.007019246195225648
138,10.442550717713358,10.428630196896911,10.432840267208373,10.436869570364541,-0.013920520816446569,-0.009710450504984536,-0.005681147348816751
139,10.459324782131466,10.428630196896911,10.436677615920523,10.443943838417788,-0.030694585234554594,-0.02264716621094287,-0.015380943713678263
140,10.470164069042124,10.459324782131466,10.477199019795654,10.474563181382129,-0.01083928691065772,0.0070349507535301115,0.004399112340005118
141,10.476780804620594,10.459324782131466,10.492663665364557,10.486700959045287,-0.01745602248912803,0.015882860743962723,0.00992015442469274
142,10.49565350324196,10.476780804620594,10.486512892464322,10.490489195689923,-0.018872698621365203,-0.009140610777636837,-0.005164307552036007
143,10.513035709219759,10.476780804620594,10.494879112951827,10.501572632106056,-0.03625490459916492,-0.0181565962679322,-0.01146307711370298
144,10.529452721013085,10.513035709219759,10.522040520220132,10.524496215000672,-0.016417011793325997,-0.007412200792952461,-0.004956506012412376
145,10.53499866243767,10.513035709219759,10.529072108139927,10.531038025916374,-0.021962953217911974,-0.0059265542977442465,-0.0039606365212971895
146,10.53518477077985,10.53499866243767,10.529783805969508,10.532066893405437,-0.0001861083421790255,-0.005400964810341691,-0.003117877374412714
147,10.511594140108,10.53499866243767,10.525489473370532,10.526663790637665,0.023404522329670385,0.013895333262532006,0.015069650529664358
148,10.474749545105949,10.511594140108,10.477409777474525,10.478066759334151,0.036844595002051506,0.0026602323685764873,0.003317214228202303
149,10.444240842543808,10.511594140108,10.448896632091135,10.447957815335876,0.06735329756419262,0.004655789547326705,0.003716972792068063
150,10.425994681075956,10.444240842543808,10.417765951116438,10.417242903226287,0.018246161467851962,-0.008228729959517622,-0.008751777849669296
151,10.404293143019792,10.444240842543808,10.39562172542812,10.394274377169786,0.039947699524015334,-0.008671417591672892,-0.010018765850006162
152,10.356503962502515,10.404293143019792,10.364967141329359,10.37151218410531,0.04778918051727743,0.008463178826843887,0.015008221602794691
153,10.270038567145066,10.404293143019792,10.330914511433011,10.343723501463575,0.134254575874726,0.06087594428794496,0.07368493431850887
154,10.209353295421538,10.270038567145066,10.202447381914737,10.199346875412683,0.060685271723528444,-0.006905913506800587,-0.010006420008854988
155,10.177514314164908,10.270038567145066,10.145963836297698,10.140334803642691,0.09252425298015865,-0.03155047786720999,-0.037179510522216574
156,10.17458282138351,10.177514314164908,10.148148396864613,10.144257615012434,0.0029314927813981484,-0.02643442451889655,-0.030325206371076163
157,10.181990121970616,10.177514314164908,10.123591831786547,10.12095972919085,-0.004475807805707888,-0.05839829018406917,-0.06103039277976485
158,10.18005812023319,10.181990121970616,10.182195720136619,10.184354528299371,0.0019320017374262477,0.0021375999034294324,0.004296408066181812
159,10.16203685698089,10.181990121970616,10.184378063374048,10.192235965170568,0.019953264989725383,0.02234120639315762,0.030199108189677304
160,10.127990179887968,10.16203685698089,10.136320516060007,10.14219295806958,0.034046677092922195,0.0083303361720386,0.01420277818161253
161,10.098684201799387,10.16203685698089,10.113291269014741,10.128609480420089,0.06335265518150379,0.014607067215354874,0.029925278620702045
162,10.031704850336881,10.098684201799387,10.061830242292533,10.056095050976221,0.06697935146250522,0.030125391955651892,0.024390200639340165
163,9.949464238776152,10.098684201799387,10.031060485554082,10.019002715947403,0.14921996302323493,0.08159624677793076,0.0695384771712515
164,9.887815383141833,9.949464238776152,9.884500996621089,9.8891904432395,0.06164885563431888,-0.003314386520743895,0.001375060097666747
165,9.862613473326155,9.949464238776152,9.830444804117583,9.839251869251395,0.08685076544999681,-0.03216866920857164,-0.023361604074759512
166,9.867031015525512,9.862613473326155,9.860790183821472,9.852490096531385,-0.004417542199357527,-0.006240831704040772,-0.014540918994127239
167,9.886544831805816,9.862613473326155,9.860280328562135,9.849781344433,-0.023931358479661213,-0.026264503243680792,-0.03676348737281643
168,9.906931614938683,9.886544831805816,9.895160298286477,9.903104108393121,-0.020386783132867237,-0.01177131665220621,-0.003827506545562187
169,10.010097287594386,9.886544831805816,9.903121785662465,9.922744056681411,-0.12355245578856966,-0.10697550193192029,-0.08735323091297431
170,10.055221027562059,10.010097287594386,10.072780501865797,10.071618023863122,-0.04512373996767316,0.017559474303737943,0.016396996301063282
171,10.084182787585497,10.010097287594386,10.125504874377908,10.125798169561795,-0.0740854999911118,0.04132208679241067,0.04161538197629788
172,10.116176645946478,10.084182787585497,10.092179122656695,10.09536118726687,-0.031993858360980454,-0.023997523289782663,-0.020815458679608767
173,10.1633486867855,10.084182787585497,10.098824509807008,10.097305401385807,-0.07916589920000305,-0.06452417697849278,-0.06604328539969373
174,10.196828582839586,10.1633486867855,10.198823522926265,10.200476190353807,-0.033479896054085856,0.001994940086678554,0.0036476075142211073
175,10.224410958767711,10.1633486867855,10.227647275931245,10.229390488638554,-0.0610622719822107,0.003236317163533897,0.004979529870842825
176,10.237778841189767,10.224410958767711,10.23948442324555,10.240207332133023,-0.013367882422055999,0.0017055820557825285,0.002428490943255923
177,10.22759798160146,10.224410958767711,10.25176370864649,10.250161373701411,-0.0031870228337496087,0.024165727045028618,0.02256339209995062
178,10.202480416133776,10.22759798160146,10.208470263347351,10.20933073637414,0.025117565467684955,0.005989847213575317,0.006850320240364027
179,10.176335136029452,10.22759798160146,10.190183538145481,10.189114253489752,0.05126284557200833,0.01384840211602878,0.01277911746029936
180,10.150972435236495,10.176335136029452,10.150246656381885,10.152647745040989,0.025362700792957327,-0.0007257788546102262,0.0016753098044937076
181,10.109484945015367,10.176335136029452,10.128607691850407,10.13204244381893,0.06685019101408507,0.01912274683503945,0.022557498803562837
182,10.058652004037477,10.109484945015367,10.067770572411346,10.068232629002685,0.05083294097789093,0.009118568373869707,0.009580624965208173
183,10.012072862949568,10.109484945015367,10.032841752875589,10.032768780060634,0.09741208206579977,0.020768889926021217,0.02069591711106611
184,9.935857932566579,10.012072862949568,9.973274603768157,9.979554683934117,0.07621493038298865,0.03741667120157821,0.0436967513675377
185,9.896865676227241,10.012072862949568,9.941255647962487,9.9542881759077,0.11520718672232633,0.04438997173524584,0.05742249968045954
186,9.876116355739995,9.896865676227241,9.873935693495552,9.864562264525581,0.02074932048724598,-0.0021806622444433543,-0.011554091214414086
187,9.909668411611209,9.896865676227241,9.855411920407864,9.84182535548179,-0.0128027353839677,-0.05425649120334519,-0.06784305612941921
188,9.96655624400311,9.909668411611209,9.945667852584291,9.93499091472526,-0.05688783239190087,-0.020888391418818486,-0.03156532927784994
189,10.107611370013082,9.909668411611209,9.975838415544509,9.965348440123472,-0.19794295840187281,-0.1317729544685733,-0.14226292988960942
190,10.153740306328956,10.107611370013082,10.178812066217935,10.1876469329218,-0.046128936315874114,0.025071759888978917,0.03390662659284338
191,10.157393065500377,10.107611370013082,10.239450349821116,10.259957514096259,-0.04978169548729561,0.08205728432073833,0.10256444859588143
192,10.137531478318627,10.157393065500377,10.152871339076247,10.162961143166779,0.019861587181750906,0.015339860757620727,0.025429664848152456
193,10.098601931128835,10.157393065500377,10.149425434248247,10.16078877723598,0.0587911343715426,0.050823503119412194,0.062186846107145755
194,10.047544605529554,10.098601931128835,10.061923544878647,10.060652663581495,0.051057325599281,0.0143789393490934,0.01310805805194093
195,9.987139125031739,10.098601931128835,10.029247499050259,10.022691819144331,0.11146280609709613,0.04210837401851997,0.03555269411259232
196,9.939481912759504,9.987139125031739,9.94395256073354,9.943508793154056,0.04765721227223452,0.004470647974036623,0.0040268803945515685
197,9.905485555198801,9.987139125031739,9.906447408164542,9.903427084625696,0.08165356983293748,0.0009618529657409169,-0.0020584705731057085
198,9.834941010001018,9.905485555198801,9.88638322213462,9.880634747862006,0.07054454519778375,0.051442212133602894,0.04569373786098829
199,9.770870027921289,9.905485555198801,9.870377025193816,9.864636817339331,0.13461552727751247,0.09950699727252754,0.0937667894180425
200,9.734121706902389,9.770870027921289,9.721391323434966,9.713182717988811,0.03674832101889969,-0.012730383467422612,-0.020938988913577816
201,9.726213236963686,9.770870027921289,9.681114767288358,9.667292288616942,0.04465679095760322,-0.04509846967532738,-0.058920948346743884
202,9.72812174830818,9.726213236963686,9.711416236875207,9.714692429916427,-0.0019085113444941015,-0.016705511432972386,-0.013429318391752432
203,9.714383043445341,9.726213236963686,9.700175238542009,9.713079398839966,0.011830193518344245,-0.014207804903332288,-0.0013036446053753536
204,9.673319386284954,9.714383043445341,9.697132469130466,9.708687150028377,0.041063657160387734,0.023813082845512312,0.0353677637434231
205,9.634234615552714,9.714383043445341,9.682978189162833,9.707161189928762,0.08014842789262744,0.048743573610119384,0.07292657437604788
206,9.630431332279667,9.634234615552714,9.603020770574949,9.60678996651078,0.003803283273047242,-0.027410561704718006,-0.023641365768886757
207,9.623641365852121,9.634234615552714,9.578573858627594,9.582454425906516,0.010593249700592722,-0.04506750722452679,-0.041186939945605516
208,9.613135251528467,9.623641365852121,9.640779463037504,9.635885009849456,0.010506114323654003,0.02764421150903651,0.022749758320989244
209,9.585277541715389,9.623641365852121,9.654932270704165,9.649662501954372,0.03836382413673256,0.06965472898877678,0.06438496023898388
210,9.588982266040471,9.585277541715389,9.583376431714768,9.58810005512652,-0.003704724325082509,-0.00560583432570283,-0.0008822109139519085
211,9.604340001975068,9.585277541715389,9.581450516696,9.592105642927141,-0.01906246025967917,-0.022889485279067756,-0.012234359047926802
212,9.639391789890489,9.604340001975068,9.638344055313192,9.631659271732861,-0.03505178791542107,-0.0010477345772965663,-0.007732518157627766
213,9.705280486511949,9.604340001975068,9.668436993547187,9.655495614961492,-0.10094048453688131,-0.03684349296476164,-0.04978487155045741
214,9.800402224452803,9.705280486511949,9.754863881930538,9.758988120888036,-0.09512173794085399,-0.045538342522265296,-0.041414103564767046
215,9.88644311792687,9.705280486511949,9.795911117825526,9.80578767831066,-0.18116263141492084,-0.09053200010134432,-0.08065543961621024
216,9.91773556580133,9.88644311792687,9.941461622632904,9.937935357841656,-0.03129244787445984,0.023726056831574027,0.020199792040326514
217,9.924612834151077,9.88644311792687,9.98659213222739,9.97739463116003,-0.03816971622420695,0.06197929807631297,0.05278179700895258
218,9.916650539062408,9.924612834151077,9.912029265117106,9.919354063704214,0.00796229508866908,-0.004621273945302207,0.002703524641805899
219,9.905385749819208,9.924612834151077,9.901684658024442,9.909491428166298,0.019227084331868483,-0.003701091794766853,0.004105678347089636
220,9.901084667919818,9.905385749819208,9.8848434328575,9.888252362050926,0.004301081899390269,-0.016241235062318893,-0.01283230586889239
221,9.905435653754143,9.905385749819208,9.866437499818971,9.87069748270202,-4.990393493464751e-05,-0.03899815393517159,-0.034738171052122624
222,10.000160439796389,9.905435653754143,9.909922711626248,9.91140995205202,-0.09472478604224577,-0.0902377281701412,-0.08875048774436856
223,10.041247492240613,9.905435653754143,9.913640606424153,9.917765052423645,-0.13581183848646994,-0.1276068858164603,-0.12348243981696783
224,10.037493832383861,10.041247492240613,10.08147463918823,10.080614514105092,0.003753659856752023,0.043980806804368555,0.043120681721230625
225,10.025085524283615,10.041247492240613,10.114591711832471,10.114974051783166,0.016161967956998424,0.08950618754885653,0.08988852749955178
226,10.001203926042198,10.025085524283615,10.012616275587332,10.020232283144386,0.02388159824141667,0.011412349545134148,0.01902835710218831
227,10.002155724332829,10.025085524283615,10.001779316021564,10.012622825874523,0.022929799950786034,-0.000376408311264953,0.01046710154169439
228,10.01534193731027,10.002155724332829,10.00934602427604,10.009668299083618,-0.013186212977441159,-0.005995913034229972,-0.005673638226651789
229,10.04137817987557,10.002155724332829,10.015573496110393,10.017129350713875,-0.03922245554274184,-0.02580468376517686,-0.024248829161695795
230,10.074284623478128,10.04137817987557,10.069090086618148,10.069523226466055,-0.0329064436025579,-0.005194536859979948,-0.004761397012073232
231,10.117671082478827,10.04137817987557,10.091924259658859,10.097045832525696,-0.07629290260325661,-0.02574682281996843,-0.020625249953130975
232,10.167043414461599,10.117671082478827,10.161417497629492,10.161644186259858,-0.04937233198277191,-0.005625916832107336,-0.005399228201740769
233,10.2185902205639,10.117671082478827,10.19785989680984,10.198386116449779,-0.10091913808507336,-0.020730323754060365,-0.020204104114121435
234,10.231387437026681,10.2185902205639,10.26565029725748,10.26032744344668,-0.01279721646278098,0.03426286023079861,0.028940006419999165
235,10.216435244110384,10.2185902205639,10.305139002830437,10.291947524106481,0.0021549764535162552,0.08870375872005276,0.07551227999609722
236,10.184522582266116,10.216435244110384,10.196912285140405,10.197776260855639,0.03191266184426844,0.012389702874289199,0.013253678589522977
237,10.133646438744243,10.216435244110384,10.180225530194544,10.176638566807759,0.08278880536614075,0.046579091450301036,0.04299212806351527
238,10.097820021996219,10.133646438744243,10.086938011581525,10.087769763383639,0.03582641674802467,-0.01088201041469361,-0.01005025861257991
239,10.098766465702033,10.133646438744243,10.045842470989287,10.048509926739388,0.034879973042210466,-0.05292399471274578,-0.05025653896264437
240,10.107733666745874,10.098766465702033,10.110892243167093,10.103645927220557,-0.0089672010438413,0.0031585764212191947,-0.004087739525317602
241,10.13559084522181,10.098766465702033,10.121019931456482,10.11338401589712,-0.036824379519776684,-0.014570913765327376,-0.022206829324689537
242,10.191032115533917,10.13559084522181,10.165001728455515,10.168531894476661,-0.055441270312106994,-0.026030387078401773,-0.022500221057255132
243,10.244022951891711,10.13559084522181,10.18953762671336,10.200189811541062,-0.10843210666990188,-0.054485325178351474,-0.04383314035064956
244,10.277702762639334,10.244022951891711,10.286612245814576,10.2869118812499,-0.03367981074762305,0.008909483175241206,0.00920911861056517
245,10.287967334235157,10.244022951891711,10.322015359081353,10.322033746437674,-0.043944382343445554,0.03404802484619651,0.034066412202516716
246,10.28909003154804,10.287967334235157,10.285905168948608,10.287984242677826,-0.0011226973128835027,-0.0031848625994328472,-0.001105788870214397
247,10.264408469559651,10.287967334235157,10.282263280913444,10.282408463970834,0.02355886467550583,0.017854811353792854,0.017999994411182385
248,10.23232356440836,10.264408469559651,10.241813086251838,10.243765020220126,0.03208490515129192,0.009489521843478954,0.011441455811766588
249,10.201256085188918,10.264408469559651,10.222600143883835,10.22407508105673,0.06315238437073312,0.021344058694916512,0.02281899586781222
250,10.178236349576009,10.201256085188918,10.178109564865144,10.174698257397383,0.02301973561290893,-0.0001267847108650244,-0.0035380921786263286
251,10.15809101046861,10.201256085188918,10.159147966046184,10.15127050456639,0.04316507472030828,0.0010569555775745698,-0.006820505902219054
252,10.135630487647138,10.15809101046861,10.137422673851676,10.136153579875193,0.02246052282147204,0.0017921862045380266,0.0005230922280556882
253,10.105325748023,10.15809101046861,10.119831289241269,10.119562540369023,0.052765262445609196,0.014505541218268192,0.014236792346022042
254,10.0718369517632,10.105325748023,10.076224769943291,10.075692823189932,0.03348879625980139,0.00438781818009204,0.0038558714267331595
255,10.0715834020661,10.105325748023,10.05125822993617,10.052231378493493,0.03374234595690062,-0.02032517212992957,-0.01935202357260657
256,10.074368919187526,10.0715834020661,10.082305662230395,10.07438985617621,-0.00278551712142594,0.007936743042868954,2.0936988684994162e-05
257,10.103444356875002,10.0715834020661,10.091483476749092,10.082963831273794,-0.031860954808902164,-0.011960880125910123,-0.020480525601207944
258,10.141519716344089,10.103444356875002,10.129698961063157,10.129635292627324,-0.03807535946908658,-0.011820755280931294,-0.011884423716765014
259,10.167465898288674,10.103444356875002,10.151763856394702,10.156386455613363,-0.06402154141367156,-0.015702041893971952,-0.011079442675310247
260,10.180323518047112,10.167465898288674,10.197030489425401,10.192259201622507,-0.012857619758438688,0.016706971378289026,0.011935683575394762
261,10.182784568453469,10.167465898288674,10.221195289342868,10.212068548380007,-0.015318670164795378,0.038410720889398675,0.02928397992653764
262,10.169039040099914,10.182784568453469,10.178629134692107,10.175256703352737,0.013745528353554803,0.009590094592192955,0.006217663252822803
263,10.154362995588228,10.182784568453469,10.174952106465652,10.163901815247407,0.028421572865241274,0.020589110877423877,0.009538819659178799
264,10.141204395699798,10.154362995588228,10.1468344164806,10.147869341605944,0.013158599888429379,0.005630020780801104,0.006664945906145192
265,10.1241079233059,10.154362995588228,10.140598161361527,10.13956800634593,0.030255072282328044,0.01649023805562777,0.01546008304003088
266,10.118719892579001,10.1241079233059,10.104647614459672,10.102093801090087,0.005388030726898307,-0.014072278119328985,-0.016626091488914696
267,10.122301745689109,10.1241079233059,10.086636868963717,10.083363785362659,0.001806177616790805,-0.03566487672539154,-0.03893796032645014
268,10.130901970700984,10.122301745689109,10.124201244432722,10.123766490118504,-0.008600225011875295,-0.006700726268261903,-0.007135480582480369
269,10.136779434902152,10.122301745689109,10.125998271409339,10.12808429594138,-0.014477689213043377,-0.010781163492813661,-0.008695138960773008
270,10.157354276493178,10.136779434902152,10.149431477998611,10.146781722718842,-0.020574841591026072,-0.007922798494567118,-0.010572553774336413
271,10.19054442959399,10.136779434902152,10.159990608633954,10.156682979519044,-0.05376499469183749,-0.03055382096003534,-0.03386145007494612
272,10.212294906602857,10.19054442959399,10.223195935159435,10.218486289452088,-0.02175047700886701,0.01090102855657804,0.00619138284923082
273,10.231243339616583,10.19054442959399,10.250335920779468,10.241622241312749,-0.04069891002259318,0.01909258116288548,0.010378901696165954
274,10.245480237688719,10.231243339616583,10.249026008241005,10.244595238834288,-0.014236898072136128,0.0035457705522858873,-0.0008849988544312737
275,10.258080330270536,10.231243339616583,10.263904336639802,10.25290235593081,-0.026836990653952952,0.005824006369266499,-0.005177974339725111
276,10.256044027211113,10.258080330270536,10.265314479559963,10.267755572621951,0.002036303059423261,0.00927045234885071,0.011711545410838298
277,10.247396354945186,10.258080330270536,10.269312906207633,10.272241437237831,0.010683975325349593,0.021916551262446404,0.024845082292644705
278,10.233941716831778,10.247396354945186,10.241165849686118,10.239279858642211,0.013454638113408635,0.007224132854339871,0.005338141810433683
279,10.238315581044851,10.247396354945186,10.236388920114177,10.231249705571003,0.009080773900334904,-0.0019266609306747284,-0.007065875473848848
280,10.261266886411732,10.238315581044851,10.249901905473868,10.25087058532264,-0.02295130536688106,-0.011364980937864644,-0.010396301089093285
281,10.2747062219157,10.238315581044851,10.259155480618233,10.264786410012901,-0.036390640870848756,-0.015550741297467141,-0.009919811902799225
282,10.278630900757904,10.2747062219157,10.289936825048345,10.286019039512677,-0.003924678842203377,0.011305924290441638,0.007388138754773621
283,10.27698028140102,10.2747062219157,10.302827694184787,10.294990528100387,-0.0022740594853196683,0.0258474127837669,0.018010246699367016
284,10.259622350622351,10.27698028140102,10.275719096840293,10.273070539516226,0.017357930778668873,0.01609674621794177,0.013448188893875113
285,10.22662122471816,10.27698028140102,10.27463766325676,10.269283049069113,0.05035905668285956,0.048016438538599715,0.04266182435095267
286,10.20073621885712,10.22662122471816,10.200981943443601,10.199677663692764,0.025885005861040256,0.00024572458648108864,-0.0010585551643558233
287,10.169499004077514,10.22662122471816,10.17866841129859,10.175343481721594,0.05712222064064676,0.009169407221076398,0.00584447764408047
288,10.107407508882579,10.169499004077514,10.141934569406283,10.135511688620143,0.06209149519493451,0.03452706052370402,0.028104179737564294
289,10.099342123612667,10.169499004077514,10.11891466055143,10.107021283926356,0.0701568804648467,0.019572536938763818,0.007679160313688982
290,10.095635670147818,10.099342123612667,10.097218764958864,10.087542185951557,0.003706453464848991,0.0015830948110462373,-0.008093484196260547
291,10.085934101518234,10.099342123612667,10.095247331363709,10.082250080607958,0.013408022094433036,0.00931322984547478,-0.0036840209102759758
292,10.059935591412069,10.085934101518234,10.07479323416393,10.071996946260452,0.02599851010616483,0.014857642751861633,0.012061354848382777
293,10.031352923534023,10.085934101518234,10.065629517102352,10.060528444477944,0.05458117798421114,0.034276593568328906,0.029175520943921285
294,10.013507197574677,10.031352923534023,10.002105929609135,10.007686385638616,0.017845725959345415,-0.011401267965542417,-0.005820811936061432
295,10.00183855888308,10.031352923534023,9.978309566741274,9.988855192031753,0.029514364650943037,-0.023528992141805816,-0.012983366851326394
296,10.013283218359012,10.00183855888308,9.988893271425018,9.985590981793543,-0.01144465947593254,-0.024389946933993656,-0.027692236565469486
297,10.044075240845775,10.00183855888308,9.978310414510487,9.974525880734783,-0.042236681962695144,-0.06576482633528791,-0.069549360110992
298,10.076474005852402,10.044075240845775,10.06093214992854,10.063254085680168,-0.03239876500662753,-0.015541855923862258,-0.013219920172234723
299,10.103198696867215,10.044075240845775,10.07544448985215,10.081785844200745,-0.059123456021440646,-0.027754207015066257,-0.021412852666470528
300,10.099054336080103,10.103198696867215,10.129722455625316,10.126721188684414,0.004144360787112333,0.0306681195452132,0.027666852604310677
301,10.07886841165075,10.103198696867215,10.15254237882563,10.145020975615559,0.02433028521646463,0.07367396717488006,0.06615256396480795
302,10.054318442238712,10.07886841165075,10.04440656928634,10.042573216951176,0.02454996941203902,-0.009911872952372391,-0.011745225287535632
303,10.039677906986393,10.07886841165075,10.016560911064175,10.006931121347066,0.03919050466435792,-0.023116995922217498,-0.032746785639327314
304,10.022780558724111,10.039677906986393,10.017525385077375,10.019769869836797,0.016897348262281398,-0.005255173646736111,-0.0030106888873149273
305,9.98764486054285,10.039677906986393,9.998983043815597,10.003516755010104,0.05203304644354212,0.011338183272746605,0.0158718944672529
306,9.96425334085869,9.98764486054285,9.951900897500915,9.949803842800874,0.023391519684160755,-0.0123524433577753,-0.014449498057816257
307,9.953847911875076,9.98764486054285,9.922190405399558,9.918340621250783,0.033796948667774274,-0.03165750647551846,-0.035507290624293475
308,9.95041884722056,9.953847911875076,9.955350173461149,9.957251845353738,0.003429064654516978,0.004931326240589229,0.006832998133178947
309,9.934453131793008,9.953847911875076,9.957790748685335,9.965253819709504,0.019394780082068408,0.023337616892327162,0.030800687916496372
310,9.900182095527402,9.934453131793008,9.912562586671402,9.914873901435051,0.034271036265606014,0.012380491144000416,0.01469180590764907
311,9.860840977814656,9.934453131793008,9.89486866308198,9.896124860212257,0.07361215397835252,0.034027685267323804,0.03528388239760183
312,9.834887461043872,9.860840977814656,9.830554336219807,9.821412483129688,0.025953516770783835,-0.004333124824064782,-0.013474977914183839
313,9.809726172721653,9.860840977814656,9.805777187081027,9.788084670110369,0.05111480509300215,-0.00394898564062629,-0.021641502611284835
314,9.771726021353874,9.809726172721653,9.78605875337857,9.778502985705549,0.03800015136777901,0.014332732024696426,0.006776964351674408
315,9.72549660510262,9.809726172721653,9.766822135597806,9.755842521080904,0.08422956761903322,0.04132553049518606,0.030345915978283955
316,9.676837861892631,9.72549660510262,9.691499956089626,9.68577956101632,0.0486587432099892,0.014662094196994602,0.008941699123688807
317,9.657139343577324,9.72549660510262,9.663797810938794,9.654719753443004,0.06835726152529631,0.006658467361470244,-0.0024195901343198045
318,9.649240256170584,9.657139343577324,9.656196829528325,9.656774857957585,0.007899087406739724,0.006956573357740581,0.007534601787000383
319,9.659184203386292,9.657139343577324,9.657184369203842,9.658951127327438,-0.0020448598089686243,-0.001999834182450755,-0.00023307605885491967
320,9.705646184084136,9.659184203386292,9.681138818641362,9.674893954230656,-0.046461980697843686,-0.024507365442774542,-0.030752229853479918
321,9.747944236774778,9.659184203386292,9.70038193194409,9.69015249963294,-0.08876003338848548,-0.04756230483068791,-0.057791737141837274
322,9.770070439095775,9.747944236774778,9.783426387678405,9.784729596303897,-0.02212620232099738,0.013355948582630006,0.014659157208122053
323,9.773606631681607,9.747944236774778,9.812094628196448,9.815443978011757,-0.025662394906829533,0.03848799651484036,0.04183734633014957
324,9.767324127723256,9.773606631681607,9.76093412370331,9.75387551352646,0.006282503958351171,-0.006390004019946716,-0.013448614196796882
325,9.761001904239372,9.773606631681607,9.75040222099243,9.731972371974564,0.012604727442235841,-0.010599683246940828,-0.029029532264807756
326,9.755277525370941,9.761001904239372,9.748493477122224,9.743910885409989,0.005724378868430691,-0.006784048248716701,-0.01136663996095244
327,9.748411444632369,9.761001904239372,9.73799833817495,9.727114955881879,0.012590459607002558,-0.010413106457418664,-0.021296488750490283
328,9.74425732696557,9.748411444632369,9.740017528821303,9.748798094077998,0.00415411766679874,-0.004239798144267226,0.004540767112427346
329,9.735009727562824,9.748411444632369,9.733183307051695,9.748106448808297,0.013401717069545072,-0.0018264205111293563,0.01309672124547312
330,9.723822464203382,9.735009727562824,9.71816041905943,9.722384257069677,0.011187263359442312,-0.005662045143951744,-0.001438207133704239
331,9.711903228462988,9.735009727562824,9.704625249926298,9.712236370103987,0.02310649909983553,-0.0072779785366900995,0.00033314164099884636
332,9.702777967428895,9.711903228462988,9.699378562508587,9.699624525893785,0.009125261034093057,-0.0033994049203087684,-0.003153441535109991
333,9.69818391935025,9.711903228462988,9.689040250816685,9.688616719132938,0.013719309112738998,-0.009143668533564409,-0.009567200217311722
334,9.687071321971345,9.69818391935025,9.692076905603574,9.693329961090233,0.011112597378904354,0.00500558363222936,0.006258639118888354
335,9.683401821321155,9.69818391935025,9.687203749961148,9.690952169558209,0.01478209802909447,0.0038019286399926244,0.0075503482370535835
336,9.68053148364599,9.683401821321155,9.686228464912263,9.683463813082248,0.0028703376751657572,0.005696981266273937,0.0029323294362590957
337,9.669346247012376,9.683401821321155,9.688306384293089,9.684930366301383,0.014055574308779129,0.018960137280712885,0.015584119289007603
338,9.65701140089547,9.669346247012376,9.658775831335532,9.656819221715608,0.012334846116905496,0.0017644304400619149,-0.00019217917986225075
339,9.636718601664553,9.669346247012376,9.650722351375212,9.645880847531627,0.03262764534782292,0.014003749710658653,0.009162245867074148
340,9.60951909544164,9.636718601664553,9.612382014391786,9.612152742528142,0.027199506222913783,0.0028629189501465646,0.0026336470865029327
341,9.575122364808811,9.636718601664553,9.592204892393038,9.591195648212295,0.06159623685574189,0.017082527584227236,0.01607328340348424
342,9.536184905522312,9.575122364808811,9.535884402534107,9.538341288159117,0.038937459286499276,-0.0003005029882050536,0.0021563826368051764
343,9.508368736482108,9.575122364808811,9.502796024175408,9.506850956434064,0.06675362832670295,-0.005572712306699756,-0.0015177800480437043
344,9.458215559509576,9.508368736482108,9.479136625698793,9.477318965052888,0.05015317697253252,0.020921066189217186,0.019103405543312135
345,9.399803036921504,9.508368736482108,9.455335900310892,9.454816131754114,0.10856569956060369,0.0555328633893879,0.055013094832609966
346,9.348361669873556,9.399803036921504,9.349298657649616,9.349478348626226,0.051441367047948106,0.0009369877760594392,0.001116678752669742
347,9.306377560173125,9.399803036921504,9.307866790071373,9.308293868695513,0.09342547674837931,0.0014892298982474017,0.0019163085223876664
348,9.232101863757695,9.306377560173125,9.271224771489296,9.270697781410519,0.0742756964154303,0.039122907731600876,0.038595917652823886
349,9.171599543659752,9.306377560173125,9.242158908865706,9.24175608977972,0.13477801651337273,0.07055936520595374,0.0701565461199678
350,9.183277452426493,9.171599543659752,9.15660337393983,9.143585045211887,-0.011677908766740686,-0.026674078486662367,-0.03969240721460565
351,9.220884585851854,9.171599543659752,9.144264490491468,9.126451860261751,-0.049285042192101614,-0.07662009536038639,-0.09443272559010296
352,9.339524830357009,9.220884585851854,9.279449002952319,9.268920012039963,-0.11864024450515487,-0.060075827404689974,-0.07060481831704557
353,9.46187699779161,9.220884585851854,9.327003112404189,9.318417915996076,-0.2409924119397555,-0.13487388538742096,-0.1434590817955339
354,9.58045460278142,9.46187699779161,9.549203048786884,9.542484260577867,-0.11857760498981129,-0.03125155399453661,-0.037970342203554
355,9.645364282325891,9.46187699779161,9.621330859743953,9.609757484238298,-0.18348728453428187,-0.024033422581938524,-0.035606798087593816
356,9.678216740205745,9.645364282325891,9.684889141461671,9.674625942532508,-0.03285245787985325,0.006672401255926275,-0.0035907976732367786
357,9.760194382709651,9.645364282325891,9.717162488182415,9.688773866279856,-0.11483010038375951,-0.04303189452723544,-0.07142051642979474
358,9.796625910752034,9.760194382709651,9.804331721126356,9.815254159133607,-0.036431528042383476,0.007705810374321942,0.018628248381572732
359,9.76864100976636,9.760194382709651,9.840593518521608,9.857972387239,-0.008446627056709843,0.07195250875524728,0.08933137747263942
360,9.715771471424866,9.76864100976636,9.73364279076675,9.745020543377718,0.052869538341495215,0.017871319341884018,0.029249071952852645
361,9.733292175540013,9.76864100976636,9.704385737746218,9.71865703848378,0.03534883422634749,-0.028906437793795092,-0.014635137056233205
362,9.73228396147602,9.733292175540013,9.762128050608899,9.748275453065428,0.001008214063993762,0.029844089132879503,0.015991491589408824
363,9.719985298994011,9.733292175540013,9.785554792590215,9.761521162123458,0.013306876546002044,0.0655694935962039,0.04153586312944668
364,9.718542557535459,9.719985298994011,9.72632027058235,9.71891143821268,0.0014427414585522769,0.007777713046891677,0.000368880677221739
365,9.716615658643356,9.719985298994011,9.731706333355291,9.71887192128016,0.003369640350655345,0.015090674711935037,0.0022562626368038963
366,9.71992522630604,9.716615658643356,9.713435878317656,9.718504868191117,-0.0033095676626846426,-0.006489347988384964,-0.0014203581149239142
367,9.73299574749575,9.716615658643356,9.710651740600426,9.721914287322326,-0.016380088852393726,-0.022344006895323787,-0.011081460173423707
368,9.7544653661431,9.73299574749575,9.738575937591717,9.742773787350568,-0.021469618647349975,-0.015889428551382423,-0.011691578792531132
369,9.764570253349458,9.73299574749575,9.743682200537751,9.750936669384044,-0.031574505853708246,-0.02088805281170636,-0.013633583965413365
370,9.764512800245539,9.764570253349458,9.767334323428848,9.7617893204773,5.7453103918803095e-05,0.0028215231833090826,-0.0027234797682389456
371,9.77854771798028,9.764570253349458,9.769510239764145,9.759590762876279,-0.013977464630821501,-0.009037478216134431,-0.018956955104000528
372,9.826120428959685,9.77854771798028,9.800614352459103,9.803068025614055,-0.04757271097940574,-0.025506076500581898,-0.023052403345630523
373,9.838842359042596,9.77854771798028,9.818555482964763,9.824330712917858,-0.060294641062316856,-0.02028687607783297,-0.01451164612473832
374,9.840547752762253,9.838842359042596,9.841179382609278,9.846147693077379,-0.0017053937196571667,0.000631629847024584,0.005599940315125451
375,9.836920308264014,9.838842359042596,9.84279985604106,9.849552657657819,0.001922050778581763,0.0058795477770452464,0.012632349393804532
376,9.821572259334861,9.836920308264014,9.825146114268673,9.830409948703995,0.015348048929153535,0.003573854933812015,0.008837689369133983
377,9.79740455372797,9.836920308264014,9.814724181442536,9.821066641997117,0.039515754536044057,0.0173196277145653,0.02366208826914651
378,9.767667829393593,9.79740455372797,9.773234626848236,9.773225064684764,0.02973672433437713,0.005566797454642725,0.0055572352911710254
379,9.763823105408154,9.79740455372797,9.753349280968761,9.750733898000881,0.03358144831981669,-0.010473824439392487,-0.013089207407272596
380,9.767667829393593,9.763823105408154,9.769445255923737,9.764885124761642,-0.0038447239854395576,0.0017774265301433445,-0.0027827046319508497
381,9.791661737353872,9.763823105408154,9.776677789049106,9.768681236309012,-0.027838631945718006,-0.014983948304765349,-0.02298050104485938
382,9.805819595357969,9.791661737353872,9.820066812158583,9.815153189542507,-0.01415785800409708,0.014247216800614027,0.00933359418453783
383,9.804329981002908,9.791661737353872,9.844145030012756,9.838921864433985,-0.012668243649036626,0.03981504900984767,0.03459188343107655
384,9.795735290041897,9.804329981002908,9.798361957101427,9.800564144476176,0.008594690961011509,0.0026266670595305186,0.004828854434279606
385,9.780359005054978,9.804329981002908,9.793465838091754,9.795287853523126,0.02397097594793074,0.013106833036776067,0.014928848468148459
386,9.75944395695215,9.780359005054978,9.759053358762616,9.753216089743606,0.020915048102827072,-0.0003905981895346855,-0.006227867208544069
387,9.72489901933128,9.780359005054978,9.739827407346201,9.72764933995325,0.05545998572369726,0.014928388014920912,0.002750320621970559
388,9.665484138314895,9.72489901933128,9.685921576536542,9.690063854580886,0.05941488101638548,0.020437438221646786,0.024579716265991536
389,9.616738378132947,9.72489901933128,9.653445752646451,9.661160498693574,0.10816064119833335,0.036707374513504476,0.04442212056062722
390,9.572689189010719,9.616738378132947,9.576695408463314,9.57296448061796,0.04404918912222833,0.004006219452595161,0.0002752916072417122
391,9.54180006677385,9.616738378132947,9.543852244285924,9.538079618172263,0.07493831135909623,0.0020521775120734276,-0.0037204486015873783
392,9.53336545669996,9.54180006677385,9.518685302753656,9.52079673990811,0.008434610073891236,-0.014680153946303065,-0.0125687167918489
393,9.543879740512757,9.54180006677385,9.500559756242495,9.509339066462609,-0.0020796737389066067,-0.04331998427026207,-0.03454067405014882
394,9.544166252942194,9.543879740512757,9.546226326072118,9.546647793723285,-0.00028651242943666944,0.002060073129923623,0.00248154078109053
395,9.541728276688032,9.543879740512757,9.54863668994477,9.554558015311,0.0021514638247257523,0.006908413256738299,0.01282973862296899
396,9.52427481557203,9.541728276688032,9.537140938541555,9.531598348490085,0.01745346111600199,0.012866122969525051,0.007323532918055875
397,9.505320746909074,9.541728276688032,9.533415564522652,9.524855819726408,0.036407529778957226,0.028094817613578016,0.0195350728173338
398,9.490846760678867,9.505320746909074,9.498691095303105,9.494921475285084,0.014473986230207458,0.007844334624238058,0.004074714606217
399,9.502935356288608,9.505320746909074,9.493187561374077,9.4837317964812,0.0023853906204660547,-0.009747794914531482,-0.01920355980740851
400,9.5227394469648,9.502935356288608,9.52075812578739,9.51849664916183,-0.019804090676192487,-0.0019813211774106776,-0.004242797802969989
401,9.532061486651386,9.502935356288608,9.536211336865057,9.533069492727295,-0.029126130362778113,0.004149850213670092,0.001008006075908341
402,9.536762272743895,9.532061486651386,9.53485876491798,9.538701902052242,-0.004700786092508125,-0.001903507825915085,0.00193962930834779
403,9.51148146411212,9.532061486651386,9.537683578224405,9.54343640113941,0.020580022539267162,0.026202114112285457,0.03195493702729024
404,9.47324295306374,9.51148146411212,9.477889346941012,9.485538490644837,0.0382385110483785,0.004646393877271393,0.012295537581096028
405,9.441531454869693,9.51148146411212,9.449473233404706,9.460037372185779,0.06995000924242589,0.0079417785350131,0.01850591731608553
406,9.403189650656792,9.441531454869693,9.415074235489698,9.426125149801976,0.038341804212901565,0.011884584832905887,0.022935499145184224
407,9.379576689221482,9.441531454869693,9.393681868432147,9.412247023847797,0.06195476564821156,0.014105179210664787,0.03267033462631552
408,9.390492911485296,9.379576689221482,9.362768540401126,9.355910222420079,-0.01091622226381439,-0.027724371084170585,-0.034582689065217664
409,9.40360186880847,9.379576689221482,9.35053805393324,9.339058996423498,-0.0240251795869888,-0.053063814875230264,-0.06454287238497258
410,9.423999084079178,9.40360186880847,9.416729648353524,9.424958907949865,-0.020397215270707036,-0.00726943572565375,0.0009598238706871598
411,9.455323689894849,9.40360186880847,9.42744776551836,9.444925318632027,-0.05172182108637813,-0.027875924376488115,-0.010398371262821726
412,9.479298235429683,9.455323689894849,9.464450815963906,9.462427333777715,-0.023974545534834135,-0.014847419465777278,-0.01687090165196814
413,9.490091074101683,9.455323689894849,9.471333627794593,9.46596296763365,-0.034767384206833896,-0.018757446307089864,-0.024128106468031874
414,9.50338305067006,9.490091074101683,9.4943305212995,9.495182758607708,-0.013291976568376995,-0.009052529370560336,-0.008200292062351622
415,9.516058806914062,9.490091074101683,9.497562251715706,9.496511209770821,-0.025967732812379296,-0.01849655519835558,-0.019547597143240836
416,9.517751539608959,9.516058806914062,9.52415085516226,9.528013475316575,-0.0016927326948970034,0.006399315553300866,0.010261935707616132
417,9.518853954007897,9.516058806914062,9.531018157622826,9.537129979257932,-0.002795147093834771,0.012164203614929647,0.018276025250035133
418,9.517163087955346,9.518853954007897,9.527382470415269,9.531270306503213,0.0016908660525505326,0.010219382459922599,0.014107218547867006
419,9.506957408485542,9.518853954007897,9.534674822236319,9.53938513257865,0.011896545522354529,0.027717413750776743,0.03242772409310746
420,9.500319803476646,9.506957408485542,9.499212763244588,9.500624611997244,0.006637605008895875,-0.0011070402320587647,0.0003048085205978879
421,9.506734385029985,9.506957408485542,9.492959075087215,9.492764188842088,0.00022302345555758052,-0.013775309942769098,-0.013970196187896633
422,9.516942329280473,9.506734385029985,9.519097320731458,9.518815467485089,-0.010207944250488765,0.0021549914509844115,0.0018731382046155431
423,9.512886426076506,9.506734385029985,9.529159795605953,9.529847021915614,-0.006152041046521006,0.016273369529447024,0.016960595839108805
424,9.508368736482108,9.512886426076506,9.50207504866267,9.502265582229404,0.004517689594397467,-0.006293687819438176,-0.006103154252704357
425,9.492431846114718,9.512886426076506,9.493216787389521,9.492143045359967,0.0204545799617879,0.0007849412748033302,-0.00028880075475079536
426,9.475930197953147,9.492431846114718,9.488757885682393,9.486526832912967,0.016501648161570515,0.012827687729245696,0.01059663495981944
427,9.45203086057697,9.492431846114718,9.485554620882967,9.480090951019374,0.0404009855377474,0.033523760305996575,0.028060090442403762
428,9.431642228411022,9.45203086057697,9.425924849498722,9.428803612810222,0.02038863216594855,-0.005717378912299509,-0.0028386156007993435
429,9.359449794564023,9.45203086057697,9.405054701536836,9.410226000021883,0.09258106601294713,0.04560490697281239,0.05077620545785955
430,9.311451873344593,9.359449794564023,9.304857618439282,9.303669833155089,0.04799792121943014,-0.006594254905310848,-0.007782040189503903
431,9.27331517113757,9.359449794564023,9.260307725819795,9.256835161505435,0.08613462342645306,-0.013007445317775534,-0.016480009632134696
432,9.245417898588878,9.27331517113757,9.248826432356106,9.244457615527626,0.027897272548692342,0.0034085337672280502,-0.0009602830612518432
433,9.201904893155081,9.27331517113757,9.228812207650503,9.223270950546798,0.07141027798248878,0.026907314495421275,0.02136605739171671
434,9.145161645951188,9.201904893155081,9.16589738303481,9.1615667352634,0.05674324720389379,0.02073573708362275,0.01640508931221163
435,9.082620630373812,9.201904893155081,9.136578749713417,9.130827740906446,0.11928426278126913,0.05395811933960459,0.04820711053263338
436,9.038483865029992,9.082620630373812,9.03923598642356,9.033711989784994,0.04413676534382027,0.0007521213935675064,-0.004771875244998114
437,9.021839764105513,9.082620630373812,9.003523313084044,8.997416441339263,0.06078086626829915,-0.018316451021469504,-0.02442332276624981
438,9.031572493381525,9.021839764105513,9.015078258785193,9.008169571716035,-0.009732729276011653,-0.01649423459633148,-0.02340292166548963
439,9.028338763993148,9.021839764105513,9.009497401960317,9.000933987343828,-0.006498999887634582,-0.01884136203283049,-0.02740477664931973
440,9.024613022047395,9.028338763993148,9.0256274467324,9.023042799683925,0.003725741945752148,0.001014424685005011,-0.001570222363470819
441,9.012864567410551,9.028338763993148,9.02492637009097,9.022688804272338,0.015474196582596633,0.01206180268041912,0.009824236861787128
442,8.998631198287637,9.012864567410551,9.013223808113848,9.00176607469121,0.014233369122914397,0.014592609826211245,0.003134876403573017
443,8.984317679911129,9.012864567410551,9.014665645502093,8.990870820057575,0.028546887499421914,0.03034796559096442,0.006553140146445813
444,8.984944285608679,8.984317679911129,8.970127919456655,8.9671160118567,-0.0006266056975494649,-0.014816366152023974,-0.01782827375197904
445,8.996280439395015,8.984317679911129,8.95918557654533,8.951845015891884,-0.011962759483886032,-0.03709486284968477,-0.04443542350313123
446,9.005895898094456,8.996280439395015,9.000096520371006,9.005571291528428,-0.009615458699441248,-0.005799377723450405,-0.0003246065660285069
447,9.01274272762971,8.996280439395015,9.003219141932863,9.014520623428185,-0.01646228823469542,-0.009523585696847192,0.001777895798474205
448,9.003070169818264,9.01274272762971,9.011223740370674,9.007939669406406,0.009672557811446936,0.008153570552410727,0.004869499588142645
449,8.97790377375038,9.01274272762971,9.008918770038342,9.003827017275334,0.03483895387932989,0.03101499628796134,0.025923243524953676
450,8.930361883909434,8.97790377375038,8.962696496538092,8.967123375709729,0.04754188984094654,0.032334612628657666,0.036761491800294976
451,8.87066300440602,8.97790377375038,8.950456136490072,8.955990728060009,0.10724076934435978,0.07979313208405081,0.08532772365398777
452,8.828054536815424,8.87066300440602,8.823697595764248,8.833153109695113,0.04260846759059689,-0.004356941051176122,0.005098572879688845
453,8.774931387494945,8.87066300440602,8.78518304835385,8.799075130822418,0.09573161691107579,0.010251660858905609,0.024143743327472933
454,8.75904072752422,8.774931387494945,8.739443621561852,8.734854881529735,0.015890659970725807,-0.019597105962366967,-0.024185845994484367
455,8.765458531504226,8.774931387494945,8.709900668899234,8.703320859423803,0.009472855990718898,-0.05555786260499218,-0.0621376720804232
456,8.770749549138642,8.765458531504226,8.77903308571955,8.7670747825464,-0.005291017634416306,0.00828353658090819,-0.0036747665922423067
457,8.768418726857403,8.765458531504226,8.790706750859815,8.773512775368822,-0.002960195353177042,0.022288024002412143,0.005094048511418592
458,8.747510946478448,8.768418726857403,8.75606628106527,8.750992821809929,0.020907780378955465,0.008555334586821672,0.0034818753314809214
459,8.722091302389096,8.768418726857403,8.746760816984944,8.735554290848425,0.0463274244683074,0.024669514595847986,0.01346298845932914
460,8.70317470904168,8.722091302389096,8.697844447740566,8.696793292456885,0.018916593347416466,-0.005330261301113026,-0.006381416584794408
461,8.693831965074693,8.722091302389096,8.678053216222672,8.67455225214756,0.028259337314402444,-0.01577874885202135,-0.019279712927133374
462,8.74017672992908,8.693831965074693,8.684592292942112,8.683452894918236,-0.04634476485438732,-0.05558443698696891,-0.056723835010844326
463,8.884748726451182,8.693831965074693,8.67692845435308,8.676331066482119,-0.1909167613764886,-0.20782027209810217,-0.20841765996906325
464,9.125218118559348,8.884748726451182,8.95726003753291,8.966925450201101,-0.24046939210816554,-0.1679580810264376,-0.1582926683582464
465,9.220587688427733,8.884748726451182,9.016308261382651,9.0383644843691,-0.3358389619765507,-0.20427942704508162,-0.18222320405863357
466,9.260748274520028,9.220587688427733,9.274468518920083,9.285427289556687,-0.04016058609229489,0.013720244400055037,0.024679015036658924
467,9.345657668923812,9.220587688427733,9.317426044106934,9.33281630358239,-0.12506998049607887,-0.028231624816877243,-0.012841365341420996
468,9.417191926513414,9.345657668923812,9.394839243868391,9.40371455785591,-0.07153425758960275,-0.02235268264502288,-0.013477368657504485
469,9.446992273315184,9.345657668923812,9.435263674552422,9.449172012953262,-0.1013346043913721,-0.011728598762761777,0.002179739638078715
470,9.453364978883542,9.446992273315184,9.451659270567195,9.461063109553233,-0.006372705568358228,-0.0017057083163471987,0.007698130669691494
471,9.465292619805044,9.446992273315184,9.453683536691806,9.467400197510518,-0.018300346489860786,-0.011609083113238938,0.002107577705473318
472,9.463663891791525,9.465292619805044,9.463492294294605,9.473173080338123,0.0016287280135198756,-0.00017159749691941784,0.009509188546598324
473,9.471858124407284,9.465292619805044,9.46164702010841,9.477810103929704,-0.006565504602239258,-0.010211104298873508,0.005951979522420103
474,9.49408972140025,9.471858124407284,9.490235528999316,9.481888024301455,-0.02223159699296673,-0.003854192400934764,-0.012201697098795705
475,9.513994213937663,9.471858124407284,9.504898431744213,9.489353100429682,-0.04213608953037884,-0.009095782193449864,-0.024641113507980705
476,9.531336323457896,9.513994213937663,9.533489457191783,9.533037549871388,-0.01734210952023396,0.002153133733886037,0.0017012264134912414
477,9.571435532348406,9.513994213937663,9.54937675907713,9.54856836192063,-0.05744131841074385,-0.02205877327127581,-0.02286717042777653
478,9.58713161949974,9.571435532348406,9.599341655090361,9.599474282219676,-0.015696087151333415,0.012210035590621615,0.012342662719936115
479,9.573593631275036,9.571435532348406,9.622104261506795,9.623219664316606,-0.002158098926630103,0.04851063023175861,0.04962603304156943
480,9.559094025166905,9.573593631275036,9.565581797145015,9.564658977360956,0.014499606108131502,0.006487771978109791,0.005564952194051287
481,9.542087175590064,9.573593631275036,9.559107744381603,9.555577790584682,0.03150645568497268,0.017020568791538793,0.0134906149946179
482,9.51657428982249,9.542087175590064,9.518822933760251,9.521329653120153,0.025512885767573934,0.0022486439377615852,0.004755363297663351
483,9.481740611853681,9.542087175590064,9.499654486782555,9.502609108832875,0.06034656373638292,0.017913874928874307,0.020868496979193907
484,9.466841326944389,9.481740611853681,9.453270155685978,9.452091358161187,0.014899284909292376,-0.013571171258410786,-0.01474996878320134
485,9.458215559509576,9.481740611853681,9.430139009771976,9.428028653742397,0.02352505234410529,-0.028076549737599876,-0.030186905767179084
486,9.453208116138121,9.458215559509576,9.453322710705372,9.453637517722633,0.005007443371454201,0.00011459456725049222,0.00042940158451187926
487,9.45053767785622,9.458215559509576,9.449685920829467,9.45204583312746,0.007677881653355811,-0.0008517570267532193,0.0015081552712405966
488,9.47654341275084,9.45053767785622,9.44677310694564,9.445163620593233,-0.026005734894619437,-0.029770305805199015,-0.031379792157606445
489,9.494466128225186,9.45053767785622,9.443844153513794,9.44184230936236,-0.04392845036896631,-0.05062197471139207,-0.052623818862826965
490,9.501665799342762,9.494466128225186,9.498338543918038,9.498894012584778,-0.00719967111757569,-0.003327255424723674,-0.0027717867579841737
491,9.520468633257794,9.494466128225186,9.501674459928115,9.502003440448911,-0.026002505032607814,-0.018794173329679253,-0.01846519280888259
492,9.559658319461345,9.520468633257794,9.541622519552146,9.54091695757827,-0.03918968620355123,-0.018035799909199568,-0.01874136188307496
493,9.614337736809311,9.520468633257794,9.558839398459074,9.5568147109537,-0.09386910355151734,-0.055498338350236764,-0.057523025855610754
494,9.637240760804412,9.614337736809311,9.6550260834309,9.650753333087266,-0.02290302399510047,0.01778532262648902,0.013512572282854407
495,9.63776264743639,9.614337736809311,9.687954610983372,9.679848990782085,-0.023424910627078077,0.05019196354698252,0.042086343345696164
496,9.614204198717372,9.63776264743639,9.614594916479593,9.62735389943081,0.023558448719017022,0.00039071776222066035,0.013149700713437795
497,9.574149804815514,9.63776264743639,9.595822547043378,9.611970798272377,0.0636128426208753,0.02167274222786375,0.037820993456863405
498,9.545454543987825,9.574149804815514,9.54259982606096,9.544270852341533,0.02869526082768914,-0.0028547179268656464,-0.001183691646291507
499,9.52806656577634,9.574149804815514,9.517054380310663,9.517077960650832,0.04608323903917366,-0.011012185465677504,-0.010988605125508144
500,9.50747760319872,9.52806656577634,9.512919562944194,9.513968441933526,0.020588962577621217,0.005441959745475344,0.006490838734807269
501,9.515911477263703,9.52806656577634,9.50069586677299,9.5050920760157,0.012155088512637136,-0.015215610490713516,-0.010819401248003402
502,9.52937575208596,9.515911477263703,9.533328631744926,9.534598090066401,-0.013464274822256428,0.003952879658966069,0.005222337980441694
503,9.53885243891622,9.515911477263703,9.547795472922491,9.554228223135034,-0.022940961652516023,0.008943034006271944,0.015375784218814914
504,9.536040511615484,9.53885243891622,9.549326798195196,9.546546270649182,0.0028119273007352064,0.01328628657971187,0.010505759033698325
505,9.522593098362169,9.53885243891622,9.557862928325175,9.554852313464458,0.01625934055405054,0.035269829963006316,0.03225921510228957
506,9.504873919377065,9.522593098362169,9.507303257172758,9.502821858620162,0.017719178985103667,0.0024293377956929874,-0.002052060756902563
507,9.485696794737326,9.522593098362169,9.495054406515061,9.483103309939741,0.036896303624843085,0.009357611777735642,-0.0025934847975843667
508,9.46792399660393,9.485696794737326,9.469809850052837,9.469526539382374,0.01777279813339483,0.0018858534489059053,0.0016025427784427393
509,9.451716691551452,9.485696794737326,9.455607657598962,9.454320657475787,0.033980103185873745,0.0038909660475106023,0.0026039659243348723
510,9.435561763085358,9.451716691551452,9.43676433305773,9.435070265826978,0.016154928466093565,0.001202569972372558,-0.0004914972583804911
511,9.416866617466955,9.451716691551452,9.424544936595272,9.421602466324256,0.03485007408449725,0.007678319128316957,0.00473584885730105
512,9.407222080101466,9.416866617466955,9.395125529621849,9.391847239290136,0.009644537365488759,-0.012096550479617107,-0.015374840811329449
513,9.402117087540892,9.416866617466955,9.377635362917614,9.373041268459817,0.014749529926062266,-0.024481724623278467,-0.029075819081075593
514,9.392411897514927,9.402117087540892,9.406740941196968,9.407568928016296,0.009705190025965038,0.014329043682041132,0.015157030501368851
515,9.365033761652663,9.402117087540892,9.411494275310517,9.414897960389887,0.03708332588822927,0.04646051365785375,0.049864198737223475
516,9.331052447138445,9.365033761652663,9.33293083264078,9.332515109902747,0.03398131451421804,0.0018783855023354334,0.0014626627643021806
517,9.301551252029567,9.365033761652663,9.306315520411072,9.303230888350917,0.0634825096230962,0.004764268381505232,0.0016796363213504861
518,9.258368340986763,9.301551252029567,9.26710406485224,9.266618528692442,0.043182911042803696,0.008735723865477496,0.008250187705678869
519,9.211040127090456,9.301551252029567,9.239763971157146,9.238194710517373,0.09051112493911084,0.028723844066689708,0.0271545834269169
520,9.187685681411375,9.211040127090456,9.173401099030713,9.17166445680742,0.023354445679080627,-0.01428458238066277,-0.016021224603955275
521,9.17626639164243,9.211040127090456,9.143221705134915,9.142203092900338,0.03477373544802553,-0.03304468650751602,-0.03406329874209213
522,9.174298600628918,9.17626639164243,9.170911716402346,9.173624460180545,0.001967791013512965,-0.0033868842265718513,-0.0006741404483729951
523,9.166910814048846,9.17626639164243,9.16691812743024,9.177356995659112,0.00935557759358474,7.313381393814211e-06,0.010446181610266336
524,9.139595967450425,9.166910814048846,9.151889799974011,9.145977416645225,0.027314846598420317,0.012293832523585735,0.006381449194799771
525,9.097843340749037,9.166910814048846,9.139703498052624,9.129939905718782,0.06906747329980867,0.04186015730358683,0.03209656496974489
526,9.075207697984686,9.097843340749037,9.052016194583127,9.058626407364299,0.02263564276435126,-0.023191503401559288,-0.016581290620386824
527,9.044875932248651,9.097843340749037,9.014922895742583,9.025079575579419,0.05296740850038617,-0.029953036506068287,-0.019796356669232296
528,8.995784837848506,9.044875932248651,9.007650473488843,9.003317445604212,0.04909109440014525,0.011865635640337047,0.007532607755706522
529,8.978912601074276,9.044875932248651,8.97652630613706,8.97138733839221,0.06596333117437503,-0.0023862949372155384,-0.007525262682065659
530,8.978786553302003,8.978912601074276,8.977205714884729,8.970834836321556,0.00012604777227309683,-0.0015808384172739665,-0.007951716980446832
531,8.999372396592106,8.978912601074276,8.976382439551728,8.967918458249633,-0.02045979551783006,-0.022989957040378428,-0.03145393834247301
532,9.063810579280286,8.999372396592106,9.037053081203393,9.041011959302121,-0.06443818268818013,-0.026757498076893427,-0.02279861997816468
533,9.095602694505759,8.999372396592106,9.06846731807423,9.079231554666167,-0.09623029791365312,-0.027135376431528968,-0.01637113983959182
534,9.102309627762477,9.095602694505759,9.103791106640998,9.100999940165627,-0.006706933256717562,0.0014814788785209032,-0.0013096875968496846
535,9.102755161296246,9.095602694505759,9.110271671946894,9.100727218121527,-0.007152466790486756,0.007516510650647845,-0.0020279431747187715
536,9.100413892597578,9.102755161296246,9.09453857001484,9.102482011042222,0.002341268698668131,-0.0058753225827370414,0.0020681184446438294
537,9.10063710688422,9.102755161296246,9.087290226925612,9.097868012046744,0.0021180544120262823,-0.013346879958607616,-0.00276909483747545
538,9.119320973589014,9.10063710688422,9.108745648524152,9.111724001149568,-0.018683866704794383,-0.010575325064861474,-0.007596972439445793
539,9.140132476932687,9.10063710688422,9.115451078045751,9.120756698086993,-0.03949537004846704,-0.024681398886935213,-0.01937577884569386
540,9.148677711584076,9.140132476932687,9.163796456234001,9.164185164910641,-0.008545234651389677,0.01511874464992502,0.015507453326565113
541,9.13043098874788,9.140132476932687,9.183074624366734,9.18435745182011,0.009701488184806095,0.052643635618853324,0.053926463072230035
542,9.113939597689829,9.13043098874788,9.114701215999473,9.116597039817313,0.016491391058051974,0.0007616183096441631,0.0026574421274840887
543,9.096835671179361,9.13043098874788,9.101902020497663,9.100944142239813,0.03359531756851908,0.005066349318301633,0.004108471060451535
544,9.082847851460906,9.096835671179361,9.081533859429383,9.082360901516244,0.013987819718455086,-0.00131399203152327,-0.00048694994466202957
545,9.06843112579349,9.096835671179361,9.069141950611183,9.069174640647203,0.02840454538587167,0.0007108248176930232,0.0007435148537133784
546,9.0432226489245,9.06843112579349,9.053343081382417,9.045588238978043,0.02520847686898975,0.010120432457917161,0.0023655900535430874
547,9.010669176847115,9.06843112579349,9.040894497850969,9.02713810804349,0.057761948946374986,0.030225321003854333,0.016468931196374825
548,8.99118884193151,9.010669176847115,8.972005118586225,8.971093391530744,0.019480334915604303,-0.01918372334528584,-0.02009545040076688
549,8.979290649090876,9.010669176847115,8.940721490622957,8.938503151415567,0.03137852775623884,-0.03856915846791864,-0.04078749767530887
550,8.961109485898655,8.979290649090876,8.991511882484104,8.987252710111777,0.01818116319222085,0.03040239658544941,0.026143224213122096
551,8.907476977528738,8.979290649090876,9.002920757467166,8.997007181095288,0.07181367156213803,0.09544377993842801,0.08953020356655017
552,8.909235279192261,8.907476977528738,8.87414599370579,8.873069374253614,-0.0017583016635231985,-0.035089285486471056,-0.03616590493864713
553,8.924789360533355,8.907476977528738,8.847786655399538,8.845674837491472,-0.017312383004616905,-0.07700270513381646,-0.07911452304188238
554,8.939843124278502,8.924789360533355,8.932823555379956,8.932251913806407,-0.015053763745147108,-0.007019568898545714,-0.007591210472094545
555,8.975503722070927,8.924789360533355,8.938963211161479,8.941486832955844,-0.05071436153757247,-0.03654051090944854,-0.03401688911508316
556,9.040500592684284,8.975503722070927,9.006284824020407,9.017528324806113,-0.06499687061335635,-0.0342157686638771,-0.022972267878170527
557,9.056023011591826,8.975503722070927,9.031393858260524,9.052791031515426,-0.0805192895208986,-0.024629153331302334,-0.0032319800764000206
558,9.04981944514108,9.056023011591826,9.056593491772684,9.058823760571393,0.006203566450745157,0.006774046631603525,0.009004315430312104
559,9.038365107236372,9.056023011591826,9.05680174597888,9.056793589286897,0.017657904355454335,0.018436638742509004,0.01842848205052583
560,9.003808086467169,9.038365107236372,9.0139948056757,9.019281108969949,0.03455702076920275,0.01018671920853187,0.015473022502780154
561,8.936429703608319,9.038365107236372,8.993758932123464,9.000840289957775,0.10193540362805287,0.05732922851514566,0.06441058634945662
562,8.877242435993919,8.936429703608319,8.883776599099987,8.876906640397342,0.05918726761439963,0.006534163106067581,-0.00033579559657681557
563,8.851377097519437,8.936429703608319,8.84114332065808,8.825518353608773,0.08505260608888143,-0.010233776861356958,-0.025858743910664117
564,8.83200393125627,8.851377097519437,8.832069171998938,8.833332295987935,0.019373166263166652,6.524074266778257e-05,0.001328364731664422
565,8.812545770172237,8.851377097519437,8.816445177441503,8.823247483068014,0.03883132734720007,0.0038994072692659643,0.010701712895777149
566,8.84043543926657,8.812545770172237,8.804696827749389,8.80118144219998,-0.027889669094331992,-0.035738611517180274,-0.03925399706658972
567,8.889859587773016,8.812545770172237,8.798223333192269,8.797806805240713,-0.07731381760077838,-0.09163625458074698,-0.09205278253230276
568,8.914357274485015,8.889859587773016,8.927824791621676,8.935296786568754,-0.024497686711999478,0.013467517136660945,0.02093951208373923
569,8.939580966720309,8.889859587773016,8.958508383866556,8.977969438674391,-0.049721378947293005,0.018927417146247905,0.03838847195408235
570,8.983565234427923,8.939580966720309,8.983475664076362,8.985468783664382,-0.04398426770761432,-8.957035156065274e-05,0.001903549236459412
571,9.036582045842716,8.939580966720309,9.019226384621556,9.021648819115882,-0.09700107912240696,-0.017355661221159835,-0.014933226726833837
572,9.06808532439531,9.036582045842716,9.082592450696916,9.082395817077972,-0.03150327855259505,0.014507126301605666,0.014310492682660936
573,9.089753408987065,9.036582045842716,9.12024431121937,9.118629295320106,-0.053171363144349115,0.030490902232305217,0.028875886333041834
574,9.109082539901955,9.089753408987065,9.103269764266955,9.109070193839507,-0.019329130914890413,-0.005812775635000378,-1.2346062447932127e-05
575,9.1503780308035,9.089753408987065,9.113916484994359,9.122612764324591,-0.060624621816435464,-0.03646154580914107,-0.027765266478908757
576,9.186252576447092,9.1503780308035,9.177875294418074,9.173138203642146,-0.03587454564359227,-0.008377282029018218,-0.013114372804945873
577,9.23921933152656,9.1503780308035,9.199634948734582,9.18990480412616,-0.08884130072305929,-0.03958438279197729,-0.049314527400399655
578,9.278092474027002,9.23921933152656,9.281927911655915,9.281877654909156,-0.03887314250044227,0.003835437628913141,0.003785180882154293
579,9.300638009956963,9.23921933152656,9.31780670744103,9.317477276603471,-0.06141867843040316,0.017168697484066797,0.016839266646508477
580,9.339085327866744,9.300638009956963,9.31672021943002,9.321217913669466,-0.03844731790978173,-0.022365108436725123,-0.01786741419727811
581,9.395823592107716,9.300638009956963,9.32959309419532,9.333642109874296,-0.09518558215075323,-0.06623049791239666,-0.06218148223342013
582,9.422706050118514,9.395823592107716,9.433237241257565,9.43566296263415,-0.026882458010797805,0.010531191139051543,0.012956912515637242
583,9.436678814186912,9.395823592107716,9.463302971990766,9.466714240326764,-0.04085522207919645,0.02662415780385352,0.030035426139852106
584,9.436359784035856,9.436678814186912,9.442714527800357,9.445505583357761,0.0003190301510560545,0.0063547437645006255,0.009145799321904846
585,9.418248450647615,9.436678814186912,9.447479584345832,9.450028268462267,0.018430363539296835,0.029231133698216283,0.03177981781465178
586,9.386560016578668,9.418248450647615,9.394747001491261,9.398653633457814,0.03168843406894695,0.00818698491259262,0.01209361687914523
587,9.373309200254322,9.418248450647615,9.374562608359104,9.381085576800631,0.04493925039329305,0.0012534081047821388,0.007776376546308583
588,9.36777137992501,9.373309200254322,9.371713546343853,9.370541997966788,0.005537820329312382,0.003942166418843485,0.002770618041777695
589,9.404672841436273,9.373309200254322,9.370203829024238,9.36999170089958,-0.031363641181950896,-0.03446901241203548,-0.03468114053669247
590,9.421654227536813,9.404672841436273,9.4455899638245,9.44729751952461,-0.016981386100539453,0.023935736287686638,0.025643291987798023
591,9.408371222475317,9.404672841436273,9.479027881475325,9.48611050896688,-0.003698381039043852,0.07065665900000795,0.07773928649156225
592,9.389657419749838,9.408371222475317,9.404262148494379,9.403219698198706,0.018713802725478956,0.014604728744540552,0.013562278448867815
593,9.39182824802156,9.408371222475317,9.400655410121093,9.39687387588685,0.016542974453757964,0.008827162099533936,0.00504562786529128
594,9.380589347535867,9.39182824802156,9.394943253349114,9.395153651309771,0.011238900485691872,0.01435390581324647,0.01456430377390383
595,9.385889044482708,9.39182824802156,9.398172739164998,9.397690892729184,0.005939203538851245,0.012283694682290403,0.011801848246475899
596,9.398395460617898,9.385889044482708,9.399864747141848,9.399930881171294,-0.012506416135190435,0.00146928652394962,0.0015354205533952836
597,9.41197423980251,9.385889044482708,9.411539995203844,9.41352107015781,-0.026085195319801358,-0.00043424459866514553,0.0015468303553003437
598,9.460320577243952,9.41197423980251,9.422592446131198,9.421834519286339,-0.048346337441442344,-0.03772813111275397,-0.03848605795761273
599,9.49356251370587,9.41197423980251,9.431187344894635,9.430842625318308,-0.08158827390336043,-0.062375168811234616,-0.06271988838756215
600,9.506362568702965,9.49356251370587,9.520079349958479,9.520401737232534,-0.012800054997095245,0.013716781255514121,0.014039168529569324
601,9.515616752828915,9.49356251370587,9.54121300247689,9.540170437007628,-0.022054239123045605,0.025596249647975355,0.024553684178712842
602,9.522153924002891,9.515616752828915,9.529054404422883,9.531697806201429,-0.00653717117397612,0.006900480419991695,0.00954388219853719
603,9.53978799366043,9.515616752828915,9.539678697562707,9.54214105793602,-0.02417124083151556,-0.00010929609772425408,0.002353064275588679
604,9.548596730390896,9.53978799366043,9.559574548885102,9.556084692055377,-0.008808736730465228,0.010977818494206204,0.007487961664480736
605,9.541728276688032,9.53978799366043,9.575041636620995,9.567790172191065,-0.0019402830276007421,0.03331335993296314,0.02606189550303384
606,9.534450801041515,9.541728276688032,9.537166077173024,9.537061690839664,0.007277475646516152,0.0027152761315090146,0.002610889798148719
607,9.534740027363126,9.541728276688032,9.533316420576055,9.532139486539831,0.006988249324905382,-0.0014236067870712077,-0.0026005408232947502
608,9.540219493127752,9.534740027363126,9.535248018529593,9.53741617120706,-0.005479465764626212,-0.004971474598159276,-0.0028033219206928806
609,9.551302513870247,9.534740027363126,9.53550551604399,9.539507520594677,-0.01656248650712122,-0.015796997826257098,-0.01179499327557032
610,9.550235315874897,9.551302513870247,9.556150180258587,9.5582309509221,0.0010671979953507105,0.005914864383690599,0.007995635047203464
611,9.544595867727551,9.551302513870247,9.560158997900958,9.563894819487201,0.0067066461426961155,0.015563130173406492,0.019298951759649796
612,9.534089150464357,9.544595867727551,9.5396561261409,9.536350921923532,0.010506717263194076,0.005566975676542185,0.0022617714591746108
613,9.515543058145953,9.544595867727551,9.535246804685654,9.529903615708792,0.029052809581598282,0.019703746539700973,0.014360557562838494
614,9.494842393421333,9.515543058145953,9.499056480354291,9.497227780148826,0.020700664724619955,0.004214086932957883,0.0023853867274929996
615,9.472166029882736,9.515543058145953,9.485672159578312,9.482372901092129,0.0433770282632171,0.013506129695576519,0.010206871209392787
616,9.458371638798171,9.472166029882736,9.46207853298108,9.45678873638997,0.013794391084564595,0.0037068941829083712,-0.0015829024082005816
617,9.468001285315953,9.472166029882736,9.453492918516414,9.445355523454223,0.00416474456678273,-0.014508366799539374,-0.02264576186172995
618,9.485544922916851,9.468001285315953,9.481104619631502,9.481067659521672,-0.017543637600898165,-0.004440303285349501,-0.004477263395179065
619,9.48721424571136,9.468001285315953,9.49157060020916,9.494147601120165,-0.019212960395407208,0.004356354497799586,0.006933355408804687
620,9.472473840581587,9.48721424571136,9.492278541442154,9.489038331649608,0.014740405129773038,0.019804700860566626,0.016564491068020715
621,9.45469731968959,9.48721424571136,9.496293672592365,9.489668818546951,0.03251692602177059,0.041596352902775635,0.03497149885736128
622,9.444542550647126,9.45469731968959,9.442010123237036,9.438033113192745,0.010154769042463485,-0.0025324274100899657,-0.006509437454381484
623,9.453364978883542,9.45469731968959,9.43188380549783,9.4222234104014,0.001332340806047938,-0.021481173385712538,-0.031141568482141224
624,9.490393417263473,9.453364978883542,9.467761327759433,9.46477503907282,-0.03702843837993086,-0.0226320895040395,-0.0256183781906536
625,9.501740523796375,9.453364978883542,9.479008068601768,9.476846441617848,-0.048375544912833135,-0.02273245519460687,-0.024894082178526844
626,9.503159228533116,9.501740523796375,9.512604329881647,9.503891186833291,-0.0014187047367411054,0.009445101348530827,0.0007319583001752505
627,9.503755976275723,9.501740523796375,9.52100229306045,9.504960608107702,-0.002015452479348312,0.017246316784726545,0.0012046318319782756
628,9.510074525452104,9.503755976275723,9.501768496159508,9.509945781109108,-0.006318549176381083,-0.008306029292596051,-0.00012874434299625648
629,9.510741216835738,9.503755976275723,9.500164090821535,9.511619174628137,-0.006985240560014816,-0.010577126014203131,0.0008779577923991866
630,9.496721598694915,9.510741216835738,9.503255990883599,9.503407028449915,0.014019618140823198,0.006534392188683569,0.006685429755000527
631,9.481283120423665,9.510741216835738,9.49702238054323,9.4960279029444,0.029458096412072976,0.015739260119564946,0.014744782520734745
632,9.460398455831273,9.481283120423665,9.458750141642586,9.46490030850749,0.020884664592392355,-0.001648314188686939,0.004501852676217055
633,9.430840432344974,9.481283120423665,9.440333715062788,9.450307979790866,0.050442688078691233,0.009493282717814466,0.019467547445891853
634,9.397815294010933,9.430840432344974,9.38167845576119,9.386059338929142,0.033025138334041415,-0.01613683824974288,-0.011755955081790503
635,9.376701909191407,9.430840432344974,9.342111683948959,9.34922035467118,0.05413852315356671,-0.03459022524244837,-0.027481554520226936
636,9.36717316600297,9.376701909191407,9.356004705244505,9.354563902031524,0.00952874318843655,-0.01116846075846567,-0.012609263971446794
637,9.366745651140318,9.376701909191407,9.341183734302724,9.338355341518367,0.009956258051088795,-0.025561916837594012,-0.028390309621951104
638,9.37092743662413,9.366745651140318,9.363481494783219,9.369732892130544,-0.004181785483812206,-0.00744594184091163,-0.001194544493586136
639,9.383873422737057,9.366745651140318,9.360639930211464,9.37692156974389,-0.01712777159673884,-0.023233492525593036,-0.006951852993166696
640,9.406318255217622,9.383873422737057,9.404582759529546,9.404953981506196,-0.022444832480564614,-0.0017354956880755168,-0.0013642737114256676
641,9.42843117965374,9.383873422737057,9.421464407548864,9.423681270183359,-0.04455775691668329,-0.006966772104876284,-0.004749909470382008
642,9.441293350181875,9.42843117965374,9.448172819919916,9.448984289925384,-0.012862170528133987,0.006879469738041877,0.0076909397435098725
643,9.482502632769927,9.42843117965374,9.464904058850793,9.463993495387646,-0.054071453116186774,-0.017598573919133997,-0.018509137382281438
644,9.540003766668065,9.482502632769927,9.526386460978962,9.519740732646099,-0.05750113389813727,-0.013617305689102466,-0.02026303402196561
645,9.60642831827175,9.482502632769927,9.56254945066307,9.548737320610055,-0.12392568550182226,-0.04387886760867943,-0.05769099766169461
646,9.650657690851558,9.60642831827175,9.653007355076381,9.651819701001827,-0.04422937257980841,0.0023496642248233,0.001162010150268955
647,9.67401149314871,9.60642831827175,9.691091747160572,9.687739629439182,-0.06758317487695997,0.017080254011862195,0.013728136290472648
648,9.704182590701759,9.67401149314871,9.692402755102183,9.688452920489649,-0.030171097553049364,-0.01177983559957596,-0.015729670212110136
649,9.72549660510262,9.67401149314871,9.706284719424211,9.697356032451342,-0.05148511195391059,-0.019211885678409146,-0.028140572651278006
650,9.75504554717585,9.72549660510262,9.733358531565601,9.73512494919305,-0.029548942073230222,-0.021687015610249105,-0.019920597982800103
651,9.771269582708419,9.72549660510262,9.73923863632347,9.739498777447745,-0.04577297760579846,-0.03203094638494797,-0.031770805260673995
652,9.776449319365405,9.771269582708419,9.791407363757672,9.786732619550053,-0.0051797366569861225,0.014958044392267666,0.01028330018464807
653,9.789590705856016,9.771269582708419,9.807898685687913,9.798857119115082,-0.018321123147597262,0.01830797983189747,0.009266413259066297
654,9.833011438731804,9.789590705856016,9.818344179726362,9.821159876575086,-0.04342073287578785,-0.01466725900544219,-0.011851562156717677
655,9.889946281969461,9.789590705856016,9.84169176016512,9.846972672574276,-0.10035557611344537,-0.04825452180434198,-0.04297360939518491
656,9.934501606065297,9.889946281969461,9.932201985580761,9.934978158276806,-0.0445553240958354,-0.0022996204845355805,0.000476552211509329
657,9.927545817629198,9.889946281969461,9.966633081565154,9.971618961404992,-0.03759953565973717,0.039087263935956074,0.044073143775793966
658,9.876424632986438,9.927545817629198,9.90691946092754,9.901778074271329,0.05112118464275994,0.030494827941101477,0.025353441284890366
659,9.822277497110585,9.927545817629198,9.89027625802612,9.873990408445449,0.10526832051861312,0.06799876091553436,0.051712911334863776
660,9.77542688246861,9.822277497110585,9.779237584494124,9.780049735228754,0.046850614641975596,0.0038107020255147006,0.0046228527601446245
661,9.7469506947159,9.822277497110585,9.744657762545078,9.744630425133707,0.07532680239468448,-0.0022929321708229367,-0.002320269582194001
662,9.719083829537848,9.7469506947159,9.72110062917463,9.72001076081939,0.027866865178053146,0.0020167996367828067,0.0009269312815423092
663,9.695294188174602,9.7469506947159,9.700166293435581,9.700752511237804,0.05165650654129905,0.004872105260979254,0.005458323063201931
664,9.673759873344903,9.695294188174602,9.672440501324614,9.678247925001793,0.02153431482969914,-0.001319372020288867,0.00448805165689059
665,9.66523036341187,9.695294188174602,9.654018390568137,9.666354556898403,0.030063824762731173,-0.011211972843733875,0.0011241934865324765
666,9.66896702819858,9.66523036341187,9.669078138689697,9.673106262721358,-0.0037366647867091984,0.0001111104911171168,0.004139234522778423
667,9.673759873344903,9.66523036341187,9.672357580237254,9.68165508817732,-0.008529509933032031,-0.0014022931076489442,0.007895214832418063
668,9.675080171546819,9.673759873344903,9.67203752434111,9.677483320704084,-0.001320298201916259,-0.0030426472057083487,0.0024031491572653607
669,9.674074388208323,9.673759873344903,9.67087093172272,9.679098623254982,-0.0003145148634207118,-0.0032034564856040504,0.005024235046658276
670,9.670735486942808,9.674074388208323,9.67259026041602,9.672011732283083,0.0033389012655149486,0.00185477347321239,0.0012762453402750396
671,9.64956257688248,9.674074388208323,9.67139835426127,9.667347703671727,0.02451181132584246,0.02183577737878828,0.01778512678924571
672,9.61146273065021,9.64956257688248,9.618393572678198,9.62181382441193,0.038099846232270806,0.006930842027987438,0.010351093761720165
673,9.561490079872076,9.64956257688248,9.592445806884106,9.59661077974519,0.08807249701040476,0.030955727012029755,0.03512069987311328
674,9.522007489678424,9.561490079872076,9.52120694049612,9.519967480097844,0.039482590193651745,-0.0008005491823048771,-0.002040009580580815
675,9.481359383531425,9.561490079872076,9.488863246090778,9.485031886833458,0.0801306963406514,0.007503862559353536,0.003672503302032837
676,9.431401757086068,9.481359383531425,9.434579347190207,9.436179941748216,0.04995762644535695,0.003177590104138872,0.004778184662148632
677,9.378985497953893,9.481359383531425,9.397043187324067,9.401742710160736,0.10237388557753135,0.018057689370174046,0.02275721220684268
678,9.346094292953802,9.378985497953893,9.342820738131907,9.340033099820642,0.032891205000090906,-0.003273554821895175,-0.006061193133160003
679,9.337589572891646,9.378985497953893,9.3135391205979,9.311148953608601,0.041395925062246874,-0.02405045229374636,-0.026440619283045308
680,9.345745008982385,9.337589572891646,9.343035252910342,9.342675039151276,-0.008155436090738988,-0.00270975607204349,-0.0030699698311096313
681,9.365462008843483,9.337589572891646,9.34881287955763,9.353499846642533,-0.02787243595183675,-0.016649129285852382,-0.011962162200950033
682,9.400630098419313,9.365462008843483,9.394639336658946,9.395633394881212,-0.03516808957582995,-0.005990761760367391,-0.004996703538100888
683,9.442245428958964,9.365462008843483,9.418531460071002,9.424214415118202,-0.0767834201154809,-0.023713968887962622,-0.018031013840762
684,9.461099090323366,9.442245428958964,9.479666095492213,9.479991001853659,-0.018853661364401475,0.018567005168847572,0.018891911530293015
685,9.486228164545253,9.442245428958964,9.510244079987203,9.508821011466585,-0.04398273558628851,0.024015915441950142,0.022592846921332566
686,9.520175249069096,9.486228164545253,9.50554630629851,9.516893933794497,-0.03394708452384343,-0.01462894277058524,-0.0032813152745987395
687,9.537699784080726,9.486228164545253,9.521135904862424,9.539643676720226,-0.05147161953547297,-0.01656387921830138,0.0019438926395007883
688,9.541584681053092,9.537699784080726,9.545610938447332,9.54824844572903,-0.0038848969723659366,0.004026257394240673,0.006663764675938211
689,9.53524597222593,9.537699784080726,9.552557628956505,9.55363450056228,0.002453811854795873,0.01731165673057511,0.018388528336350518
690,9.502188753297379,9.53524597222593,9.523104791541947,9.525300356654405,0.03305721892855118,0.020916038244568114,0.023111603357026667
691,9.45383541953829,9.53524597222593,9.512434300896599,9.513796539683847,0.08141055268763964,0.05859888135830893,0.05996112014555699
692,9.403849118160702,9.45383541953829,9.438689982924888,9.444346308320664,0.049986301377588305,0.03484086476418646,0.04049719015996267
693,9.363919459904483,9.45383541953829,9.426406997976938,9.437305643549871,0.08991595963380661,0.062487538072454996,0.07338618364538796
694,9.344171719609703,9.363919459904483,9.340835497977025,9.340277171995755,0.01974774029478077,-0.0033362216326775496,-0.0038945476139478075
695,9.351405812254786,9.363919459904483,9.321840765651109,9.322686929285242,0.012513647649697646,-0.029565046603677203,-0.02871888296954417
696,9.364776725280601,9.351405812254786,9.378729436472327,9.368291009343277,-0.013370913025815057,0.013952711191725697,0.0035142840626765093
697,9.387062950369655,9.351405812254786,9.400668045050667,9.386579961030396,-0.03565713811486937,0.013605094681011565,-0.00048298933925927656
698,9.412872969386267,9.387062950369655,9.41515026112282,9.416026865295468,-0.025810019016612173,0.002277291736552556,0.003153895909200344
699,9.425371103179842,9.387062950369655,9.43854848989828,9.440556007163517,-0.03830815281018651,0.01317738671843749,0.015184903983675113
