,Actual,RW_pred,MLP_pred_[],LSTM_pred_[],RW_res,MLP_res_[],LSTM_res_[]
0,10.039808799894367,10.059679005711038,10.051426,10.056607,0.019870205816671316,0.011617133943524038,0.016798446504559195
1,10.009063045084766,10.059679005711038,10.043882,10.052274,0.05061596062627238,0.03481932491035167,0.04321070522041026
2,9.990261401318167,10.059679005711038,10.037102,10.047104,0.06941760439287137,0.046840344287302216,0.056842480517770966
3,9.97375960552146,10.059679005711038,10.031215,10.041902,0.085919400189578,0.057455108528833065,0.0681419829184815
4,9.955652966516807,10.059679005711038,10.026211,10.03643,0.10402603919423115,0.07055781839530262,0.080777392369912
5,9.931977822935755,9.955652966516807,9.93371,9.933594,0.023675143581051827,0.0017322753308466332,0.0016159270642450707
6,9.915465529295535,9.955652966516807,9.913678,9.912363,0.04018743722127205,-0.0017873600450464266,-0.0031024769273706454
7,9.898675995538905,9.955652966516807,9.895851,9.892992,0.05697697097790133,-0.0028248602849991755,-0.005683975885585113
8,9.889084322225385,9.955652966516807,9.880349,9.876299,0.06656864429142217,-0.008735162984661926,-0.01278541780643927
9,9.88557813199256,9.955652966516807,9.8671465,9.862254,0.07007483452424701,-0.018431639988165216,-0.02332398923132928
10,9.882468185312053,9.88557813199256,9.873342,9.875906,0.003109946680506681,-0.009126624948283535,-0.006562194711467129
11,9.878733688069898,9.88557813199256,9.862253,9.868904,0.00684444392266137,-0.016480498982984315,-0.009829574300367128
12,9.878887435667895,9.88557813199256,9.852432,9.86393,0.006690696324664458,-0.02645518469133279,-0.01495768713273904
13,9.884049858643653,9.88557813199256,9.843887,9.861595,0.0015282733489065947,-0.04016252954209065,-0.022454704835059403
14,9.899529730681783,9.88557813199256,9.836698,9.860388,-0.013951598689223133,-0.0628321522516071,-0.03914192855775944
15,9.92044299318554,9.899529730681783,9.922618,9.921672,-0.02091326250375758,0.0021749191069400098,0.0012288741850650098
16,9.935857932566579,9.899529730681783,9.943889,9.943646,-0.03632820188479613,0.00803073167902646,0.007788498402659272
17,9.960670966063581,9.899529730681783,9.962978,9.964663,-0.06114123538179861,0.0023073969735278865,0.003991585816301324
18,9.987415012471414,9.899529730681783,9.97941,9.984364,-0.08788528178963162,-0.008004840962625437,-0.0030514565632113744
19,10.017307188735588,9.899529730681783,9.9935875,10.00208,-0.1177774580538049,-0.02371969483910341,-0.015227225051505755
20,10.040288594028272,10.017307188735588,10.042335,10.042153,-0.022981405292684443,0.002045962551317615,0.0018647644312004275
21,10.051476430249577,10.017307188735588,10.06562,10.063896,-0.03416924151398959,0.014143992113703874,0.012419748949641374
22,10.06147372459291,10.017307188735588,10.086435,10.0823765,-0.044166535857321776,0.0249615934002545,0.0209027555096295
23,10.066456380814268,10.017307188735588,10.104532,10.097369,-0.04914919207867996,0.03807586100702132,0.030912813216493973
24,10.0715834020661,10.017307188735588,10.120046,10.110178,-0.054276213330512135,0.04846225986016961,0.03859459170831414
25,10.068196582013167,10.0715834020661,10.0726,10.075973,0.003386820052933004,0.004403782671891676,0.007775975054704176
26,10.061900564278407,10.0715834020661,10.073563,10.079338,0.009682837787693188,0.011662057791905767,0.017437509452062017
27,10.064032034093815,10.0715834020661,10.074339,10.081568,0.00755136797228495,0.010306878870052216,0.01753573018841159
28,10.075758773476581,10.0715834020661,10.075087,10.082951,-0.004175371410481077,-0.0006721798486513109,0.007191818564434627
29,10.092370867165224,10.0715834020661,10.075673,10.084536,-0.020787465099123992,-0.016697763832704382,-0.0078352684103411
30,10.101477384966797,10.092370867165224,10.10953,10.106623,-0.009106517801573233,0.008053063946777073,0.005145310956054416
31,10.114518035966535,10.092370867165224,10.12552,10.120795,-0.022147168801311068,0.011001716535906425,0.0062772139724298626
32,10.12515000756854,10.092370867165224,10.139781,10.134504,-0.03277914040331531,0.014630990661441245,0.009354310668765464
33,10.131140919328166,10.092370867165224,10.152193,10.147758,-0.03877005216294194,0.021052150129841962,0.016616610884236493
34,10.137135736495424,10.092370867165224,10.162833,10.160197,-0.04476486933019963,0.0256974773107288,0.023061521500181925
35,10.142976782386423,10.137135736495424,10.138218,10.138665,-0.005841045890999652,-0.004758856361032571,-0.0043115831066380395
36,10.148901272496065,10.137135736495424,10.1392765,10.138545,-0.011765536000641674,-0.009624767979463655,-0.010356236180147249
37,10.157548206485059,10.137135736495424,10.140109,10.137362,-0.020412469989635085,-0.01743914429023441,-0.020186679995800816
38,10.170380010780352,10.137135736495424,10.140875,10.135499,-0.03324427428492882,-0.029505148109453927,-0.03488101023103596
39,10.184635826136912,10.137135736495424,10.141512,10.13311,-0.04750008964148833,-0.04312390902265406,-0.051525779750193124
40,10.19286818162349,10.184635826136912,10.198156,10.199109,-0.008232355486578413,0.005288175188033151,0.006240895830122994
41,10.201553030367597,10.184635826136912,10.210486,10.212673,-0.0169172042306851,0.008933381680742869,0.0111201568882624
42,10.21877263241388,10.184635826136912,10.221434,10.225025,-0.03413680627696891,0.002661007112486402,0.00625254458807234
43,10.22990945330384,10.184635826136912,10.231067,10.236041,-0.045273627166928065,0.0011572504925467797,0.00613161572692178
44,10.223467391287071,10.184635826136912,10.239192,10.245847,-0.03883156515015962,0.015724617685096476,0.02237935706497929
45,10.203777313026992,10.223467391287071,10.214293,10.215657,0.019690078260079957,0.010515213218125652,0.011879921164902996
46,10.204036490694731,10.223467391287071,10.205954,10.20674,0.019430900592340095,0.0019171073277295392,0.0027038886387646954
47,10.198095585058642,10.223467391287071,10.198369,10.197276,0.025371806228429605,0.00027344112544014365,-0.0008194696411614188
48,10.201404568800312,10.223467391287071,10.191857,10.188052,0.022062822486759615,-0.009547230848651722,-0.01335239137111266
49,10.206403005628498,10.223467391287071,10.186398,10.179064,0.017064385658573045,-0.020005453138264073,-0.027339208631428136
50,10.213322429629041,10.206403005628498,10.210993,10.208076,-0.006919424000543017,-0.002329616518689903,-0.005246906252576622
51,10.225317396349036,10.206403005628498,10.215578,10.210826,-0.018914390720537355,-0.009739317125402991,-0.014491476244055335
52,10.24252791726305,10.206403005628498,10.21965,10.213696,-0.03612491163455189,-0.02287764870836284,-0.028832391140003466
53,10.258150473713906,10.206403005628498,10.223334,10.217414,-0.05174746808540753,-0.03481616127494114,-0.04073657143119114
54,10.270419710927507,10.206403005628498,10.226442,10.221698,-0.06401670529900905,-0.04397737389137468,-0.048721903615495776
55,10.286434349213689,10.270419710927507,10.286919,10.287558,-0.016014638286181437,0.0004842909230298176,0.001123252715022005
56,10.303538027942793,10.270419710927507,10.302392,10.302784,-0.033118317015285115,-0.0011460220223824535,-0.0007540618783394848
57,10.318869987652509,10.270419710927507,10.316231,10.315164,-0.04845027672500102,-0.002639213726727263,-0.003706375286785857
58,10.335886661884373,10.270419710927507,10.32848,10.325605,-0.06546695095686594,-0.007406895038670314,-0.010281269428318751
59,10.344094553889349,10.270419710927507,10.33893,10.33366,-0.07367484296184124,-0.0051644238844659185,-0.010434428156926856
60,10.3495506300728,10.344094553889349,10.35018,10.353395,-0.005456076183451231,0.0006290421684109759,0.003844831963332851
61,10.353734803416184,10.344094553889349,10.355609,10.36047,-0.009640249526835731,0.0018741367083272564,0.006735014699049913
62,10.357965022348246,10.344094553889349,10.360582,10.365337,-0.013870468458897278,0.0026173293363243033,0.007372349477925866
63,10.362303836141287,10.344094553889349,10.36493,10.369066,-0.018209282251937964,0.0026263167517797115,0.006762402262033618
64,10.369890958749371,10.344094553889349,10.368648,10.37162,-0.025796404860022548,-0.0012433833709533104,0.0017292194732849708
65,10.377545452109905,10.369890958749371,10.377494,10.377849,-0.007654493360533365,-5.1593772502300794e-05,0.0003031730732008242
66,10.380528859133515,10.369890958749371,10.38464,10.384684,-0.01063790038414325,0.004110880856719845,0.004154749875274533
67,10.383565267353339,10.369890958749371,10.391002,10.390577,-0.013674308603967233,0.007436434001641956,0.007012048930841175
68,10.382296054868501,10.369890958749371,10.396616,10.39583,-0.012405096119129766,0.014319927187163017,0.013534099550444267
69,10.377327563450146,10.369890958749371,10.401499,10.400621,-0.007436604700775007,0.024171231105517776,0.023293850734424026
70,10.373522431293592,10.377327563450146,10.369003,10.368693,0.003805132156553981,-0.004519135395154805,-0.0048290795479868365
71,10.369483160384325,10.377327563450146,10.361562,10.359978,0.007844403065821126,-0.007921385176805629,-0.00950543821635641
72,10.367158673708653,10.377327563450146,10.355106,10.350884,0.010168889741493103,-0.012052319948887558,-0.016274236147618026
73,10.364135049357838,10.377327563450146,10.349545,10.341757,0.013192514092308372,-0.01459052421135354,-0.022378228679126977
74,10.358123704650742,10.377327563450146,10.344894,10.333593,0.019203858799404117,-0.01322929547105467,-0.024530336120468732
75,10.34701886145075,10.358123704650742,10.34651,10.346617,0.011104843199992942,-0.00050892797906954,-0.00040211645563204
76,10.334977718468442,10.358123704650742,10.335893,10.335709,0.023145986182299794,0.0009149588386865304,0.0007308996956201241
77,10.326334058475068,10.358123704650742,10.326335,10.325584,0.03178964617567459,8.948330378899527e-07,-0.0007496468539738288
78,10.326039184367792,10.358123704650742,10.318098,10.31669,0.03208452028295028,-0.007941116130487202,-0.009348739421502827
79,10.329180034324262,10.358123704650742,10.311266,10.308251,0.028943670326480486,-0.01791408888969137,-0.020928653403851527
80,10.337864004138712,10.329180034324262,10.336431,10.333634,-0.00868396981445052,-0.0014334545171301727,-0.004229627612833298
81,10.350222554842508,10.329180034324262,10.343265,10.339291,-0.021042520518246732,-0.006957975069559197,-0.01093193594602404
82,10.360184286463708,10.329180034324262,10.349439,10.345818,-0.031004252139446464,-0.010745619166344866,-0.014366720545739398
83,10.364481970436772,10.329180034324262,10.354836,10.353023,-0.035301936112510646,-0.009645506508549673,-0.01145939505835436
84,10.367881728173579,10.329180034324262,10.359513,10.360139,-0.03870169384931721,-0.008368445397699986,-0.007742835046137486
85,10.374303351882421,10.367881728173579,10.366903,10.364272,-0.006421623708842361,-0.007400046828710316,-0.01003123426767516
86,10.37990804957794,10.367881728173579,10.366023,10.35983,-0.01202632140436144,-0.013884985918272363,-0.02007814692901455
87,10.385759368884058,10.367881728173579,10.365302,10.354993,-0.017877640710478815,-0.020457283007592864,-0.030766502367944426
88,10.390348298848286,10.367881728173579,10.364593,10.349257,-0.022466570674707143,-0.02575574666322744,-0.04109082967103994
89,10.39387574756213,10.367881728173579,10.36411,10.34349,-0.025994019388551948,-0.02976575458117381,-0.050386100650509746
90,10.398701952787901,10.39387574756213,10.398333,10.398981,-0.004826205225770153,-0.0003693569627056803,0.0002791415724505697
91,10.40308032336899,10.39387574756213,10.402312,10.403446,-0.009204575806858628,-0.0007680446214308745,0.00036587414077615676
92,10.407711432667556,10.39387574756213,10.405924,10.40714,-0.0138356851054251,-0.0017875892837668772,-0.0005716545303489085
93,10.411569415631055,10.39387574756213,10.409164,10.409959,-0.01769366806892414,-0.00240498692011748,-0.0016105762145510738
94,10.414962965143616,10.39387574756213,10.41185,10.4119625,-0.021087217581484907,-0.0031129895576782474,-0.00300045598834231
95,10.420553663891573,10.414962965143616,10.419777,10.421034,-0.005590698747957035,-0.0007767473876665321,0.00048019536135690544
96,10.430284945811817,10.414962965143616,10.424113,10.426093,-0.015321980668201007,-0.006171672191211286,-0.004191844310351911
97,10.436407293775185,10.414962965143616,10.427936,10.430198,-0.021444328631568865,-0.008471693494422894,-0.006209578015907269
98,10.443162989406174,10.414962965143616,10.431251,10.433213,-0.028200024262558188,-0.011912417201584091,-0.009949755458420029
99,10.451926829595399,10.414962965143616,10.434114,10.435905,-0.036963864451783124,-0.01781237341864106,-0.01602137305243012
100,10.46538644648612,10.451926829595399,10.462535,10.459891,-0.013459616890720838,-0.0028515420061392405,-0.0054951272112173655
101,10.480185182952555,10.451926829595399,10.472413,10.467089,-0.028258353357156096,-0.007772119903238561,-0.013096483611734655
102,10.49227371777133,10.451926829595399,10.4812565,10.473384,-0.04034688817593057,-0.011017232785977882,-0.018889814267911476
103,10.500344072777787,10.451926829595399,10.489022,10.47872,-0.0484172431823886,-0.011321817833939818,-0.021624361474076537
104,10.512546352713786,10.451926829595399,10.495718,10.482683,-0.06061952311838681,-0.016828350394449743,-0.029863170951090368
105,10.525380377809771,10.512546352713786,10.525724,10.52331,-0.012834025095985524,0.00034403320097098344,-0.0020706701681696416
106,10.540302448505601,10.512546352713786,10.537834,10.532792,-0.027756095791815483,-0.0024682810251324128,-0.0075103571359722565
107,10.54977894681081,10.512546352713786,10.548675,10.540945,-0.03723259409702351,-0.0011043633757505944,-0.00883389371022325
108,10.55179425862292,10.512546352713786,10.557975,10.54769,-0.03924790590913396,0.0061805567457327015,-0.0041038670823922985
109,10.539296891395203,10.512546352713786,10.565892,10.553249,-0.026750538681417524,0.026595328148253827,0.013952467735656171
110,10.527445413743074,10.539296891395203,10.523486,10.530408,0.01185147765212946,-0.0039592763529370245,0.002962491835539538
111,10.514122311521609,10.539296891395203,10.508951,10.520792,0.025174579873594283,-0.005171124387819859,0.006669695924680141
112,10.486177920013498,10.539296891395203,10.4959,10.510655,0.05311897138170529,0.00972223410027162,0.02447748312370912
113,10.472346207552729,10.539296891395203,10.48464,10.500514,0.06695068384247449,0.012293913907232223,0.028167822903814255
114,10.462131439757593,10.539296891395203,10.475214,10.49076,0.0771654516376099,0.013082564759008264,0.028628409790746545
115,10.459296102128596,10.462131439757593,10.4562645,10.45444,0.0028353376289977916,-0.003031606278986132,-0.004855985246271288
116,10.462588922467008,10.462131439757593,10.450836,10.448248,-0.0004574827094145917,-0.01175274082638289,-0.014341012921109453
117,10.471864846140123,10.462131439757593,10.4459305,10.44354,-0.009733406382530063,-0.025934365183092112,-0.02832522669432258
118,10.483242045740983,10.462131439757593,10.441816,10.440808,-0.021110605983389874,-0.041425715784928485,-0.04243374953736989
119,10.494408190299962,10.462131439757593,10.43841,10.439454,-0.032276750542369115,-0.05599838500211085,-0.05495411162564601
120,10.501719475299785,10.494408190299962,10.506082,10.507259,-0.007311284999822476,0.004362105815937767,0.0055398935966994856
121,10.505451027673455,10.494408190299962,10.5170555,10.519992,-0.011042837373492986,0.011604483801153975,0.014540847021368819
122,10.507776196611822,10.494408190299962,10.526751,10.53163,-0.013368006311859304,0.018974367963373595,0.02385336576610797
123,10.510995142050447,10.494408190299962,10.53541,10.541716,-0.016586951750484857,0.02441478531771679,0.030720479897794917
124,10.514285200079048,10.494408190299962,10.542813,10.549109,-0.019877009779085242,0.028528101007378126,0.03482425884429219
125,10.5172667977125,10.514285200079048,10.517017,10.514615,-0.002981597633452182,-0.0002494332105467123,-0.002651738813574056
126,10.518619136111335,10.514285200079048,10.519524,10.514596,-0.004333936032287156,0.0009044844941339392,-0.004023150698737155
127,10.521426155498318,10.514285200079048,10.521714,10.51459,-0.007140955419270512,0.00028805501193573946,-0.006835892131618948
128,10.52323035951266,10.514285200079048,10.523556,10.5141535,-0.008945159433611849,0.00032539610257487084,-0.009076878982874348
129,10.524064040261237,10.514285200079048,10.525372,10.513722,-0.009778840182189441,0.0013075112524347787,-0.010341620522467565
130,10.524386568888449,10.524064040261237,10.524248,10.523346,-0.00032252862721193765,-0.00013844571950372142,-0.001040621622824034
131,10.52384896337042,10.524064040261237,10.524484,10.522391,0.00021507689081623482,0.0006347173546767948,-0.0014576440955185177
132,10.524090921620362,10.524064040261237,10.524816,10.520726,-2.6881359124431015e-05,0.000724637766845504,-0.003364717701904496
133,10.525917160881786,10.524064040261237,10.525194,10.519055,-0.001853120620548765,-0.0007229927909655487,-0.00686179436567258
134,10.530628468683467,10.524064040261237,10.525562,10.517064,-0.006564428422230151,-0.005066182306514122,-0.013564374140010216
135,10.534360313611568,10.530628468683467,10.533146,10.534271,-0.003731844928100969,-0.0012144090705525912,-8.907337719321617e-05
136,10.538581801647457,10.530628468683467,10.53538,10.537282,-0.007953332963989368,-0.0032014381831011463,-0.0012998115961870838
137,10.547155581629395,10.530628468683467,10.537359,10.539936,-0.016527112945928124,-0.009796343958496934,-0.007219515955567246
138,10.559088617022104,10.530628468683467,10.539132,10.541858,-0.028460148338636415,-0.019956498797006006,-0.017230897600716943
139,10.57029075775647,10.530628468683467,10.540821,10.542902,-0.03966228907300362,-0.029469682317017742,-0.027388764958619305
140,10.579819140167512,10.57029075775647,10.583198,10.580079,-0.009528382411041036,0.00337845352145294,0.00025993850680450237
141,10.585245116968599,10.57029075775647,10.595062,10.589552,-0.014954359212127954,0.009817138890776178,0.004306808690580866
142,10.58923240332931,10.57029075775647,10.605522,10.598237,-0.018941645572839505,0.016289752432408378,0.009004634329381034
143,10.591597065328735,10.57029075775647,10.614625,10.605755,-0.021306307572263705,0.023027911783081834,0.014157786966187302
144,10.593128593766785,10.57029075775647,10.622333,10.612415,-0.022837836010314305,0.029203979170226546,0.019286719953917952
145,10.58205394821854,10.593128593766785,10.58992,10.589253,0.011074645548244888,0.007866095726772215,0.007199477379604247
146,10.57185524173185,10.593128593766785,10.586955,10.585158,0.0212733520349353,0.015099828763755596,0.013303106351646221
147,10.557659989689753,10.593128593766785,10.584273,10.580633,0.035468604077031785,0.026613348628117706,0.02297317376239505
148,10.512845432366364,10.593128593766785,10.582071,10.576405,0.08028316140042158,0.06922587195492547,0.06355913916683953
149,10.465699966318816,10.593128593766785,10.580295,10.572253,0.12742862744796923,0.11459464275100828,0.10655326091507078
150,10.438430013409498,10.465699966318816,10.431951,10.428171,0.027269952909318107,-0.006479444256665801,-0.01025885557258377
151,10.418165745617609,10.465699966318816,10.400738,10.391758,0.047534220701207275,-0.01742798316643679,-0.02640778052971804
152,10.37704735110963,10.465699966318816,10.373045,10.3569565,0.08865261520918644,-0.004002383458262315,-0.020090869176035753
153,10.309119313423613,10.465699966318816,10.349118,10.323649,0.15658065289520273,0.039998919303437575,0.014530093009492262
154,10.246758057051174,10.465699966318816,10.328939,10.294368,0.21894190926764168,0.08218138081503668,0.04760973317099371
155,10.187914332267235,10.246758057051174,10.201651,10.1970825,0.058843724783939066,0.013736287239600742,0.009168187264014804
156,10.15303931712664,10.246758057051174,10.160317,10.15193,0.09371873992453494,0.007278103832833338,-0.0011094617799596307
157,10.131419620582134,10.246758057051174,10.123354,10.109304,0.11533843646903996,-0.008065662452251487,-0.022115192481548362
158,10.12041180403642,10.246758057051174,10.091269,10.071419,0.12634625301475388,-0.02914326460770944,-0.04899304182938913
159,10.117146264639123,10.246758057051174,10.063943,10.039761,0.12961179241205123,-0.053203355398400376,-0.07738567503951366
160,10.117913213230615,10.117146264639123,10.115732,10.107704,-0.0007669485914920671,-0.002181020237451037,-0.01020905063295885
161,10.120572789266374,10.117146264639123,10.114539,10.104217,-0.0034265246272511263,-0.006033642843034315,-0.016356213643815565
162,10.122221395361638,10.117146264639123,10.113564,10.105532,-0.005075130722515198,-0.00865785776398198,-0.016689702856755417
163,10.121136033568357,10.117146264639123,10.112654,10.111586,-0.003989768929233861,-0.008482301268552206,-0.009550416502927206
164,10.115570156490913,10.117146264639123,10.112015,10.121046,0.001576108148210409,-0.0035553859831001233,0.005475909793267064
165,10.110623665704521,10.115570156490913,10.113124,10.11078,0.004946490786391422,0.0025002280332717675,0.00015609656354520496
166,10.10989177984604,10.115570156490913,10.11087,10.105656,0.00567837664487314,0.0009785814820855165,-0.0042361096800238585
167,10.113383743764707,10.115570156490913,10.109128,10.100297,0.0021864127262052335,-0.0042557454126566086,-0.013086769582578484
168,10.118679574062718,10.115570156490913,10.10752,10.094125,-0.00310941757180494,-0.01115947060812772,-0.024554780056369907
169,10.14533508864411,10.115570156490913,10.106223,10.087583,-0.02976493215319742,-0.0391119822598327,-0.05775250044830926
170,10.150308567204695,10.14533508864411,10.164392,10.168499,-0.00497347856058461,0.014083904108781908,0.01819042571522722
171,10.155646068918863,10.14533508864411,10.182381,10.192329,-0.010310980274752524,0.026734607350668682,0.03668333781941868
172,10.170265140870399,10.14533508864411,10.198785,10.214447,-0.024930052226288524,0.028519687315636588,0.04418188061397643
173,10.181990121970616,10.14533508864411,10.213098,10.23594,-0.03665503332650566,0.031107450356044453,0.05394985758260695
174,10.193953247114493,10.14533508864411,10.225303,10.255087,-0.048618158470382866,0.03134944911353443,0.06113365168921803
175,10.202554569854472,10.193953247114493,10.206674,10.207777,-0.008601322739979267,0.004119052276875479,0.00522245346095751
176,10.217093186966197,10.193953247114493,10.218455,10.220182,-0.023139939851704483,0.0013621276700330753,0.003089231857044794
177,10.229945527689226,10.193953247114493,10.229027,10.2311125,-0.03599228057473347,-0.0009187332556326311,0.0011669524743478377
178,10.238315581044851,10.193953247114493,10.23798,10.240689,-0.04436233393035849,-0.00033569212883577393,0.0023736966040743823
179,10.2422785273763,10.193953247114493,10.245722,10.249222,-0.048325280261806824,0.0034432896403018276,0.006943274381512765
180,10.242670397850311,10.2422785273763,10.242914,10.243149,-0.0003918704740115686,0.000243801978790259,0.0004784058606261965
181,10.241779560939259,10.2422785273763,10.243394,10.242952,0.0004989664370409486,0.00161433707099512,0.0011727858624990262
182,10.238530196347746,10.2422785273763,10.243666,10.241659,0.003748331028553764,0.005135498842683717,0.0031289680809649667
183,10.227344839931181,10.2422785273763,10.244041,10.239685,0.014933687445118693,0.016696602939912708,0.012340218662568958
184,10.209426941258739,10.2422785273763,10.244334,10.237355,0.03285158611756067,0.034907279627491405,0.027928290980030468
185,10.19585861447404,10.209426941258739,10.189833,10.191384,0.013568326784698215,-0.006025927096111161,-0.004474298983318192
186,10.173896296317452,10.209426941258739,10.171588,10.173594,0.03553064494128755,-0.0023083522866897965,-0.00030182152497104653
187,10.154440804489605,10.209426941258739,10.15522,10.15663,0.05498613676913422,0.0007792272486764062,0.0021887578883248437
188,10.13974474299572,10.209426941258739,10.14106,10.140526,0.06968219826301869,0.0013151324925608776,0.0007810748753733776
189,10.098355078498601,10.209426941258739,10.129036,10.126467,0.11107186276013792,0.030680871208430105,0.028111672600031667
190,10.07807091323496,10.098355078498601,10.072297,10.075629,0.020284165263641185,-0.005773816982518554,-0.002441678920995116
191,10.058994455134526,10.098355078498601,10.04837,10.054828,0.03936062336407531,-0.010624093806400836,-0.004166765010014117
192,10.035085827892875,10.098355078498601,10.02703,10.036391,0.06326925060572641,-0.008055836742972389,0.0013054303468713613
193,9.99938846691333,10.098355078498601,10.00843,10.019846,0.09896661158527031,0.009041060369384013,0.020457495611083232
194,9.977806216778427,10.098355078498601,9.992704,10.00507,0.12054886172017376,0.014898174701064804,0.02726351588758824
195,9.966180621874551,9.977806216778427,9.960832,9.960495,0.011625594903875935,-0.005348979723672542,-0.0056856267573639485
196,9.95555804482713,9.977806216778427,9.945588,9.9451,0.022248171951297024,-0.009969932949688953,-0.010458214199688953
197,9.945972164142283,9.977806216778427,9.932064,9.931979,0.03183405263614425,-0.013908107745798759,-0.013992984759958915
198,9.915514932748847,9.977806216778427,9.920515,9.921493,0.062291284029580396,0.0050001276759577,0.005977643850274106
199,9.900232259815455,9.977806216778427,9.910595,9.9125595,0.07757395696297209,0.010362680370091581,0.012327249461888456
200,9.878323578872578,9.900232259815455,9.874187,9.882249,0.021908680942877012,-0.004136109390156406,0.003925299606425625
201,9.86459078690618,9.900232259815455,9.85028,9.866474,0.03564147290927444,-0.014310978861747259,0.0018833647051472724
202,9.85250999777126,9.900232259815455,9.8287945,9.853918,0.04772226204419461,-0.0237155184011435,0.0014080777902627517
203,9.832206350531164,9.900232259815455,9.810038,9.843359,0.06802590928429098,-0.022168737616125256,0.01115264299910912
204,9.809121926500406,9.900232259815455,9.794126,9.834807,0.09111033331504892,-0.014996369554605593,0.02568546943465222
205,9.783746350923579,9.809121926500406,9.79186,9.791438,0.025375575576827458,0.008113275846440615,0.007691751798589053
206,9.773891264365053,9.809121926500406,9.776016,9.776402,0.035230662135353086,0.0021249709865092115,0.0025112090846537427
207,9.767725101522128,9.809121926500406,9.761746,9.762679,0.041396824978278346,-0.005978694966952247,-0.005046001485506935
208,9.761578306353435,9.809121926500406,9.749349,9.7506485,0.04754362014697122,-0.012229665911540621,-0.010929807818278903
209,9.756899867693285,9.809121926500406,9.738788,9.740113,0.052222058807121385,-0.01811221663127327,-0.016786609331468583
210,9.75718929491883,9.756899867693285,9.770081,9.765422,-0.0002894272255442587,0.012891271487420752,0.008232572451776221
211,9.771726021353874,9.756899867693285,9.78206,9.775261,-0.01482615366058937,0.010333648140754548,0.0035349039390943915
212,9.799403998992805,9.756899867693285,9.792851,9.786382,-0.0425041312995198,-0.006552550933722756,-0.013022277496222756
213,9.855976569865076,9.756899867693285,9.802377,9.796804,-0.0990767021717911,-0.05359982273372843,-0.05917214176449015
214,9.95313449242554,9.756899867693285,9.810364,9.805525,-0.19623462473225572,-0.1427707228942907,-0.14760966637573603
215,10.026943356463047,9.95313449242554,10.001236,10.009042,-0.07380886403750608,-0.025707394548984297,-0.01790157026919914
216,10.075043029177243,9.95313449242554,10.045673,10.060301,-0.1219085367517021,-0.02936965881591469,-0.014742202150875627
217,10.106754873845546,9.95313449242554,10.085685,10.106947,-0.153620381420005,-0.021070097539393373,0.0001920713448839706
218,10.12850933886211,9.95313449242554,10.120654,10.148711,-0.17537484643656853,-0.007855232721972527,0.020201865666699348
219,10.147021793498071,9.95313449242554,10.150475,10.184418,-0.1938873010725306,0.003452754841772432,0.03739593111130368
220,10.149878770570028,10.147021793498071,10.154942,10.163145,-0.0028569770719570897,0.005062788267862217,0.01326629473758878
221,10.149409690739677,10.147021793498071,10.162237,10.175634,-0.0023878972416060407,0.012827476618721079,0.02622469341559608
222,10.163926888594034,10.147021793498071,10.168745,10.185233,-0.016905095095962608,0.0048181522995207615,0.021306227555868418
223,10.176220948190334,10.147021793498071,10.174304,10.1921625,-0.029199154692262752,-0.0019169397064473515,0.015941565542576086
224,10.187425123082926,10.147021793498071,10.179155,10.197239,-0.04040332958485493,-0.008269773351480936,0.009813799036214377
225,10.188177653501853,10.187425123082926,10.191219,10.193537,-0.0007525304189268667,0.00304167633213126,0.005359104920998448
226,10.19283074456454,10.187425123082926,10.194656,10.19872,-0.005405621481614276,0.0018256275057719762,0.0058892337679790074
227,10.19898897404004,10.187425123082926,10.197606,10.202815,-0.01156385095711343,-0.0013828873090826477,0.00382608180712829
228,10.210163101480443,10.187425123082926,10.200066,10.20626,-0.02273797839751701,-0.01009748868747451,-0.003903374002415916
229,10.229981600773298,10.187425123082926,10.202172,10.2090225,-0.04255647769037196,-0.027809321415388055,-0.02095907880064196
230,10.255903439554476,10.229981600773298,10.24729,10.246747,-0.025921838781178153,-0.008613781961702927,-0.009156422647738083
231,10.276326157817198,10.229981600773298,10.263062,10.263142,-0.04634455704390028,-0.013264634379698492,-0.013184525737120367
232,10.311017194693171,10.229981600773298,10.277289,10.278319,-0.08103559391987325,-0.03372780412920662,-0.03269783586748787
233,10.351213619358802,10.229981600773298,10.289711,10.2926655,-0.12123201858550381,-0.06150262082364577,-0.05854813779141921
234,10.378416532304357,10.229981600773298,10.300222,10.305191,-0.14843493153105847,-0.07819413545377074,-0.07322549226529418
235,10.383750870719478,10.378416532304357,10.405933,10.403546,-0.005334338415121209,0.022182509407475237,0.019795462593510393
236,10.381893285046008,10.378416532304357,10.4311285,10.424713,-0.003476752741651268,0.0492352168460819,0.042819849719617054
237,10.370768729268754,10.378416532304357,10.453613,10.442272,0.0076478030356028626,0.08284455198124618,0.07150345701054306
238,10.362209026944724,10.378416532304357,10.473138,10.456993,0.01620750535963289,0.11092882858506137,0.09478407608261996
239,10.36775601712027,10.378416532304357,10.489673,10.468503,0.01066051518408706,0.1219166437073671,0.10074698123178116
240,10.378074412714673,10.36775601712027,10.371,10.381117,-0.010318395594403285,-0.007074122797680715,0.0030424543507567847
241,10.387147508229349,10.36775601712027,10.373946,10.394663,-0.01939149110907934,-0.013201318348977864,0.007515348826315105
242,10.398701952787901,10.36775601712027,10.376389,10.408097,-0.030945935667631375,-0.022313402983213493,0.009395314362977913
243,10.40943127921051,10.36775601712027,10.378508,10.420919,-0.04167526209024075,-0.03092366507476818,0.01148813912445057
244,10.41529269641562,10.36775601712027,10.380207,10.434056,-0.04753667929534977,-0.035085634648041264,0.018763585627837642
245,10.41081707204541,10.41529269641562,10.414418,10.418101,0.004475624370209985,0.0036011484746101274,0.007284238684571065
246,10.401136747185486,10.41529269641562,10.413741,10.419368,0.014155949230133302,0.012604364569885007,0.018231043036681882
247,10.385944565501662,10.41529269641562,10.413313,10.420068,0.029348130913957604,0.027368346485642903,0.03412322166874837
248,10.361829700245059,10.41529269641562,10.413016,10.419575,0.05346299617056083,0.05118661902984378,0.057745037303769564
249,10.337961149678998,10.41529269641562,10.412742,10.417873,0.07733154673662135,0.0747805113927793,0.07991223288936133
250,10.318935994253193,10.337961149678998,10.3158655,10.313631,0.01902515542580474,-0.003070477590595644,-0.005304936513935488
251,10.305212341028568,10.337961149678998,10.29561,10.290123,0.03274880865042995,-0.009601913172122778,-0.01508935518872434
252,10.283976674574115,10.337961149678998,10.277632,10.267929,0.053984475104883245,-0.006344914930560108,-0.016047597425677296
253,10.262978527734342,10.337961149678998,10.262003,10.247814,0.0749826219446561,-0.0009755827880528756,-0.015164349267545063
254,10.240745194931176,10.337961149678998,10.248691,10.23003,0.09721595474782241,0.007945410232398586,-0.010715135116722507
255,10.222595614987762,10.240745194931176,10.227643,10.223203,0.018149579943413485,0.005047398012726134,0.0006070903955386342
256,10.211229572115677,10.240745194931176,10.2155285,10.208288,0.029515622815498688,0.004298916043502743,-0.002941379366653507
257,10.201033318424798,10.240745194931176,10.204777,10.197106,0.03971187650637731,0.003743445491217301,-0.003926957035638168
258,10.206403005628498,10.240745194931176,10.195456,10.189006,0.034342189302677184,-0.01094745448103751,-0.01739715388289298
259,10.220813375077594,10.240745194931176,10.1874485,10.182789,0.019931819853582056,-0.033364873490679514,-0.03802452620064045
260,10.238351353460745,10.220813375077594,10.240199,10.235632,-0.017537978383151298,0.001847735589548094,-0.0027194107117214372
261,10.259447240740453,10.220813375077594,10.258071,10.252909,-0.038633865662859534,-0.0013762950007070174,-0.006538534075414049
262,10.278665259705836,10.220813375077594,10.273963,10.271764,-0.05785188462824209,-0.004702285157495822,-0.006901458131128635
263,10.29055105146374,10.220813375077594,10.287839,10.290858,-0.06973767638614703,-0.002712115611689825,0.00030721727405236265
264,10.298397146704776,10.220813375077594,10.299555,10.309354,-0.07758377162718233,0.0011576781243256562,0.010956681725399875
265,10.304208089613535,10.298397146704776,10.303101,10.300388,-0.005810942908759387,-0.001107503676035293,-0.003819753431894668
266,10.31211432398187,10.298397146704776,10.307525,10.300161,-0.013717177277094095,-0.004589642890561407,-0.011952962287534064
267,10.31214755154081,10.298397146704776,10.3114605,10.297902,-0.013750404836034846,-0.0006870565456935651,-0.014245444302041221
268,10.311416290082265,10.298397146704776,10.314961,10.293873,-0.013019143377489328,0.0035451433283792966,-0.01754345683031211
269,10.31088412749404,10.298397146704776,10.317922,10.289125,-0.012486980789264024,0.007037510994729601,-0.021758684989157118
270,10.310751042585672,10.31088412749404,10.310245,10.3114605,0.00013308490836827502,-0.0005064823439724364,0.0007094524094455323
271,10.310717768590958,10.31088412749404,10.309724,10.312017,0.00016635890308158707,-0.0009939145260169369,0.0012996722049400944
272,10.309752340814857,10.31088412749404,10.309164,10.312516,0.0011317866791831221,-0.0005882935736458705,0.002763871648522098
273,10.310850857927372,10.31088412749404,10.308642,10.312862,3.326956666782621e-05,-0.0022084705372353852,0.002011538312862271
274,10.315928274380717,10.31088412749404,10.30832,10.313495,-0.00504414688667687,-0.007608228909525394,-0.0024335920687050816
275,10.320387038269955,10.315928274380717,10.320426,10.317521,-0.004458763889237716,3.894897369782768e-05,-0.00286594299407561
276,10.317284520763828,10.315928274380717,10.324618,10.319168,-0.0013562463831107152,0.007333818774746703,0.0018835700564849844
277,10.317978471851605,10.315928274380717,10.328312,10.320288,-0.002050197470888193,0.010333448314410631,0.002309232616168444
278,10.31639158974129,10.315928274380717,10.331575,10.320572,-0.0004633153605730911,0.015183803935467921,0.0041803096727726086
279,10.31539850812768,10.315928274380717,10.334474,10.320559,0.0005297662530363567,0.019075101796635963,0.005160039845952369
280,10.320090405054748,10.31539850812768,10.318466,10.314229,-0.004691896927067063,-0.0016242185313100066,-0.005861393519102975
281,10.335269968961665,10.31539850812768,10.321088,10.312946,-0.0198714608339845,-0.014182131742426662,-0.02232364938158682
282,10.340806561758198,10.31539850812768,10.323344,10.311604,-0.025408053630517458,-0.017462331106342432,-0.029203015615619776
283,10.341806997515238,10.31539850812768,10.325318,10.310503,-0.02640848938755802,-0.016488661028422058,-0.03130399153379315
284,10.345316733380217,10.31539850812768,10.326913,10.309393,-0.029918225252536956,-0.018403853436369744,-0.03592380430306896
285,10.347147206442262,10.345316733380217,10.341067,10.344071,-0.0018304730620446463,-0.0060798922943128275,-0.00307581819763314
286,10.34341849752557,10.345316733380217,10.337345,10.3422,0.0018982358546466571,-0.006073374234555118,-0.001218218289730899
287,10.333872889604514,10.345316733380217,10.333844,10.339436,0.0114438437757034,-2.870472902571919e-05,0.0055626877880641246
288,10.314669620973522,10.345316733380217,10.330859,10.336184,0.030647112406695598,0.016189563291614917,0.02151392700011101
289,10.300180968257168,10.345316733380217,10.328234,10.332387,0.04513576512304951,0.028052750614902422,0.03220600226285164
290,10.283942497640124,10.300180968257168,10.288028,10.286256,0.016238470617043532,0.00408526572657486,0.002313338846692048
291,10.273256395986017,10.300180968257168,10.276659,10.272795,0.026924572271150637,0.0034026158548030594,-0.0004616724752750656
292,10.255411227049374,10.300180968257168,10.266401,10.259967,0.04476974120779431,0.010990063844181108,0.0045556232313881395
293,10.232719354644702,10.300180968257168,10.257342,10.248302,0.0674616136124655,0.024622983917309327,0.015583105072094483
294,10.219757081839822,10.300180968257168,10.249649,10.238099,0.08042388641734632,0.029891966011740934,0.01834201636574484
295,10.206993760334793,10.219757081839822,10.209703,10.205815,0.012763321505028458,0.0027096850997772037,-0.0011784450882110775
296,10.202220834799924,10.219757081839822,10.200428,10.193973,0.017536247039897646,-0.0017928257667207959,-0.008248247214474702
297,10.203481027702058,10.219757081839822,10.192167,10.183002,0.016276054137764007,-0.011313745597565372,-0.020478555778229435
298,10.205848855956967,10.219757081839822,10.185072,10.1742115,0.013908225882854452,-0.020776910766537426,-0.0316373538817718
299,10.208727086726242,10.219757081839822,10.179007,10.167239,0.011029995113579716,-0.029720510188155913,-0.04148789757829263
300,10.210163101480443,10.208727086726242,10.215612,10.216844,-0.001436014754201409,0.005449310018580178,0.006680503561060647
301,10.211854216180742,10.208727086726242,10.221895,10.226175,-0.0031271294544996664,0.010041001714766296,0.014321092046797546
302,10.208137355405476,10.208727086726242,10.227704,10.236556,0.000589731320765452,0.019566692751261883,0.028418697756144695
303,10.201441686258512,10.208727086726242,10.232719,10.246338,0.00728540046772963,0.03127773512820653,0.04489620436648778
304,10.197350484062989,10.208727086726242,10.237033,10.255163,0.01137660266325291,0.03968240625683528,0.0578127086860345
305,10.187613308785131,10.197350484062989,10.186914,10.189827,0.009737175277857446,-0.0006988648154049315,0.002213656546899756
306,10.163965423497027,10.197350484062989,10.177318,10.181846,0.03338506056596202,0.01335219582670355,0.017880241481000425
307,10.141204395699798,10.197350484062989,10.168736,10.173999,0.05614608836319057,0.027532062124908663,0.03279443700283835
308,10.13428176278086,10.197350484062989,10.161184,10.166391,0.06306872128212859,0.02690254813222559,0.032109609899803715
309,10.12330558042176,10.197350484062989,10.154904,10.158997,0.07404490364122829,0.03159878511779013,0.03569100160948935
310,10.115044234598418,10.12330558042176,10.109009,10.110071,0.00826134582334248,-0.006035445535918171,-0.004973052347441609
311,10.095511884791467,10.12330558042176,10.09589,10.098579,0.02779369563029377,0.00037816037454874163,0.0030675219468143666
312,10.077314801294376,10.12330558042176,10.084366,10.089199,0.045990779127384585,0.007051043432186432,0.011884264867733307
313,10.072048194080045,10.12330558042176,10.07419,10.081819,0.051257386341715616,0.0021419456904627765,0.00977038654739637
314,10.058309435627498,10.12330558042176,10.065565,10.076105,0.06499614479426263,0.007255673625431669,0.017795682170353544
315,10.036487553997372,10.058309435627498,10.044008,10.043724,0.021821881630126327,0.007520701007511121,0.007236506061222059
316,10.023534689845578,10.058309435627498,10.030656,10.030694,0.0347747457819203,0.00712117105530119,0.00715931802795744
317,10.017887092844624,10.058309435627498,10.0187235,10.01978,0.0404223427828736,0.000836395009379487,0.001893066151957612
318,10.017084059118668,10.058309435627498,10.008367,10.010911,0.04122537650883018,-0.008717474340835807,-0.006173071264663932
319,10.018065457243562,10.058309435627498,9.999547,10.003676,0.0402439783839359,-0.01851845254385509,-0.014389042753816028
320,10.027075926780746,10.018065457243562,10.024409,10.025155,-0.009010469537184207,-0.00266663265232836,-0.0019208593368986726
321,10.034515814942532,10.018065457243562,10.030438,10.034621,-0.016450357698969853,-0.004077391785793694,0.00010542376596411884
322,10.038018445493734,10.018065457243562,10.035772,10.045975,-0.019952988250171444,-0.0022461218853351284,0.007956285951578934
323,10.037362636092155,10.018065457243562,10.040474,10.05782,-0.019297178848592722,0.003111301896126406,0.020457684037239687
324,10.033506533859862,10.018065457243562,10.044497,10.0693655,-0.015441076616300009,0.010990002395020682,0.03585896754394646
325,10.017441042611972,10.033506533859862,10.027275,10.034602,0.016065491247889696,0.009834042837246315,0.017161122610195534
326,10.000251220968435,10.033506533859862,10.021392,10.03375,0.033255312891427025,0.021140647622873487,0.033498359414865675
327,9.98419157995109,10.033506533859862,10.01595,10.031058,0.049314953908771386,0.031758622990803786,0.0468667315113116
328,9.962275194019217,10.033506533859862,10.011202,10.02711,0.07123133984064545,0.04892666450129113,0.06483490577326378
329,9.929496371717178,10.033506533859862,10.0072775,10.022652,0.10401016214268388,0.07778111699131784,0.093155300646103
330,9.896160777149667,9.929496371717178,9.898904,9.900268,0.033335594567510896,0.0027430695910553027,0.00410682386351624
331,9.8633424122317,9.929496371717178,9.87076,9.872303,0.06615395948547764,0.007417551757557206,0.008960596801502518
332,9.836171845251261,9.929496371717178,9.84553,9.846146,0.09332452646591705,0.00935771102315286,0.009973784631551297
333,9.818855161695424,9.929496371717178,9.823596,9.822759,0.11064121002175398,0.004740838975962447,0.0039035129261577595
334,9.797960356321202,9.929496371717178,9.804918,9.801944,0.1315360153959766,0.006957932863368654,0.003983422670497561
335,9.784366121628265,9.797960356321202,9.787516,9.7825165,0.013594234692936524,0.0031495186305239287,-0.0018496421360776338
336,9.770184705221707,9.797960356321202,9.777921,9.770374,0.027775651099494425,0.007736017739718548,0.00018959287399589186
337,9.771440771615795,9.797960356321202,9.769613,9.762306,0.026519584705406274,-0.0018275056245844468,-0.009134558236889134
338,9.780076207620892,9.797960356321202,9.762534,9.758525,0.01788414870030941,-0.017542066080364904,-0.02155131290653678
339,9.791773562906126,9.797960356321202,9.756518,9.756316,0.006186793415075442,-0.0352551989534895,-0.03545737790856762
340,9.811975152030021,9.791773562906126,9.801878,9.800724,-0.020201589123894692,-0.01009717656615372,-0.011251122489005283
341,9.835262243540562,9.791773562906126,9.811903,9.812127,-0.043488680634435894,-0.023359243662632423,-0.023135130198276954
342,9.856500761311791,9.791773562906126,9.821042,9.824772,-0.06472719840566477,-0.0354587004597402,-0.031728880208275356
343,9.866045257060257,9.791773562906126,9.829276,9.837304,-0.07427169415413104,-0.03676917216035491,-0.0287411417648471
344,9.873646710525106,9.791773562906126,9.836478,9.849017,-0.08187314761898001,-0.037168477187703886,-0.02462956727559451
345,9.878323578872578,9.873646710525106,9.868849,9.87282,-0.004676868347472052,-0.009474778213398594,-0.005503678359882969
346,9.87261588886904,9.873646710525106,9.864452,9.869358,0.001030821656065939,-0.008163526808493415,-0.0032578261248996654
347,9.861779749136337,9.873646710525106,9.860598,9.864051,0.01186696138876897,-0.0011821386627044461,0.002271116037002585
348,9.831131890343988,9.873646710525106,9.85728,9.856588,0.042514820181118296,0.026147887182867535,0.025456473303473004
349,9.791493975575202,9.873646710525106,9.854494,9.848048,0.08215273494990427,0.06300011927343085,0.05655423456884101
350,9.749578510178852,9.791493975575202,9.758902,9.756886,0.04191546539635027,0.00932308589048425,0.007307018385601438
351,9.720645860495285,9.791493975575202,9.728823,9.722259,0.07084811507991695,0.008176847634597806,0.001612707314773587
352,9.702288939972483,9.791493975575202,9.702101,9.689478,0.08920503560271875,-0.00018818618830351852,-0.012811019440256644
353,9.698797679880165,9.791493975575202,9.678841,9.658257,0.09269629569503657,-0.01995704267313414,-0.04054114911844664
354,9.69566355532975,9.791493975575202,9.659267,9.629981,0.09583042024545207,-0.03639612979264051,-0.06568251437516004
355,9.694431800539537,9.69566355532975,9.702793,9.702691,0.001231754790213202,0.008361320798353944,0.008259277646498475
356,9.692704790920137,9.69566355532975,9.709421,9.713389,0.002958764409612513,0.016716366916776693,0.0206846057473431
357,9.700452954144632,9.69566355532975,9.715293,9.727492,-0.004789398814882162,0.014839976458395299,0.02703937831386405
358,9.714685039642484,9.69566355532975,9.720595,9.743874,-0.019021484312734316,0.005910320159761895,0.02918855654892205
359,9.73032393352694,9.69566355532975,9.725187,9.760463,-0.0346603781971897,-0.005136631891197396,0.030138827398353385
360,9.744315955640873,9.73032393352694,9.742989,9.741149,-0.0139920221139338,-0.0013273692150921335,-0.0031670069714397897
361,9.763190466997406,9.73032393352694,9.754496,9.751598,-0.03286653347046631,-0.00869484626986683,-0.011592108843109017
362,9.778887584302797,9.73032393352694,9.764658,9.759934,-0.04856365077585778,-0.014229610059633302,-0.018953158948793458
363,9.798571382586568,9.73032393352694,9.773494,9.765758,-0.0682474490596281,-0.02507761580189971,-0.03281382185658721
364,9.807637226879294,9.73032393352694,9.780993,9.769708,-0.07731329335235415,-0.026643765270407016,-0.03792954713075858
365,9.810878720803464,9.807637226879294,9.820127,9.818893,-0.003241493924170058,0.009247812704836988,0.008014711813723707
366,9.818800744368934,9.807637226879294,9.831499,9.827586,-0.011163517489640284,0.012698355362511293,0.00878542964229645
367,9.824281994355152,9.807637226879294,9.841653,9.834261,-0.016644767475858302,0.01737087582307062,0.009978946196605776
368,9.820703591057207,9.807637226879294,9.850529,9.839156,-0.013066364177912959,0.02982512598380893,0.0184525597606644
369,9.814219084777946,9.807637226879294,9.858008,9.842205,-0.006581857898652288,0.04378929992664382,0.027985962829475852
370,9.814055065204576,9.814219084777946,9.800426,9.806098,0.00016401957337031092,-0.013629535724595243,-0.007957080890610868
371,9.817439347910675,9.814219084777946,9.787687,9.796953,-0.003220263132728718,-0.029752046274932553,-0.020486146616729428
372,9.822331725575118,9.814219084777946,9.776404,9.787307,-0.008112640797172332,-0.04592734477677851,-0.03502493999162226
373,9.83037908071549,9.814219084777946,9.766728,9.777753,-0.016159995937544025,-0.06365067953140802,-0.052626204433751766
374,9.839642124487375,9.814219084777946,9.758619,9.768542,-0.025423039709428608,-0.08102281601569494,-0.07109983475348791
375,9.844268192876157,9.839642124487375,9.849014,9.850518,-0.004626068388782656,0.004746089350405214,0.00625003374737787
376,9.844586444615967,9.839642124487375,9.857913,9.861125,-0.004944320128592139,0.01332657265698245,0.0165385477546387
377,9.840973647146885,9.839642124487375,9.866042,9.871048,-0.0013315226595107532,0.02506848999911071,0.030074326485927116
378,9.833815879286808,9.839642124487375,9.873191,9.879743,0.0058262452005664045,0.03937500053496912,0.045926743088680055
379,9.830271490204868,9.839642124487375,9.87934,9.887071,0.009370634282506174,0.04906868160909639,0.05679916561788545
380,9.823361508056843,9.830271490204868,9.826568,9.824503,0.0069099821480254064,0.0032061417844655438,0.0011414368894460125
381,9.823090615464098,9.830271490204868,9.8232975,9.818427,0.007180874740770449,0.0002068851462535548,-0.004663529587633164
382,9.823090615464098,9.830271490204868,9.820339,9.8131075,0.007180874740770449,-0.0027514125832386327,-0.009983124924547226
383,9.822006310668245,9.830271490204868,9.817858,9.808438,0.008265179536623535,-0.004148568358674609,-0.01356800958181914
384,9.823090615464098,9.830271490204868,9.815795,9.804122,0.007180874740770449,-0.007295670700914414,-0.018968644333726914
385,9.818637474619734,9.823090615464098,9.822402,9.824348,0.004453140844363546,0.0037645258075116317,0.005710975087296788
386,9.81126260849361,9.823090615464098,9.821827,9.826537,0.011828006970487692,0.01056432632084281,0.015274523769573278
387,9.795345393916424,9.823090615464098,9.821243,9.82877,0.027745221547673893,0.025897892216388385,0.03342428992146651
388,9.757999245787522,9.823090615464098,9.820722,9.830615,0.06509136967657625,0.06272238049421652,0.07261579785261496
389,9.700024071988745,9.823090615464098,9.820462,9.83214,0.12306654347535328,0.12043815487893106,0.1321158968833256
390,9.668271419987649,9.700024071988745,9.6609125,9.6641445,0.03175265200109578,-0.007358906254738784,-0.004126903996438003
391,9.634365505605256,9.700024071988745,9.624933,9.627586,0.06565856638348855,-0.009432262807404612,-0.006779140859162425
392,9.59212735272977,9.700024071988745,9.59298,9.593488,0.10789671925897437,0.0008530320968898053,0.0013603868332179303
393,9.55824698622306,9.700024071988745,9.565436,9.561107,0.14177708576568548,0.007189376997155605,0.0028596956006712304
394,9.54287630006159,9.700024071988745,9.542087,9.531101,0.15714777192715523,-0.0007896988042652708,-0.011775073254948865
395,9.529593783265282,9.54287630006159,9.532547,9.523802,0.01328251679630732,0.0029532138050303303,-0.005791979676414982
396,9.521934264474277,9.54287630006159,9.523206,9.508633,0.020942035587312446,0.001271492666836238,-0.013301604562167668
397,9.514215624322713,9.54287630006159,9.514771,9.497279,0.028660675738876762,0.0005558371641036786,-0.01693645714741976
398,9.510074525452104,9.54287630006159,9.507771,9.489826,0.03280177460948508,-0.0023039871220262853,-0.020248323059526285
399,9.499121839871265,9.54287630006159,9.501774,9.486494,0.043754460190324806,0.002651994357250942,-0.012627775540209996
400,9.48524111006323,9.499121839871265,9.496381,9.495377,0.013880729808034786,0.011139695906008384,0.010135476850832603
401,9.47654341275084,9.499121839871265,9.493814,9.495414,0.02257842712042546,0.01727105563294984,0.01887036746156312
402,9.471396088360253,9.499121839871265,9.491714,9.498184,0.027725751511011865,0.020317435504493275,0.02678811574130968
403,9.467228129254552,9.499121839871265,9.489662,9.5030365,0.03189371061671231,0.02243404115560388,0.03580836976888513
404,9.462654300590172,9.499121839871265,9.487996,9.509286,0.0364675392810927,0.025341800789222546,0.04663162622867567
405,9.457200449907708,9.462654300590172,9.456863,9.4560795,0.005453850682464179,-0.0003370465873953066,-0.001120966875481244
406,9.453757028129948,9.462654300590172,9.451285,9.450699,0.008897272460224315,-0.0024716658862953267,-0.0030581755908851704
407,9.456887901069408,9.462654300590172,9.446457,9.445658,0.005766399520764409,-0.010430991889720076,-0.011230170966868513
408,9.473012281423795,9.462654300590172,9.442379,9.441209,-0.01035798083362316,-0.03063328362106077,-0.03180344200729124
409,9.47093383873723,9.462654300590172,9.438784,9.437487,-0.008279538147057508,-0.03215019310734668,-0.03344719017765918
410,9.468233115617211,9.47093383873723,9.472718,9.477055,0.0027007231200180115,0.004485123213354925,0.008821480330054143
411,9.46405192485681,9.47093383873723,9.474516,9.484713,0.006881913880420143,0.010463990060182837,0.020660675851198462
412,9.458605712064172,9.47093383873723,9.476313,9.492357,0.012328126673057938,0.017706925264930007,0.03375154196414876
413,9.455401958591322,9.47093383873723,9.478018,9.4988785,0.01553188014590745,0.022615848415513895,0.04347652041258421
414,9.452187908084165,9.47093383873723,9.479505,9.504555,0.018745930653064846,0.027316677181948634,0.0523668404509916
415,9.452266422589759,9.452187908084165,9.448475,9.446966,-7.851450559392958e-05,-0.0037915385565554516,-0.005300251325110139
416,9.452187908084165,9.452187908084165,9.4449005,9.442256,0.0,-0.007287395388852147,-0.009931934268246678
417,9.448017793067429,9.452187908084165,9.441867,9.438343,0.00417011501673592,-0.006150918372604508,-0.009674744971725602
418,9.447150114054207,9.452187908084165,9.439232,9.434875,0.005037794029957965,-0.007918241495612932,-0.012275579447273088
419,9.448254302193842,9.452187908084165,9.436902,9.4320755,0.003933605890322767,-0.011352255990228599,-0.01617880170556063
420,9.45985317831046,9.448254302193842,9.447452,9.448893,-0.011598876116618584,-0.012401586818761245,-0.010960584926671402
421,9.462421173184989,9.448254302193842,9.446694,9.449728,-0.014166870991147107,-0.01572679910051633,-0.01269316110002805
422,9.459697330106295,9.448254302193842,9.445771,9.449927,-0.011443027912452663,-0.013926112760103138,-0.0097700000892047
423,9.451245252869034,9.448254302193842,9.445044,9.449599,-0.002990950675192394,-0.006201689026260837,-0.0016459868167881808
424,9.442166123673227,9.448254302193842,9.444409,9.449637,0.006088178520615273,0.0022432467491366737,0.007471289351675736
425,9.428833125074965,9.442166123673227,9.434904,9.435589,0.01333299859826198,0.00607097343577756,0.006755711594957248
426,9.403684292051873,9.442166123673227,9.42819,9.428123,0.03848183162135399,0.02450593927136957,0.024439182069221133
427,9.38538551979936,9.442166123673227,9.422229,9.420106,0.0567806038738663,0.03684329337202641,0.034720414343706096
428,9.366061246972958,9.442166123673227,9.416963,9.412103,0.07610487670026878,0.050901376623233574,0.046041452306827324
429,9.272939513732702,9.442166123673227,9.412471,9.404331,0.16922660994052485,0.1395313038332162,0.13139169354268887
430,9.2140335438138,9.272939513732702,9.227561,9.233332,0.058905969918901846,0.013527453195477435,0.019298136484051653
431,9.167954655479745,9.272939513732702,9.185955,9.195392,0.10498485825295667,0.01800039212767679,0.027436999488516634
432,9.130539301772627,9.272939513732702,9.14943,9.160424,0.14240021196007469,0.018890973190751836,0.029884930710283086
433,9.11305824916963,9.272939513732702,9.118328,9.128108,0.15988126456307228,0.005269845312792398,0.015049775427538492
434,9.086023537468803,9.272939513732702,9.091939,9.099818,0.186915976263899,0.005915435004341774,0.013794692206490211
435,9.034438166984412,9.086023537468803,9.068351,9.062557,0.051585370484390936,0.03391262494674052,0.028119053474572553
436,8.970686268534983,9.086023537468803,9.052121,9.042714,0.11533726893381946,0.08143489387956748,0.07202785042253623
437,8.928640371201949,9.086023537468803,9.0376835,9.027398,0.1573831662668539,0.1090431157365277,0.09875773823408629
438,8.89192414015454,9.086023537468803,9.025276,9.0163355,0.19409939731426284,0.13335204392749134,0.12441134721118274
439,8.884887201837403,9.086023537468803,9.014731,9.00912,0.2011363356314,0.12984420532812457,0.1242327856503902
440,8.881558488638976,8.884887201837403,8.881785,8.868671,0.003328713198426314,0.00022690412225401246,-0.012887071402648331
441,8.878636747430072,8.884887201837403,8.879204,8.8549185,0.006250454407330963,0.0005670489566469428,-0.023718267510638213
442,8.867427438524983,8.884887201837403,8.877042,8.844813,0.01745976331242005,0.009614378186443062,-0.02261409166218975
443,8.873187904050106,8.884887201837403,8.875043,8.838138,0.01169929778729717,0.0018550112941326802,-0.03505027740215638
444,8.87164566750187,8.884887201837403,8.87351,8.835967,0.01324153433553299,0.0018646932159036567,-0.03567860359806119
445,8.867427438524983,8.87164566750187,8.875687,8.874165,0.004218228976887062,0.008259206982829781,0.006737142773845406
446,8.874867635688053,8.87164566750187,8.879322,8.877807,-0.003221968186183588,0.004454416313899756,0.002939027825130225
447,8.887652690325586,8.87164566750187,8.882409,8.880059,-0.016007022823716355,-0.005243594561425979,-0.007593448077050979
448,8.905037290766998,8.87164566750187,8.885091,8.882645,-0.033391623265128345,-0.019946462825103595,-0.022392637446685626
449,8.920121751872404,8.87164566750187,8.8872385,8.883914,-0.04847608437053452,-0.0328832493699629,-0.036207758036955084
450,8.926517509850122,8.920121751872404,8.949399,8.9464,-0.006395757977717409,0.02288148459567907,0.019882178870581413
451,8.922791623969635,8.920121751872404,8.976066,8.971886,-0.0026698720972309076,0.05327401171151713,0.04909405718270854
452,8.919988070968522,8.920121751872404,8.999614,8.995917,0.00013368090388254927,0.07962569093333371,0.07592924928294309
453,8.901230352110781,8.920121751872404,9.019907,9.018365,0.018891399761622907,0.11867664556988267,0.11713455420025376
454,8.876125585396185,8.920121751872404,9.036944,9.038125,0.0439961664762194,0.16081880394707682,0.16199945275078775
455,8.852950887099581,8.876125585396185,8.859944,8.864755,0.02317469829660368,0.006993456467313308,0.011803789719266433
456,8.840580188488795,8.876125585396185,8.845092,8.853601,0.03554539690738956,0.00451163127438825,0.013021267199681219
457,8.835501457409778,8.876125585396185,8.831715,8.841985,0.04062412798640658,-0.0037868272828252003,0.006483291430553706
458,8.839131752546109,8.876125585396185,8.820238,8.831105,0.03699383285007585,-0.018893639142788743,-0.008026520307339524
459,8.85907931788153,8.876125585396185,8.810561,8.821387,0.017046267514654545,-0.048518137766784264,-0.037692026926940514
460,8.889859587773016,8.85907931788153,8.873413,8.871853,-0.03078026989148519,-0.016446501835515548,-0.018006713017156173
461,8.941283763647567,8.85907931788153,8.886409,8.886761,-0.08220444576603647,-0.05487495780039886,-0.054523051977644954
462,9.09133158539398,8.85907931788153,8.897797,8.9027,-0.23225226751245032,-0.19353495453460567,-0.18863116119964474
463,9.16858043772795,8.85907931788153,8.907441,8.918613,-0.3095011198464199,-0.2611392985067589,-0.24996700389005966
464,9.243388226022383,8.85907931788153,8.915547,8.934307,-0.38430890814085217,-0.327840855111738,-0.30908112763371065
465,9.301733800405392,9.243388226022383,9.283336,9.29281,-0.05834557438300969,-0.018398114675411747,-0.008923360341915654
466,9.354700422483019,9.243388226022383,9.319899,9.3348675,-0.11131219646063606,-0.0348018171363389,-0.019832945066026397
467,9.405742668308667,9.243388226022383,9.352261,9.369345,-0.1623544422862846,-0.053482078709057745,-0.03639795700495618
468,9.450459027496354,9.243388226022383,9.380295,9.396308,-0.2070708014739715,-0.07016422769166653,-0.05415108224488918
469,9.481359383531425,9.243388226022383,9.403744,9.416788,-0.23797115750904219,-0.07761563963494034,-0.06457128233513565
470,9.478916074688227,9.481359383531425,9.496221,9.497413,0.0024433088431976557,0.017304513995854975,0.018496606891362788
471,9.47116499025808,9.481359383531425,9.509813,9.510424,0.010194393273344815,0.038648318457740416,0.039258670020240416
472,9.455245415071905,9.481359383531425,9.521604,9.522716,0.0261139684595193,0.06635816921764537,0.06747015347057506
473,9.454853949026585,9.481359383531425,9.531482,9.5333185,0.026505434504839442,0.07662779383230145,0.07846457056569989
474,9.470779708034089,9.481359383531425,9.539722,9.543449,0.010579675497336183,0.0689427345928646,0.07266969382138022
475,9.495218517095228,9.470779708034089,9.482661,9.481507,-0.02443880906113982,-0.012557269841810381,-0.013711215764661944
476,9.516353401112687,9.470779708034089,9.493345,9.493432,-0.045573693078598154,-0.023008140492569495,-0.022921356129776527
477,9.53885243891622,9.470779708034089,9.502468,9.5055685,-0.06807273088213073,-0.03638432978535988,-0.03328393458272316
478,9.564792848061815,9.470779708034089,9.510206,9.517432,-0.09401314002772665,-0.05458662552763549,-0.047360635232225334
479,9.577064651767916,9.470779708034089,9.516571,9.531615,-0.10628494373382757,-0.060493606846041104,-0.04544939450473251
480,9.582041849931537,9.577064651767916,9.587137,9.589057,-0.004977198163620855,0.005095372358502104,0.007015118757427885
481,9.590077331511615,9.577064651767916,9.596255,9.598389,-0.013012679743699351,0.006177970917583764,0.008311340363384545
482,9.594377532670727,9.577064651767916,9.604316,9.604815,-0.01731288090281069,0.00993822508073805,0.010436996748218519
483,9.595806833577656,9.577064651767916,9.6112795,9.608618,-0.018742181809740188,0.01547265403220699,0.012810949015117146
484,9.593423529191217,9.577064651767916,9.617134,9.610658,-0.016358877423300555,0.02371056504706459,0.017234162764349747
485,9.5926733160273,9.593423529191217,9.588751,9.59026,0.0007502131639167686,-0.003922476793901453,-0.002413764025346765
486,9.587886000086213,9.593423529191217,9.584352,9.586716,0.005537529105003713,-0.003534460474396539,-0.0011703018440254453
487,9.579556347409225,9.593423529191217,9.580257,9.583343,0.013867181781991533,0.0007010683622592495,0.0037862047758334683
488,9.556550752867032,9.593423529191217,9.576682,9.580351,0.036872776324184287,0.02013133789224497,0.023800122987459815
489,9.517972119735584,9.593423529191217,9.573699,9.577463,0.07545140945563311,0.05572687776197505,0.059491030288830515
490,9.486076373409563,9.517972119735584,9.489446,9.488602,0.0318957463260201,0.0033693129307685865,0.0025253111607490553
491,9.476849879195163,9.517972119735584,9.463103,9.460824,0.04112224054042102,-0.013746584822603936,-0.016025866438814873
492,9.46815584482167,9.517972119735584,9.439428,9.435404,0.049816274913913716,-0.028727515353896393,-0.03275202096913077
493,9.462343451970945,9.517972119735584,9.4188,9.411461,0.055628667764638706,-0.04354309796703859,-0.05088257550610109
494,9.455088847042777,9.517972119735584,9.401352,9.390217,0.06288327269280636,-0.05373691833183969,-0.06487201965019906
495,9.428993858017527,9.455088847042777,9.455074,9.452717,0.02609498902524976,0.026080452285206945,0.023722969375050695
496,9.417435838868785,9.455088847042777,9.455143,9.453209,0.037653008173991864,0.0377071359847303,0.035773084471058425
497,9.405742668308667,9.455088847042777,9.4551,9.455237,0.04934617873411007,0.04935739120061022,0.04949472030217272
498,9.397566548103592,9.455088847042777,9.455183,9.458259,0.057522298939185035,0.05761648107121253,0.06069208074162269
499,9.398892478520773,9.455088847042777,9.455023,9.462066,0.05619636852200394,0.056130333368875185,0.06317321819553534
500,9.412382853382338,9.398892478520773,9.401312,9.398828,-0.013490374861564902,-0.011070978992689717,-0.013555300586927999
501,9.445886690007434,9.398892478520773,9.40337,9.400242,-0.04699421148666083,-0.04251678644298096,-0.04564483820079346
502,9.470008697972764,9.398892478520773,9.405098,9.402365,-0.07111621945199076,-0.06491073654698276,-0.06764396713780307
503,9.488805094878353,9.398892478520773,9.406448,9.405213,-0.08991261635758008,-0.08235673062054083,-0.08359173886028692
504,9.49822242443063,9.398892478520773,9.407491,9.408208,-0.09932994590985622,-0.09073169414498494,-0.09001453105904744
505,9.501366845678353,9.49822242443063,9.502787,9.509731,-0.0031444212477236277,0.0014197906741859612,0.008364447046256274
506,9.490242257109001,9.49822242443063,9.506912,9.51751,0.007980167321628429,0.016669974336311455,0.02726815701453411
507,9.475470039957452,9.49822242443063,9.510497,9.521755,0.0227523844731774,0.03502705324323152,0.0462851785484073
508,9.458059455856434,9.49822242443063,9.513495,9.522531,0.040162968574195546,0.055435989395030916,0.06447109986866373
509,9.440419814291504,9.49822242443063,9.516098,9.520147,0.057802610139125576,0.0756782081694336,0.07972750931689454
510,9.421573272264556,9.440419814291504,9.422507,9.421673,0.018846542026947688,0.0009340138072211346,9.954878036566583e-05
511,9.4054136126953,9.440419814291504,9.406166,9.403653,0.03500620159620382,0.000752463964856176,-0.0017604678588742928
512,9.397068870588344,9.440419814291504,9.391584,9.387494,0.04335094370316028,-0.005484474226038927,-0.009574783369105333
513,9.398644000447685,9.440419814291504,9.378969,9.373445,0.041775813843818455,-0.01967480794280263,-0.025199443257744036
514,9.413281215972873,9.440419814291504,9.368285,9.361387,0.02713859831863097,-0.044996036834689335,-0.05189396316525574
515,9.412055975876772,9.413281215972873,9.426793,9.423919,0.0012252400961010323,0.014737122572935135,0.011862748183286698
516,9.405907155520158,9.413281215972873,9.439313,9.436016,0.00737406045271527,0.03340577935533062,0.030108927243514216
517,9.39880965935637,9.413281215972873,9.450272,9.448207,0.014471556616502568,0.05146194708894214,0.04939724219392261
518,9.392745258631441,9.413281215972873,9.45963,9.460878,0.020535957341431654,0.06688475388076576,0.06813311356094154
519,9.392078425231722,9.413281215972873,9.467444,9.472505,0.02120279074115139,0.0753659946291183,0.08042619055196987
520,9.3868953338758,9.392078425231722,9.385405,9.386323,0.005183091355920766,-0.0014907470838085857,-0.0005723587171093669
521,9.37974553683691,9.392078425231722,9.379384,9.381315,0.012332888394810837,-0.0003614960043911708,0.0015696944863314855
522,9.367002181989559,9.392078425231722,9.374274,9.376133,0.025076243242162732,0.007272071855656037,0.009130783098331818
523,9.347751727799142,9.392078425231722,9.369792,9.371303,0.04432669743257911,0.02204025675896304,0.02355087687615054
524,9.319284458965361,9.392078425231722,9.366021,9.3671255,0.07279396626636014,0.04673669734567376,0.0478410522040722
525,9.285633356011614,9.319284458965361,9.286021,9.2937355,0.033651102953747625,0.00038787659336669833,0.008102148138776855
526,9.249849505070895,9.319284458965361,9.255666,9.267991,0.06943495389446674,0.0058162740428748805,0.018141560908109255
527,9.211339872309265,9.319284458965361,9.228922,9.243069,0.10794458665609596,0.01758201794952363,0.031728822759093944
528,9.17895289873455,9.319284458965361,9.206003,9.2195635,0.14033156023081084,0.027050290352363504,0.04061058545734397
529,9.139059169971219,9.319284458965361,9.18663,9.197587,0.18022528899414247,0.04757107905221858,0.058527843273409985
530,9.106201332235036,9.139059169971219,9.10956,9.108733,0.03285783773618256,0.0033586805823464516,0.002531844950022233
531,9.085797036901582,9.139059169971219,9.082721,9.081989,0.05326213306963723,-0.0030762803708199726,-0.0038077485715035664
532,9.058470422638056,9.139059169971219,9.058937,9.058124,0.08058874733316301,0.0004666501158503422,-0.00034683407604418903
533,9.038602608721872,9.139059169971219,9.038414,9.0374365,0.10045656124934688,-0.00018860725702829484,-0.001166123431344701
534,9.0142038261485,9.139059169971219,9.021049,9.021016,0.12485534382271979,0.006844719688903211,0.006812294762145399
535,8.9987547694957,9.0142038261485,9.004581,8.99906,0.015449056652798276,0.005826681920314769,0.00030490762832258156
536,8.9851948179913,9.0142038261485,8.996053,8.986913,0.029009008157199645,0.010857924013095044,0.0017179093646575438
537,8.980423936374544,9.0142038261485,8.98849,8.979377,0.03377988977395496,0.0080661683007488,-0.0010471434668293256
538,8.989569004807029,9.0142038261485,8.982112,8.976141,0.024634821341470214,-0.007457073959860949,-0.01342802885488048
539,9.004299728561636,9.0142038261485,8.976848,8.975586,0.009904097586863614,-0.02745207994103005,-0.02871379106163552
540,9.015541293671115,9.004299728561636,9.022302,9.012668,-0.011241565109479268,0.00676038021804537,-0.0028736377262905677
541,9.02977726819709,9.004299728561636,9.038847,9.023726,-0.02547753963545496,0.009069701407401709,-0.006050804879219385
542,9.032289682032873,9.004299728561636,9.05337,9.036083,-0.027989953471237783,0.021080793736169667,0.0037935394026735736
543,9.019179866515023,9.004299728561636,9.065769,9.049172,-0.014880137953387162,0.046589329041617944,0.029992534913199975
544,9.009202900924587,9.004299728561636,9.076137,9.061864,-0.004903172362951125,0.06693368812570633,0.05266099830637039
545,9.006509131694346,9.009202900924587,8.996812,8.999034,0.0026937692302411165,-0.00969726493409162,-0.007475203776865058
546,9.012864567410551,9.009202900924587,8.985405,8.987237,-0.003661666485964332,-0.027459599148832226,-0.02562759078701582
547,9.020026965252676,9.009202900924587,8.975316,8.9742365,-0.010824064328089023,-0.044710917584218635,-0.04579047691039051
548,9.018089684104343,9.009202900924587,8.966785,8.961101,-0.008886783179756108,-0.051304253196139626,-0.05698910579623728
549,9.016876974763383,9.009202900924587,8.959391,8.948353,-0.007674073838796147,-0.05748633450459373,-0.06852416104267967
550,9.014447135152134,9.016876974763383,9.019672,9.0223055,0.002429839611249207,0.005225258646694542,0.007858353434292198
551,9.000113045928519,9.016876974763383,9.021922,9.027344,0.016763928834864217,0.021809065582711895,0.027230704071481426
552,8.988570876215116,9.016876974763383,9.02367,9.031921,0.028306098548267045,0.03509932031808738,0.043350510503634254
553,8.98205864280585,9.016876974763383,9.025227,9.035812,0.03481833195753303,0.04316795021172837,0.05375373512383774
554,8.983063289380366,9.016876974763383,9.026462,9.038709,0.033813685383016434,0.04339831187695786,0.055645397448246925
555,8.988695696785708,8.983063289380366,8.981649,8.97846,-0.005632407405341766,-0.007046297981997185,-0.010235384896059685
556,8.997023381479709,8.983063289380366,8.980525,8.97477,-0.013960092099342347,-0.016498364695040735,-0.022253789194552454
557,9.00859131751613,8.983063289380366,8.979523,8.97207,-0.025528028135763492,-0.02906861243800485,-0.03652157722071969
558,9.009202900924587,8.983063289380366,8.978602,8.969559,-0.026139611544220287,-0.030600491561793675,-0.03964418510427414
559,9.007979359844501,8.983063289380366,8.977887,8.968006,-0.02491607046413513,-0.030092206219013207,-0.03997322581129836
560,9.012620873002131,9.007979359844501,9.001991,9.007142,-0.004641513157629618,-0.010629601029474856,-0.005478806046564699
561,9.02304647355567,9.007979359844501,8.996589,9.005659,-0.015067113711168645,-0.02645776658545529,-0.017387370162115445
562,9.027738775974909,9.007979359844501,8.991841,9.002811,-0.019759416130407104,-0.03589745975176406,-0.024927344090142967
563,9.027978814382207,9.007979359844501,8.987732,8.999172,-0.019999454537705574,-0.04024688078845706,-0.028806603688847687
564,9.026778045746095,9.007979359844501,8.984188,8.994842,-0.018798685901593615,-0.04258996591211073,-0.03193647012353651
565,9.021356672308677,9.026778045746095,9.019735,9.024106,0.005421373437417998,-0.0016213360049661674,0.0027493533871236764
566,9.0068768914288,9.026778045746095,9.013111,9.020155,0.019901154317295777,0.0062342230731537995,0.013278061574130362
567,8.995412975433313,9.026778045746095,9.0071535,9.015379,0.03136507031278235,0.011740535614050529,0.019965976593054435
568,8.985820874482041,9.026778045746095,9.001782,9.010084,0.04095717126405418,0.01596154281532236,0.024263277739638767
569,8.975250749643573,9.026778045746095,8.997306,9.004194,0.05152729610252216,0.0220551204125794,0.028943509999981742
570,8.961237781491876,8.975250749643573,8.978689,8.977439,0.014012968151696725,0.017451412233709718,0.016201145204901124
571,8.949494953477961,8.975250749643573,8.981678,8.981023,0.025755796165611855,0.032183055555242035,0.03152788129987094
572,8.941937914256357,8.975250749643573,8.984279,8.985428,0.033312835387215856,0.04234076463768588,0.04348994218895541
573,8.931684110731714,8.975250749643573,8.98629,8.989928,0.043566638911858746,0.05460586729562955,0.058244134812719395
574,8.928640371201949,8.975250749643573,8.987905,8.995687,0.04661037844162408,0.059264177443070665,0.06704615986494566
575,8.933268478636418,8.928640371201949,8.931207,8.932876,-0.004628107434468731,-0.0020617754503824415,-0.000392845396671504
576,8.942591637231851,8.928640371201949,8.933561,8.937852,-0.013951266029902598,-0.009030312158609277,-0.004739731409097558
577,8.958154135209242,8.928640371201949,8.935418,8.942922,-0.029513764007292664,-0.022736006241956375,-0.015232496720472
578,8.988196320995057,8.928640371201949,8.93682,8.948087,-0.05955594979310774,-0.051376290782654266,-0.04010958240863083
579,9.011035410141814,8.928640371201949,8.937932,8.952883,-0.08239503893986466,-0.0731033956764815,-0.058152643418180716
580,9.046644279305392,9.011035410141814,9.036157,9.033715,-0.035608869163578305,-0.010487624947481677,-0.012929031197481677
581,9.09750756370184,9.011035410141814,9.059017,9.054857,-0.08647215356002569,-0.03849038230535484,-0.042650309673518905
582,9.153664194782625,9.011035410141814,9.079143,9.073318,-0.1426287846408112,-0.07452162428701925,-0.08034666701162863
583,9.177197153382929,9.011035410141814,9.096184,9.088443,-0.16616174324111554,-0.08101337652746032,-0.08875435095372985
584,9.200189020919806,9.011035410141814,9.110706,9.099976,-0.18915361077799275,-0.08948269157410316,-0.10021343498230628
585,9.21074029199751,9.200189020919806,9.209749,9.213459,-0.010551271077703817,-0.000991070195752286,0.0027187228950680264
586,9.21094019204815,9.200189020919806,9.218489,9.221999,-0.010751171128344339,0.0075485011891540665,0.011058976347845473
587,9.20693457884135,9.200189020919806,9.2259245,9.226854,-0.006745557921544076,0.01898991304097386,0.019919745499469954
588,9.209640126861789,9.200189020919806,9.232275,9.22889,-0.009451105941982618,0.022634882293484537,0.019250292144558756
589,9.22029070282935,9.200189020919806,9.237532,9.229332,-0.02010168190954431,0.017240959157954094,0.009041267385493157
590,9.246382963323112,9.22029070282935,9.22888,9.234046,-0.0260922604937619,-0.017503034734245304,-0.012336980962272648
591,9.26709870579479,9.22029070282935,9.2366,9.248102,-0.046808002965439854,-0.030498783614614666,-0.018996517684438885
592,9.285355075781627,9.22029070282935,9.243263,9.262596,-0.06506437295227663,-0.04209183115272097,-0.02275894541053347
593,9.313528529772352,9.22029070282935,9.248962,9.276814,-0.09323782694300142,-0.06456612742860202,-0.036714069017957485
594,9.34145634983372,9.22029070282935,9.253759,9.291627,-0.1211656470043696,-0.08769696567844676,-0.04982941959690379
595,9.360138737064577,9.34145634983372,9.369498,9.367353,-0.018682387230857245,0.009359515804074903,0.0072147022664772464
596,9.381769487603714,9.34145634983372,9.394868,9.390655,-0.0403131377699939,0.013098409429977309,0.008885076300094497
597,9.400299355899348,9.34145634983372,9.41728,9.411073,-0.058843006065627534,0.016980841244206957,0.010773375118718675
598,9.41759841406017,9.34145634983372,9.436179,9.428787,-0.07614206422644898,0.018580747011608167,0.011188817385143324
599,9.450852217451484,9.34145634983372,9.451933,9.443886,-0.10939586761776354,0.0010806896530084487,-0.006966414228827489
600,9.484557193474393,9.450852217451484,9.47357,9.472846,-0.033704976022908895,-0.010987323479275446,-0.01171116228542779
601,9.504948404498696,9.450852217451484,9.49425,9.492391,-0.05409618704721275,-0.010698106952309772,-0.012557771869301959
602,9.52083524249312,9.450852217451484,9.512338,9.510134,-0.06998302504163689,-0.008497557861772975,-0.010701499206987819
603,9.557187177595935,9.450852217451484,9.527834,9.525598,-0.10633496014445143,-0.029353238997302356,-0.03158960526927501
604,9.586445324777861,9.450852217451484,9.540711,9.540173,-0.1355931073263772,-0.045733921884794526,-0.04627274787356406
605,9.60588981529697,9.586445324777861,9.60836,9.6089,-0.01944449051910979,0.002470475230373026,0.0030102548934589635
606,9.60951909544164,9.586445324777861,9.62809,9.627228,-0.023073770663778248,0.01857080934351707,0.01770868776148582
607,9.60904937558734,9.586445324777861,9.645384,9.642417,-0.022604050809478693,0.03633445925152756,0.03336757845318772
608,9.59791302724276,9.586445324777861,9.660296,9.65479,-0.011467702464898366,0.06238341288175242,0.05687689737882273
609,9.581834960513193,9.586445324777861,9.672933,9.664714,0.004610364264667766,0.09109766430370136,0.0828788990449123
610,9.563599488613745,9.581834960513193,9.566995,9.56736,0.018235471899448186,0.003395178439477675,0.003760435702661269
611,9.549736900114642,9.581834960513193,9.55341,9.552565,0.03209806039855145,0.0036726763013739117,0.002827720857037974
612,9.538924435748388,9.581834960513193,9.541312,9.537465,0.04291052476480495,0.002387781964014124,-0.0014593402283686885
613,9.529012261114708,9.581834960513193,9.530843,9.523212,0.05282269939848483,0.0018305199521861937,-0.005799828253380213
614,9.523909465379809,9.581834960513193,9.521796,9.510231,0.057925495133384075,-0.002113238878344248,-0.013678447313402842
615,9.51745735706657,9.523909465379809,9.519607,9.51647,0.006452108313238725,0.0021492332044257267,-0.0009874016222344295
616,9.51473205799091,9.523909465379809,9.515607,9.511334,0.009177407388898828,0.0008748221970780179,-0.003397638740421982
617,9.514436985696058,9.523909465379809,9.512098,9.508048,0.00947247968375109,-0.002338673318128315,-0.0063889281399056586
618,9.528939547062684,9.523909465379809,9.509051,9.505876,-0.00503008168287522,-0.019888224125672593,-0.023063959599305406
619,9.537411412656335,9.523909465379809,9.506489,9.505429,-0.013501947276525428,-0.030922612607506395,-0.03198214477303374
620,9.541728276688032,9.537411412656335,9.543237,9.543836,-0.004316864031697065,0.0015084557948785715,0.0021073632655816965
621,9.543234787249512,9.537411412656335,9.548753,9.550343,-0.005823374593177277,0.005517997479492109,0.007107772564941328
622,9.543951376316363,9.537411412656335,9.553644,9.556408,-0.006539963660028292,0.009692803981488751,0.012456552150434064
623,9.55016412883091,9.537411412656335,9.557679,9.56186,-0.01275271617457463,0.007515047499657257,0.011695955702782257
624,9.55669221559184,9.537411412656335,9.5610695,9.565779,-0.019280802935504937,0.004377272933551168,0.009086516707965231
625,9.557611235839621,9.55669221559184,9.557626,9.558939,-0.0009190202477817877,1.4534729226411969e-05,0.0013277442629178182
626,9.557681894733838,9.55669221559184,9.558439,9.560407,-0.000989679141998323,0.0007573600269044078,0.0027247901416505016
627,9.552084402526495,9.55669221559184,9.559045,9.560926,0.004607813065344857,0.0069604354251655565,0.008842034851435088
628,9.541512875502491,9.55669221559184,9.5596695,9.560882,0.015179340089348514,0.018156619126415308,0.01936873918256765
629,9.52602664083756,9.55669221559184,9.560048,9.560376,0.03066557475427878,0.034021462494958854,0.034349526459802604
630,9.50985219618154,9.52602664083756,9.510014,9.510512,0.016174444656019915,0.00016138414072486285,0.0006601558082053316
631,9.474549088242322,9.52602664083756,9.495294,9.49537,0.05147755259523912,0.020744529006213597,0.020820822951526097
632,9.453600226875217,9.52602664083756,9.482052,9.480939,0.07242641396234362,0.028451622490017314,0.02733868456277122
633,9.43220310339067,9.52602664083756,9.470497,9.467446,0.09382353744689098,0.038294027956986554,0.03524322381880296
634,9.418248450647615,9.52602664083756,9.460794,9.455346,0.10777819018994528,0.04254599820492366,0.03709765683529476
635,9.408535277926427,9.418248450647615,9.400153,9.398088,0.009713172721188101,-0.008382117831212454,-0.010446822726231986
636,9.40186940952105,9.418248450647615,9.383259,9.380068,0.016379041126565852,-0.018610589940971423,-0.021801584203666735
637,9.399306471488806,9.418248450647615,9.368247,9.366054,0.01894197915880902,-0.031059439323279037,-0.03325289025101341
638,9.398146859000708,9.418248450647615,9.35522,9.354477,0.020101591646907835,-0.042927017997289596,-0.043669930289770065
639,9.404178688897803,9.418248450647615,9.344245,9.3462715,0.01406976174981267,-0.059933731927587885,-0.057907174005224604
640,9.415645765160512,9.404178688897803,9.410877,9.414376,-0.011467076262709597,-0.004768537377309201,-0.0012695063104146698
641,9.423271958213975,9.404178688897803,9.417116,9.424786,-0.019093269316172723,-0.00615579305284264,0.0015136557996964228
642,9.42512911890764,9.404178688897803,9.422916,9.434624,-0.02095043000983665,-0.0022127065541237556,0.00949459935407937
643,9.430760217368796,9.404178688897803,9.4279,9.44343,-0.026581528470993376,-0.002859903037741418,0.012669729530617957
644,9.437396260110308,9.404178688897803,9.432261,9.451212,-0.03321757121250535,-0.005134793130327608,0.013815669210980985
645,9.46931428029122,9.437396260110308,9.450702,9.450723,-0.031918020180912166,-0.018612566729208524,-0.018591585894247586
646,9.491752831414368,9.437396260110308,9.462606,9.463397,-0.05435657130406035,-0.029146401360657492,-0.02835580535235671
647,9.502188753297379,9.437396260110308,9.472854,9.474628,-0.06479249318707048,-0.02933509271388246,-0.02756030481105043
648,9.513994213937663,9.437396260110308,9.481535,9.484203,-0.07659795382735446,-0.03245925605192035,-0.02979087531461566
649,9.52602664083756,9.437396260110308,9.488588,9.492697,-0.0886303807272526,-0.037438307707677865,-0.03332987875259974
650,9.551586907757695,9.52602664083756,9.536191,9.534229,-0.025560266920134467,-0.015395921124394363,-0.01735762919324202
651,9.561630845638074,9.52602664083756,9.545591,9.539787,-0.03560420480051363,-0.016039491267957118,-0.021843553157605555
652,9.583695426166113,9.52602664083756,9.553781,9.543172,-0.05766878532855202,-0.02991487044101504,-0.040523543536718165
653,9.613068404374461,9.52602664083756,9.560881,9.544539,-0.08704176353690052,-0.05218774336371901,-0.0685289527753401
654,9.660013734748667,9.52602664083756,9.566811,9.544368,-0.13398709391110586,-0.09320312683851029,-0.11564594452649857
655,9.703694249830134,9.660013734748667,9.692515,9.696054,-0.04368051508146742,-0.011178876600153487,-0.007639791211969893
656,9.728419624453482,9.660013734748667,9.722484,9.728689,-0.06840588970481498,-0.005935989504751049,0.0002695692721044196
657,9.753420191271506,9.660013734748667,9.74869,9.757662,-0.09340645652283897,-0.004730539782247689,0.004241628186502311
658,9.745487807887239,9.660013734748667,9.771348,9.782374,-0.08547407313857214,0.025860191685515233,0.036886574131804295
659,9.73613342286396,9.660013734748667,9.7902975,9.803332,-0.07611968811529302,0.05416408537578654,0.06719890593242717
660,9.725018565057663,9.73613342286396,9.726813,9.729975,0.011114857806296286,0.001794751287551577,0.004956181646438296
661,9.714986944665458,9.73613342286396,9.718212,9.722765,0.02114647819850113,0.0032251830200884513,0.007778024206611889
662,9.69769263955653,9.73613342286396,9.710338,9.716414,0.03844078330742917,0.012644999298450088,0.018721812042590713
663,9.685953239986429,9.73613342286396,9.703595,9.711675,0.05018018287753101,0.01764192145155974,0.02572145026015349
664,9.671870704017296,9.73613342286396,9.697857,9.707846,0.06426271884666335,0.02598619905887567,0.03597498384891473
665,9.660523873772611,9.671870704017296,9.659647,9.662864,0.01134683024468508,-0.0008768858575720628,0.0023398576116662184
666,9.655538882302947,9.671870704017296,9.648385,9.656216,0.016331821714349104,-0.007153834390349445,0.0006767854216622737
667,9.648014489106362,9.671870704017296,9.638376,9.651925,0.023856214910933815,-0.009638253144448328,0.003910597868735266
668,9.639717300130659,9.671870704017296,9.629781,9.649739,0.03215340388663712,-0.009936530782514552,0.010021965311235448
669,9.626349693960018,9.671870704017296,9.622543,9.649207,0.04552101005727849,-0.003806358999080217,0.022857421213322127
670,9.619996684702814,9.626349693960018,9.619392,9.622028,0.006353009257203723,-0.0006042896832827438,0.002031666127264131
671,9.574427775630369,9.626349693960018,9.613323,9.61787,0.051921918329648875,0.03889543603955303,0.04344255518017803
672,9.545311482471128,9.626349693960018,9.607952,9.614017,0.0810382114888899,0.06264063544879406,0.0687050504268214
673,9.517825071724143,9.626349693960018,9.603076,9.610132,0.10852462223587445,0.08525090941599345,0.09230714568308329
674,9.498297406622394,9.626349693960018,9.598825,9.606588,0.1280522873376242,0.10052804808952054,0.10829095702506741
675,9.483264073452418,9.498297406622394,9.478565,9.475088,0.015033333169975904,-0.004698857387964495,-0.008175953945581682
676,9.455636727931525,9.498297406622394,9.460761,9.455037,0.042660678690868536,0.005124342319939856,-0.0005996109271304562
677,9.432283202713874,9.498297406622394,9.444824,9.438167,0.06601420390851942,0.012541016036125896,0.005883415633293865
678,9.408207140105599,9.498297406622394,9.431063,9.4248,0.09009026651679441,0.022855558258658704,0.01659277902281886
679,9.389908140573516,9.498297406622394,9.419413,9.414998,0.10838926604887789,0.029504472341523424,0.025089913930878893
680,9.36434818445553,9.389908140573516,9.379735,9.379308,0.025559956117986005,0.015386808525427398,0.014959562431677398
681,9.343821763350663,9.389908140573516,9.370523,9.3718815,0.046086377222852803,0.026701689408126228,0.028059721634688728
682,9.333884558067638,9.389908140573516,9.362443,9.367955,0.05602358250587791,0.02855841220824118,0.034070649757069305
683,9.3350328159335,9.389908140573516,9.355708,9.366542,0.05487532464001532,0.020675306319917652,0.03150904655429265
684,9.33264649636015,9.389908140573516,9.350056,9.367432,0.05726164421336577,0.017409198219928257,0.03478514426485013
685,9.337677620437377,9.33264649636015,9.334889,9.339317,-0.005031124077227389,-0.002788208511107726,0.0016397013399664928
686,9.354094335620879,9.33264649636015,9.337018,9.348472,-0.021447839260728685,-0.017076322620390272,-0.005622694080351209
687,9.365376374075714,9.33264649636015,9.339462,9.359309,-0.032729877715564015,-0.025914093802276383,-0.006067177603545915
688,9.368283850042136,9.33264649636015,9.341649,9.371503,-0.035637353681986284,-0.02663479456117912,0.0032190262396021296
689,9.368283850042136,9.33264649636015,9.343168,9.38305,-0.035637353681986284,-0.025115591375143964,0.014766114862649005
690,9.364433907313582,9.368283850042136,9.365789,9.368967,0.003849942728553657,0.0013555061385659428,0.004533148960831568
691,9.358760377094455,9.368283850042136,9.363481,9.3670845,0.009523472947680744,0.004720190837673499,0.008324126079372718
692,9.35236063199661,9.368283850042136,9.361592,9.363498,0.015923218045525545,0.009231660789033924,0.011137102073213612
693,9.345395602969047,9.368283850042136,9.360056,9.358277,0.02288824707308912,0.01466032049286703,0.012881717892769373
694,9.34233308143468,9.368283850042136,9.358815,9.3513365,0.02595076860745671,0.01648211174159009,0.009003397752332276
695,9.345745008982385,9.34233308143468,9.347936,9.353482,-0.0034119275477060285,0.00219066759232156,0.00773723741654031
696,9.351926736038052,9.34233308143468,9.353064,9.364974,-0.009593654603373025,0.0011368473359709697,0.013047285873568626
697,9.35444071594994,9.34233308143468,9.35758,9.376277,-0.012107634515260202,0.0031394689865837933,0.021836253959728325
698,9.357380114625498,9.34233308143468,9.361517,9.387426,-0.015047033190818127,0.004136837889150868,0.03004626171727587
699,9.352967770225938,9.34233308143468,9.364767,9.398201,-0.010634688791258284,0.01179930435902321,0.04523321854359352
