,Actual,RW_pred,"MLP_pred_[3, 4]","LSTM_pred_[3, 4]",RW_res,"MLP_res_[3, 4]","LSTM_res_[3, 4]"
0,10.039808799894367,10.059679005711038,10.033162829033998,10.022971784239664,0.019870205816671316,-0.006645970860368777,-0.01683701565470308
1,10.009063045084767,10.059679005711038,10.035714653405314,10.02056653787539,0.050615960626270606,0.026651608320547027,0.011503492790621905
2,9.990261401318167,10.059679005711038,10.041459448021243,10.087282467120405,0.06941760439287137,0.05119804670307637,0.09702106580223813
3,9.97375960552146,10.059679005711038,10.046166652620476,10.070256330368636,0.085919400189578,0.07240704709901635,0.0964967248471762
4,9.955652966516807,10.059679005711038,10.041861967936956,10.067675494184526,0.10402603919423115,0.08620900142014953,0.11202252766771892
5,9.931977822935755,10.059679005711038,10.033150373700757,10.117980610518737,0.12770118277528297,0.10117255076500165,0.18600278758298217
6,9.915465529295535,10.059679005711038,10.034569522218685,10.047073917321065,0.1442134764155032,0.11910399292315077,0.13160838802552988
7,9.898675995538905,10.059679005711038,10.010521615405176,10.08744833570454,0.16100301017213248,0.11184561986627095,0.1887723401656345
8,9.889084322225385,10.059679005711038,10.040078880657498,10.086304723460989,0.17059468348565332,0.15099455843211373,0.19722040123560447
9,9.88557813199256,10.059679005711038,10.0209184769866,10.111733197638245,0.17410087371847816,0.1353403449940398,0.22615506564568477
10,9.882468185312053,9.88557813199256,9.875152952596176,9.820699906504112,0.003109946680506681,-0.007315232715876974,-0.061768278807941
11,9.878733688069898,9.88557813199256,9.840435989601634,9.834649424051056,0.00684444392266137,-0.038297698468264585,-0.044084264018842134
12,9.878887435667895,9.88557813199256,9.847506517736186,9.819011297484115,0.006690696324664458,-0.03138091793170972,-0.059876138183780014
13,9.884049858643653,9.88557813199256,9.849807716499605,9.830304639270272,0.0015282733489065947,-0.034242142144048415,-0.05374521937338095
14,9.899529730681785,9.88557813199256,9.815141486203874,9.828031085270876,-0.013951598689224909,-0.08438824447791049,-0.07149864541090878
15,9.920442993185542,9.88557813199256,9.80162805721467,9.79259854819221,-0.03486486119298249,-0.11881493597087278,-0.12784444499333247
16,9.935857932566579,9.88557813199256,9.799763250797607,9.805356303000027,-0.05027980057401926,-0.13609468176897188,-0.13050162956655242
17,9.960670966063581,9.88557813199256,9.776647823139783,9.805981803759614,-0.07509283407102174,-0.18402314292379884,-0.154689162303967
18,9.987415012471414,9.88557813199256,9.781072504326477,9.81401336717972,-0.10183688047885475,-0.20634250814493704,-0.173401645291694
19,10.017307188735588,9.88557813199256,9.800754513050418,9.777887736374488,-0.13172905674302804,-0.21655267568517012,-0.23941945236109952
20,10.040288594028274,10.017307188735588,10.053273027811672,10.007888831367792,-0.02298140529268622,0.012984433783397975,-0.03239976266048217
21,10.051476430249577,10.017307188735588,10.054017917497204,10.06789285493901,-0.03416924151398959,0.0025414872476261507,0.016416424689433384
22,10.06147372459291,10.017307188735588,10.03860459450583,10.084286351898724,-0.044166535857321776,-0.022869130087078915,0.02281262730581446
23,10.066456380814268,10.017307188735588,10.055470482762853,10.073926248739792,-0.04914919207867996,-0.010985898051414367,0.007469867925523843
24,10.0715834020661,10.017307188735588,10.046118654019207,10.08522931176165,-0.054276213330512135,-0.02546474804689325,0.013645909695549463
25,10.068196582013169,10.017307188735588,10.052963315318035,10.09568419696866,-0.05088939327758091,-0.015233266695133807,0.02748761495549168
26,10.061900564278407,10.017307188735588,10.060627294513225,10.133074499780772,-0.04459337554281895,-0.0012732697651820502,0.07117393550236528
27,10.064032034093815,10.017307188735588,10.069946314086383,10.103057450458689,-0.046724845358227185,0.005914279992568439,0.03902541636487378
28,10.075758773476581,10.017307188735588,10.062328055077845,10.098695957304045,-0.05845158474099321,-0.013430718398735664,0.022937183827464125
29,10.092370867165224,10.017307188735588,10.049178716744478,10.105444013823101,-0.07506367842963613,-0.043192150420745534,0.013073146657877288
30,10.101477384966797,10.092370867165224,10.103791099965443,10.101438864714597,-0.009106517801573233,0.002313714998646077,-3.852025220041355e-05
31,10.114518035966535,10.092370867165224,10.0875680284191,10.108491621215132,-0.022147168801311068,-0.026950007547435817,-0.006026414751403308
32,10.12515000756854,10.092370867165224,10.105659551845893,10.121526735029022,-0.03277914040331531,-0.019490455722646516,-0.0036232725395173304
33,10.131140919328166,10.092370867165224,10.122434911095457,10.123017881448856,-0.03877005216294194,-0.00870600823270884,-0.008123037879309791
34,10.137135736495424,10.092370867165224,10.122147223276452,10.16237612691304,-0.04476486933019963,-0.014988513218971988,0.02524039041761661
35,10.142976782386423,10.092370867165224,10.1486793614943,10.14352680278455,-0.05060591522119928,0.005702579107877526,0.0005500203981263496
36,10.148901272496065,10.092370867165224,10.135440861202246,10.183190052018828,-0.056530405330841305,-0.013460411293818808,0.03428877952276288
37,10.157548206485059,10.092370867165224,10.14194907660926,10.156723380247648,-0.06517733931983472,-0.015599129875798923,-0.0008248262374106474
38,10.170380010780352,10.092370867165224,10.158491278096324,10.161757461397304,-0.07800914361512845,-0.011888732684028014,-0.008622549383048295
39,10.184635826136912,10.092370867165224,10.14713368501796,10.177805550701041,-0.09226495897168796,-0.037502141118951116,-0.006830275435870448
40,10.19286818162349,10.184635826136912,10.232317227995923,10.111128354504519,-0.008232355486578413,0.039449046372432406,-0.08173982711897132
41,10.201553030367597,10.184635826136912,10.228454859536765,10.16859452798074,-0.0169172042306851,0.026901829169167613,-0.03295850238685638
42,10.21877263241388,10.184635826136912,10.250581455250705,10.14358664914183,-0.03413680627696891,0.03180882283682429,-0.07518598327205162
43,10.22990945330384,10.184635826136912,10.2747903700305,10.156990106652174,-0.045273627166928065,0.04488091672665995,-0.07291934665166622
44,10.223467391287071,10.184635826136912,10.265168625101863,10.14376892231121,-0.03883156515015962,0.041701233814791294,-0.0796984689758613
45,10.203777313026992,10.184635826136912,10.273515369210688,10.155173146942072,-0.019141486890079662,0.06973805618369688,-0.04860416608491924
46,10.204036490694733,10.184635826136912,10.291464719565365,10.193744579891767,-0.0194006645578213,0.08742822887063184,-0.010291910802965987
47,10.198095585058642,10.184635826136912,10.28258649727349,10.199390035630383,-0.013459758921730014,0.08449091221484828,0.001294450571741379
48,10.201404568800312,10.184635826136912,10.288589360318399,10.212448844956292,-0.016768742663400005,0.08718479151808722,0.011044276155979915
49,10.206403005628498,10.184635826136912,10.286879334201,10.206262037904619,-0.021767179491586575,0.08047632857250164,-0.00014096772387972578
50,10.213322429629041,10.206403005628498,10.188624070880964,10.140442436970028,-0.006919424000543017,-0.024698358748077354,-0.07287999265901313
51,10.225317396349036,10.206403005628498,10.191255943552502,10.169105196643619,-0.018914390720537355,-0.03406145279653394,-0.05621219970541702
52,10.24252791726305,10.206403005628498,10.201840242709771,10.165574413458424,-0.03612491163455189,-0.04068767455327915,-0.07695350380462607
53,10.258150473713906,10.206403005628498,10.20874535794311,10.19601843767978,-0.05174746808540753,-0.04940511577079576,-0.06213203603412509
54,10.27041971092751,10.206403005628498,10.23303811838082,10.186189812703898,-0.06401670529901082,-0.037381592546688935,-0.0842298982236116
55,10.28643434921369,10.206403005628498,10.23716614998435,10.226936524035832,-0.08003134358519226,-0.049268199229340226,-0.05949782517785884
56,10.303538027942794,10.206403005628498,10.21392373868519,10.226703973850563,-0.09713502231429594,-0.08961428925760373,-0.07683405409223099
57,10.31886998765251,10.206403005628498,10.245881845366862,10.196233823808264,-0.11246698202401184,-0.07298814228564865,-0.12263616384424658
58,10.335886661884373,10.206403005628498,10.245584436312157,10.222121778266663,-0.129483656255875,-0.09030222557221634,-0.11376488361771031
59,10.344094553889349,10.206403005628498,10.220865764235329,10.255807986488362,-0.13769154826085028,-0.12322878965401962,-0.08828656740098673
60,10.3495506300728,10.344094553889349,10.309235290319743,10.316031497334377,-0.005456076183451231,-0.040315339753057344,-0.033519132738422996
61,10.353734803416186,10.344094553889349,10.312700455163961,10.320383421147628,-0.009640249526837508,-0.04103434825222507,-0.03335138226855783
62,10.357965022348246,10.344094553889349,10.335974004796222,10.357812608902542,-0.013870468458897278,-0.021991017552023706,-0.00015241344570426918
63,10.362303836141287,10.344094553889349,10.344428897652213,10.389385663513897,-0.018209282251937964,-0.017874938489073955,0.027081827372610334
64,10.369890958749371,10.344094553889349,10.347521921442281,10.376066811133006,-0.025796404860022548,-0.022369037307090167,0.006175852383634606
65,10.377545452109905,10.344094553889349,10.358581953571631,10.367645335024736,-0.033450898220555914,-0.01896349853827317,-0.009900117085168247
66,10.380528859133515,10.344094553889349,10.354309622375677,10.416927443195803,-0.0364343052441658,-0.02621923675783755,0.036398584062288464
67,10.383565267353339,10.344094553889349,10.362843500271731,10.383930987025899,-0.03947071346398978,-0.020721767081607112,0.0003657196725601608
68,10.382296054868503,10.344094553889349,10.363527632234138,10.406576757483954,-0.03820150097915409,-0.018768422634364512,0.024280702615451233
69,10.377327563450146,10.344094553889349,10.371538993711304,10.383407407346855,-0.033233009560797555,-0.005788569738841787,0.006079843896708681
70,10.373522431293592,10.377327563450146,10.383297587762303,10.296063927311742,0.003805132156553981,0.009775156468711188,-0.07745850398185006
71,10.369483160384325,10.377327563450146,10.37227249132375,10.358135080518036,0.007844403065821126,0.0027893309394251276,-0.011348079866289495
72,10.367158673708655,10.377327563450146,10.373620401411314,10.338519449606611,0.010168889741491327,0.006461727702658848,-0.02863922410204367
73,10.364135049357838,10.377327563450146,10.392791133895143,10.350202704080933,0.013192514092308372,0.02865608453730495,-0.013932345276904456
74,10.358123704650742,10.377327563450146,10.415336198427116,10.399671946039232,0.019203858799404117,0.057212493776374274,0.041548241388490226
75,10.34701886145075,10.377327563450146,10.414487716823654,10.392663542676578,0.03030870199939706,0.06746885537290481,0.045644681225828876
76,10.334977718468442,10.377327563450146,10.423165742417828,10.384935160294873,0.04234984498170391,0.0881880239493853,0.04995744182643058
77,10.326334058475068,10.377327563450146,10.417305052445036,10.383712411116951,0.05099350497507871,0.0909709939699681,0.05737835264188362
78,10.326039184367792,10.377327563450146,10.434339391489425,10.382878967049962,0.051288379082354396,0.10830020712163346,0.056839782682169826
79,10.329180034324262,10.377327563450146,10.438347578484088,10.408888892637538,0.0481475291258846,0.10916754415982588,0.07970885831327656
80,10.337864004138712,10.329180034324262,10.33626214829815,10.351498058737993,-0.00868396981445052,-0.0016018558405619387,0.013634054599281242
81,10.350222554842508,10.329180034324262,10.336156733648526,10.367674498731837,-0.021042520518246732,-0.014065821193982586,0.017451943889328803
82,10.36018428646371,10.329180034324262,10.364476819763683,10.38161991513247,-0.03100425213944824,0.00429253329997259,0.02143562866876003
83,10.364481970436772,10.329180034324262,10.331380569033543,10.392117634534285,-0.035301936112510646,-0.03310140140322915,0.027635664097513057
84,10.36788172817358,10.329180034324262,10.345248367442883,10.385715593248435,-0.038701693849318985,-0.02263336073069766,0.01783386507485396
85,10.374303351882421,10.329180034324262,10.351582208184524,10.403187995476568,-0.04512331755815957,-0.022721143697896906,0.028884643594146553
86,10.379908049577942,10.329180034324262,10.362231973788463,10.399393371878697,-0.050728015253680425,-0.017676075789479384,0.019485322300754504
87,10.385759368884058,10.329180034324262,10.355172382044074,10.410342824951957,-0.056579334559796024,-0.03058698683998351,0.02458345606789969
88,10.390348298848286,10.329180034324262,10.344177360678469,10.410963768882311,-0.06116826452402435,-0.04617093816981743,0.020615470034025307
89,10.39387574756213,10.329180034324262,10.358921893032525,10.406773916295501,-0.06469571323786916,-0.03495385452960598,0.012898168733370241
90,10.398701952787901,10.39387574756213,10.389890144396528,10.40641857673197,-0.004826205225770153,-0.008811808391373077,0.007716623944068246
91,10.403080323368991,10.39387574756213,10.398911987244327,10.416123500662813,-0.009204575806860404,-0.004168336124664052,0.013043177293821984
92,10.407711432667556,10.39387574756213,10.415617807673941,10.4449400900672,-0.0138356851054251,0.007906375006385247,0.03722865739964476
93,10.411569415631055,10.39387574756213,10.423528160456549,10.442111617128239,-0.01769366806892414,0.011958744825493639,0.030542201497183896
94,10.414962965143616,10.39387574756213,10.422710593031098,10.43144581566499,-0.021087217581484907,0.007747627887482622,0.016482850521374104
95,10.420553663891573,10.39387574756213,10.429005284098357,10.437171830320574,-0.026677916329441942,0.008451620206784582,0.01661816642900149
96,10.430284945811817,10.39387574756213,10.43412732728408,10.469981629584142,-0.036409198249685915,0.0038423814722641225,0.03969668377232516
97,10.436407293775185,10.39387574756213,10.431707485923972,10.448660676028648,-0.04253154621305377,-0.004699807851212157,0.01225338225346384
98,10.443162989406174,10.39387574756213,10.432248473971033,10.45263684689422,-0.049287241844043095,-0.010914515435141325,0.009473857488046633
99,10.451926829595399,10.39387574756213,10.452558345816525,10.437069596358926,-0.05805108203326803,0.0006315162211265601,-0.014857233236472922
100,10.46538644648612,10.451926829595399,10.46983476377695,10.393279722157594,-0.013459616890720838,0.004448317290830062,-0.07210672432852583
101,10.480185182952555,10.451926829595399,10.47205011094428,10.454466123440803,-0.028258353357156096,-0.008135072008274236,-0.025719059511752462
102,10.492273717771331,10.451926829595399,10.50228139997532,10.453806716129723,-0.04034688817593235,0.010007682203989177,-0.038467001641608434
103,10.500344072777787,10.451926829595399,10.507032617920373,10.466691765267319,-0.0484172431823886,0.006688545142585767,-0.03365230751046866
104,10.512546352713787,10.451926829595399,10.511382403382513,10.500591026915489,-0.060619523118388585,-0.0011639493312749494,-0.011955325798298944
105,10.525380377809771,10.451926829595399,10.530575232697355,10.511785391805281,-0.07345354821437233,0.005194854887584199,-0.01359498600448994
106,10.540302448505601,10.451926829595399,10.534007947208218,10.523902740217803,-0.08837561891020229,-0.0062945012973827374,-0.01639970828779802
107,10.549778946810811,10.451926829595399,10.535550194793736,10.539493568765423,-0.0978521172154121,-0.014228752017075408,-0.010285378045388427
108,10.55179425862292,10.451926829595399,10.540069577700207,10.564091421952915,-0.09986742902752077,-0.011724680922712949,0.012297163329995087
109,10.539296891395203,10.451926829595399,10.542738636929622,10.586175187520675,-0.08737006179980433,0.003441745534418672,0.04687829612547212
110,10.527445413743076,10.539296891395203,10.50012763382661,10.494555408737579,0.011851477652127684,-0.027317779916465668,-0.03289000500549655
111,10.514122311521609,10.539296891395203,10.500530692464512,10.483366210165652,0.025174579873594283,-0.013591619057097049,-0.030756101355956744
112,10.486177920013498,10.539296891395203,10.495227927017973,10.478599456166231,0.05311897138170529,0.009050007004475447,-0.007578463847266903
113,10.472346207552729,10.539296891395203,10.483060241003253,10.492006204206083,0.06695068384247449,0.01071403345052424,0.019659996653354384
114,10.462131439757595,10.539296891395203,10.48128565217065,10.523474825620363,0.07716545163760813,0.019154212413054594,0.06134338586276833
115,10.459296102128597,10.539296891395203,10.477262820025953,10.494996753907419,0.08000078926660592,0.017966717897355267,0.035700651778821424
116,10.462588922467008,10.539296891395203,10.485222380005126,10.490330966500657,0.07670796892819531,0.022633457538118407,0.02774204403364955
117,10.471864846140123,10.539296891395203,10.478875539217203,10.496442918607416,0.06743204525507984,0.007010693077079466,0.0245780724672926
118,10.483242045740983,10.539296891395203,10.480457241471187,10.509619301269453,0.05605484565422003,-0.002784804269795771,0.02637725552846959
119,10.494408190299962,10.539296891395203,10.473289098031925,10.539505574243554,0.04488870109524079,-0.02111909226803732,0.04509738394359175
120,10.501719475299785,10.494408190299962,10.528926213891298,10.466161664322824,-0.007311284999822476,0.027206738591512902,-0.03555781097696098
121,10.505451027673455,10.494408190299962,10.542807424143382,10.470702414701234,-0.011042837373492986,0.03735639646992617,-0.03474861297222098
122,10.507776196611822,10.494408190299962,10.547869485233015,10.486337212734647,-0.013368006311859304,0.040093288621193324,-0.021438983877175133
123,10.510995142050447,10.494408190299962,10.535229760204288,10.477548757416367,-0.016586951750484857,0.02423461815384087,-0.03344638463408067
124,10.514285200079048,10.494408190299962,10.537856830172043,10.484851469130327,-0.019877009779085242,0.02357163009299512,-0.02943373094872115
125,10.5172667977125,10.494408190299962,10.538638069279415,10.546242549945518,-0.022858607412537424,0.021371271566914984,0.02897575223301807
126,10.518619136111335,10.494408190299962,10.547822152094376,10.530844740698399,-0.024210945811372397,0.029203015983041425,0.012225604587063899
127,10.521426155498318,10.494408190299962,10.553871747233506,10.524338615013894,-0.027017965198355753,0.03244559173518802,0.00291245951557606
128,10.523230359512661,10.494408190299962,10.566822610914176,10.535863184220004,-0.028822169212698867,0.043592251401515014,0.012632824707342394
129,10.524064040261237,10.494408190299962,10.579121149632986,10.527581823516702,-0.029655849961274683,0.05505710937174868,0.0035177832554644795
130,10.524386568888449,10.524064040261237,10.561051198931146,10.48178806193573,-0.00032252862721193765,0.036664630042697155,-0.04259850695271972
131,10.52384896337042,10.524064040261237,10.572578191335479,10.454913339714235,0.00021507689081623482,0.048729227965058186,-0.068935623656186
132,10.524090921620362,10.524064040261237,10.576920562552628,10.498610227098832,-2.6881359124431015e-05,0.052829640932266386,-0.025480694521530012
133,10.525917160881786,10.524064040261237,10.587513815908036,10.484198821075369,-0.001853120620548765,0.06159665502624989,-0.04171833980641715
134,10.530628468683467,10.524064040261237,10.600309271809284,10.49036505282234,-0.006564428422230151,0.06968080312581648,-0.04026341586112636
135,10.53436031361157,10.524064040261237,10.607572081525824,10.486097962296679,-0.010296273350332896,0.07321176791425366,-0.048262351314891205
136,10.538581801647457,10.524064040261237,10.607972716965502,10.489671048851028,-0.014517761386219519,0.06939091531804564,-0.04891075279642898
137,10.547155581629395,10.524064040261237,10.609533256621665,10.490196882865604,-0.023091541368158275,0.06237767499226976,-0.05695869876379156
138,10.559088617022104,10.524064040261237,10.61208343043245,10.503949663611824,-0.035024576760866566,0.052994813410347064,-0.05513895341027997
139,10.57029075775647,10.524064040261237,10.617140483579089,10.511311178269349,-0.04622671749523377,0.04684972582261793,-0.05897957948712218
140,10.579819140167512,10.57029075775647,10.553265958957503,10.571727924545943,-0.009528382411041036,-0.026553181210008603,-0.008091215621568892
141,10.585245116968599,10.57029075775647,10.592839117462011,10.595608379770473,-0.014954359212127954,0.007594000493412523,0.010363262801874384
142,10.589232403329312,10.57029075775647,10.570263595369209,10.595683198322211,-0.01894164557284128,-0.018968807960103362,0.006450794992899134
143,10.591597065328735,10.57029075775647,10.572629650743412,10.613405436142596,-0.021306307572263705,-0.018967414585322473,0.021808370813861444
144,10.593128593766785,10.57029075775647,10.60032520151048,10.610179130072432,-0.022837836010314305,0.007196607743694017,0.017050536305646347
145,10.58205394821854,10.57029075775647,10.57396499924291,10.609894819575826,-0.011763190462069417,-0.008088948975629506,0.02784087135728619
146,10.57185524173185,10.57029075775647,10.595752486807081,10.623987707040815,-0.0015644839753790052,0.023897245075231055,0.05213246530896498
147,10.557659989689753,10.57029075775647,10.649852480376659,10.619736386811839,0.01263076806671748,0.09219249068690516,0.06207639712208568
148,10.512845432366365,10.57029075775647,10.653029666441116,10.630157960472847,0.057445325390105495,0.14018423407475034,0.1173125281064813
149,10.465699966318816,10.57029075775647,10.654505218400612,10.6256646184939,0.10459079143765493,0.18880525208179577,0.15996465217508415
150,10.438430013409498,10.465699966318816,10.455409992937032,10.468663334562088,0.027269952909318107,0.01697997952753383,0.03023332115258981
151,10.418165745617609,10.465699966318816,10.436062849855698,10.44461008089035,0.047534220701207275,0.017897104238089767,0.026444335272740815
152,10.37704735110963,10.465699966318816,10.42097915365516,10.449497586835635,0.08865261520918644,0.043931802545531085,0.07245023572600573
153,10.309119313423613,10.465699966318816,10.429669237632039,10.449697023319846,0.15658065289520273,0.12054992420842581,0.14057770989623286
154,10.246758057051174,10.465699966318816,10.411334201906019,10.42527884680488,0.21894190926764168,0.16457614485484484,0.1785207897537049
155,10.187914332267237,10.465699966318816,10.406965460434053,10.458839939642862,0.27778563405157897,0.21905112816681616,0.27092560737562543
156,10.15303931712664,10.465699966318816,10.404521871471678,10.435299546074848,0.3126606491921766,0.2514825543450385,0.2822602289482088
157,10.131419620582134,10.465699966318816,10.397126812560034,10.450537575936275,0.33428034573668164,0.26570719197789927,0.319117955354141
158,10.12041180403642,10.465699966318816,10.389351085819564,10.430984435960067,0.34528816228239556,0.26893928178314397,0.31057263192364637
159,10.117146264639123,10.465699966318816,10.379650862610571,10.426153349546498,0.3485537016796929,0.2625045979714482,0.3090070849073747
160,10.117913213230615,10.117146264639123,10.048988944026002,10.113449735105522,-0.0007669485914920671,-0.06892426920461325,-0.004463478125092735
161,10.120572789266374,10.117146264639123,10.067074192115959,10.093312390559612,-0.0034265246272511263,-0.053498597150415605,-0.02726039870676189
162,10.122221395361638,10.117146264639123,10.033100449447158,10.11657790292077,-0.005075130722515198,-0.08912094591448039,-0.005643492440867703
163,10.121136033568359,10.117146264639123,10.032979409870393,10.106723510061155,-0.0039897689292356375,-0.08815662369796584,-0.0144125235072039
164,10.115570156490913,10.117146264639123,10.060877392212243,10.115087869648525,0.001576108148210409,-0.05469276427866987,-0.0004822868423879356
165,10.110623665704521,10.117146264639123,10.051173232756852,10.09214775365634,0.006522598934601831,-0.05945043294766883,-0.018475912048181442
166,10.10989177984604,10.117146264639123,10.073112230081586,10.108953885676925,0.007254484793083549,-0.036779549764453634,-0.0009378941691142728
167,10.113383743764707,10.117146264639123,10.089777641293411,10.1499830219952,0.0037625208744156424,-0.023606102471296353,0.036599278230491805
168,10.118679574062718,10.117146264639123,10.075718681238715,10.116843107521897,-0.001533309423594531,-0.04296089282400217,-0.0018364665408210357
169,10.14533508864411,10.117146264639123,10.05794357656294,10.126840353323738,-0.028188824004987012,-0.08739151208117057,-0.018494735320372158
170,10.150308567204695,10.14533508864411,10.148172512661978,10.164662760909051,-0.00497347856058461,-0.0021360545427171473,0.014354193704356533
171,10.155646068918863,10.14533508864411,10.175633407643284,10.178461108650085,-0.010310980274752524,0.019987338724421377,0.022815039731222342
172,10.170265140870399,10.14533508864411,10.158349677726301,10.198084445020408,-0.024930052226288524,-0.011915463144097416,0.027819304150009216
173,10.181990121970616,10.14533508864411,10.164975364477229,10.19391038373492,-0.03665503332650566,-0.017014757493386767,0.011920261764304385
174,10.193953247114495,10.14533508864411,10.158909936797077,10.197695412667985,-0.04861815847038464,-0.03504331031741792,0.00374216555348994
175,10.202554569854472,10.14533508864411,10.176301257448962,10.212171778851227,-0.05721948121036213,-0.026253312405509988,0.009617208996754556
176,10.217093186966197,10.14533508864411,10.160674687265912,10.193290096906562,-0.07175809832208735,-0.05641849970028545,-0.023803090059635323
177,10.229945527689226,10.14533508864411,10.166007153064538,10.20616670694919,-0.08461043904511634,-0.06393837462468888,-0.02377882074003601
178,10.238315581044851,10.14533508864411,10.166294991082456,10.210600396486738,-0.09298049240074135,-0.07202058996239558,-0.027715184558113393
179,10.2422785273763,10.14533508864411,10.162472075777803,10.209524981168508,-0.09694343873218969,-0.07980645159849686,-0.03275354620779147
180,10.242670397850311,10.2422785273763,10.272575447965359,10.24924974383635,-0.0003918704740115686,0.029905050115047516,0.006579345986038376
181,10.24177956093926,10.2422785273763,10.272532149254971,10.21885109695934,0.0004989664370391722,0.030752588315710483,-0.022928463979921432
182,10.238530196347746,10.2422785273763,10.277481815091306,10.205837866364616,0.003748331028553764,0.038951618743560346,-0.03269232998312965
183,10.227344839931181,10.2422785273763,10.286202240967508,10.218579659968084,0.014933687445118693,0.05885740103632742,-0.008765179963097225
184,10.20942694125874,10.2422785273763,10.284389271480288,10.228194925858967,0.032851586117558895,0.07496233022154719,0.018767984600225773
185,10.19585861447404,10.2422785273763,10.26898378713664,10.223223774677704,0.046419912902258886,0.07312517266259988,0.027365160203663308
186,10.173896296317452,10.2422785273763,10.261601521025794,10.208010510366536,0.06838223105884822,0.0877052247083423,0.03411421404908488
187,10.154440804489605,10.2422785273763,10.249322892415263,10.226896948608934,0.08783772288669489,0.094882087925658,0.07245614411932877
188,10.13974474299572,10.2422785273763,10.293255666493783,10.223256412720762,0.10253378438057936,0.15351092349806272,0.08351166972504132
189,10.098355078498601,10.2422785273763,10.27592486563028,10.215483802175358,0.1439234488776986,0.17756978713167904,0.11712872367675686
190,10.07807091323496,10.098355078498601,10.124994417772927,10.124990153505994,0.020284165263641185,0.046923504537966565,0.04691924027103411
191,10.058994455134526,10.098355078498601,10.110404392474916,10.138656801002933,0.03936062336407531,0.05140993734038979,0.0796623458684067
192,10.035085827892875,10.098355078498601,10.0966545917728,10.141372154977098,0.06326925060572641,0.061568763879925825,0.10628632708422359
193,9.99938846691333,10.098355078498601,10.085917331647968,10.12850144930407,0.09896661158527031,0.08652886473463717,0.12911298239073865
194,9.977806216778427,10.098355078498601,10.086328177365852,10.133273820042186,0.12054886172017376,0.10852196058742436,0.15546760326375875
195,9.966180621874551,10.098355078498601,10.089889168274713,10.12172684123105,0.1321744566240497,0.12370854640016127,0.15554621935649848
196,9.95555804482713,10.098355078498601,10.087618774153887,10.133800292998037,0.14279703367147079,0.1320607293267564,0.17824224817090695
197,9.945972164142283,10.098355078498601,10.099770786838587,10.145453714472213,0.152382914356318,0.1537986226963035,0.19948155032992965
198,9.915514932748847,10.098355078498601,10.110578243357534,10.124565038894914,0.18284014574975416,0.19506331060868654,0.20905010614606745
199,9.900232259815455,10.098355078498601,10.090071383680927,10.136056418225667,0.19812281868314585,0.18983912386547175,0.2358241584102121
200,9.878323578872578,9.900232259815455,9.800350691911722,9.840519102350774,0.021908680942877012,-0.0779728869608558,-0.03780447652180463
201,9.86459078690618,9.900232259815455,9.81921384069626,9.80568463380275,0.03564147290927444,-0.04537694620992028,-0.058906153103430725
202,9.85250999777126,9.900232259815455,9.759981860926864,9.804373535731386,0.04772226204419461,-0.09252813684439687,-0.04813646203987432
203,9.832206350531164,9.900232259815455,9.759374858930101,9.788610509006507,0.06802590928429098,-0.07283149160106284,-0.043595841524657786
204,9.809121926500406,9.900232259815455,9.806157475401417,9.804220842173162,0.09111033331504892,-0.0029644510989896844,-0.004901084327244121
205,9.783746350923579,9.900232259815455,9.808921376414501,9.813181707100231,0.11648590889187638,0.02517502549092221,0.02943535617665205
206,9.773891264365055,9.900232259815455,9.794322002531294,9.804130472516256,0.12634099545040023,0.020430738166238527,0.03023920815120107
207,9.767725101522128,9.900232259815455,9.77272463859193,9.75505925678452,0.13250715829332727,0.004999537069801718,-0.012665844737608012
208,9.761578306353435,9.900232259815455,9.73266250680565,9.783607375823255,0.13865395346202014,-0.02891579954778578,0.022029069469819973
209,9.756899867693285,9.900232259815455,9.743232804479062,9.786144286627337,0.1433323921221703,-0.013667063214223063,0.029244418934052163
210,9.75718929491883,9.756899867693285,9.83435084023345,9.854492941077092,-0.0002894272255442587,0.07716154531462038,0.09730364615826304
211,9.771726021353874,9.756899867693285,9.888024020036283,9.85637348279416,-0.01482615366058937,0.11629799868240909,0.08464746144028545
212,9.799403998992805,9.756899867693285,9.850415973869444,9.891690797567115,-0.0425041312995198,0.05101197487663889,0.09228679857431032
213,9.855976569865076,9.756899867693285,9.878651653350266,9.887078500849217,-0.0990767021717911,0.022675083485189873,0.031101930984140935
214,9.953134492425542,9.756899867693285,9.854084719523474,9.879514839383488,-0.1962346247322575,-0.09904977290206851,-0.07361965304205498
215,10.026943356463047,9.756899867693285,9.873398076489883,9.900433856860111,-0.2700434887697618,-0.15354527997316403,-0.12650949960293545
216,10.075043029177243,9.756899867693285,9.888020411810418,9.925753761820957,-0.3181431614839578,-0.18702261736682502,-0.149289267356286
217,10.106754873845546,9.756899867693285,9.915362891379226,9.885741325145462,-0.34985500615226073,-0.19139198246631928,-0.22101354870008372
218,10.128509338862111,9.756899867693285,9.88564291898549,9.915032246681719,-0.37160947116882603,-0.24286641987662172,-0.21347709218039235
219,10.147021793498071,9.756899867693285,9.904124579889867,9.914756873444064,-0.39012192580478633,-0.24289721360820415,-0.232264920054007
220,10.149878770570028,10.147021793498071,10.248928775744574,10.192437899561202,-0.0028569770719570897,0.09905000517454532,0.04255912899117398
221,10.149409690739677,10.147021793498071,10.272095717935494,10.19038777122845,-0.0023878972416060407,0.122686027195817,0.04097808048877205
222,10.163926888594034,10.147021793498071,10.29684207899397,10.228876716537307,-0.016905095095962608,0.13291519039993638,0.06494982794327342
223,10.176220948190334,10.147021793498071,10.273736968673564,10.214051992547763,-0.029199154692262752,0.09751602048322994,0.03783104435742857
224,10.187425123082926,10.147021793498071,10.340881459745793,10.247466460207388,-0.04040332958485493,0.15345633666286673,0.06004133712446169
225,10.188177653501853,10.147021793498071,10.306517700662969,10.259378689882288,-0.0411558600037818,0.11834004716111579,0.07120103638043496
226,10.192830744564542,10.147021793498071,10.327522987539833,10.25016164091876,-0.04580895106647098,0.1346922429752908,0.05733089635421784
227,10.198988974040041,10.147021793498071,10.360717189411387,10.216048653533598,-0.05196718054197014,0.16172821537134574,0.017059679493556246
228,10.210163101480443,10.147021793498071,10.341964091515754,10.249816727328056,-0.06314130798237194,0.13180099003531076,0.03965362584761323
229,10.229981600773298,10.147021793498071,10.30963028750289,10.264736577272242,-0.0829598072752269,0.07964868672959113,0.034754976498943435
230,10.255903439554476,10.229981600773298,10.25947660401146,10.266871170892305,-0.025921838781178153,0.0035731644569843013,0.010967731337828468
231,10.276326157817198,10.229981600773298,10.252699207763909,10.26116787788085,-0.04634455704390028,-0.02362695005328952,-0.015158279936349217
232,10.311017194693171,10.229981600773298,10.246157822290025,10.311627440519525,-0.08103559391987325,-0.06485937240314676,0.0006102458263530508
233,10.351213619358802,10.229981600773298,10.275711488273407,10.26513315409693,-0.12123201858550381,-0.07550213108539516,-0.08608046526187252
234,10.378416532304357,10.229981600773298,10.283033890636938,10.316723403513684,-0.14843493153105847,-0.09538264166741861,-0.06169312879067235
235,10.383750870719478,10.229981600773298,10.276642738567277,10.321597132596574,-0.15376926994617968,-0.1071081321522005,-0.06215373812290359
236,10.381893285046008,10.229981600773298,10.27983569043784,10.300217082260483,-0.15191168427270973,-0.10205759460816743,-0.08167620278552512
237,10.370768729268756,10.229981600773298,10.297471058366458,10.316915951566697,-0.14078712849545738,-0.07329767090229744,-0.05385277770205832
238,10.362209026944724,10.229981600773298,10.319266054677101,10.300714525399142,-0.13222742617142558,-0.04294297226762289,-0.06149450154558167
239,10.36775601712027,10.229981600773298,10.30423336566948,10.355620242355627,-0.1377744163469714,-0.06352265145078917,-0.012135774764642449
240,10.378074412714673,10.36775601712027,10.304009983686344,10.38439748373683,-0.010318395594403285,-0.07406442902832922,0.006323071022157123
241,10.387147508229349,10.36775601712027,10.290197859082914,10.381927489121528,-0.01939149110907934,-0.09694964914643478,-0.0052200191078206615
242,10.398701952787901,10.36775601712027,10.300112607720646,10.382452814005513,-0.030945935667631375,-0.09858934506725525,-0.016249138782388428
243,10.409431279210512,10.36775601712027,10.317608238902102,10.393039184685055,-0.041675262090242526,-0.0918230403084106,-0.016392094525457424
244,10.41529269641562,10.36775601712027,10.312138168489781,10.416853475398327,-0.04753667929534977,-0.10315452792583812,0.0015607789827072338
245,10.41081707204541,10.36775601712027,10.309492846899461,10.400607602448517,-0.043061054925139786,-0.10132422514594808,-0.010209469596892617
246,10.401136747185486,10.36775601712027,10.31766269031062,10.387237485513628,-0.03338073006521647,-0.08347405687486642,-0.013899261671857843
247,10.385944565501662,10.36775601712027,10.306484406578845,10.433359632641261,-0.018188548381392167,-0.07946015892281721,0.04741506713959964
248,10.361829700245059,10.36775601712027,10.305835089933295,10.43050044166327,0.005926316875211057,-0.05599461031176389,0.06867074141821128
249,10.337961149679,10.36775601712027,10.29796259713552,10.445377156907334,0.0297948674412698,-0.03999855254348006,0.10741600722833411
250,10.318935994253193,10.337961149679,10.286903876888111,10.309050019179587,0.019025155425806517,-0.03203211736508216,-0.009885975073606446
251,10.30521234102857,10.337961149679,10.29049750584003,10.344743737514435,0.03274880865042995,-0.01471483518854022,0.03953139648586479
252,10.283976674574115,10.337961149679,10.291433512431631,10.305812456516502,0.05398447510488502,0.007456837857516163,0.021835781942387555
253,10.262978527734342,10.337961149679,10.294349450961874,10.30615605802507,0.07498262194465788,0.03137092322753254,0.04317753029072868
254,10.240745194931177,10.337961149679,10.281709343723712,10.331147122401344,0.09721595474782241,0.040964148792534516,0.0904019274701664
255,10.222595614987762,10.337961149679,10.321246806667073,10.315444123434046,0.11536553469123767,0.09865119167931091,0.09284850844628423
256,10.211229572115677,10.337961149679,10.312441259462496,10.318399096407745,0.12673157756332287,0.10121168734681874,0.10716952429206827
257,10.201033318424798,10.337961149679,10.323075029109091,10.333275483631274,0.1369278312542015,0.12204171068429304,0.1322421652064758
258,10.206403005628498,10.337961149679,10.304188590866694,10.333966130864013,0.13155814405050137,0.0977855852381957,0.12756312523551472
259,10.220813375077594,10.337961149679,10.316630901723311,10.339312865555836,0.11714777460140624,0.09581752664571752,0.11849949047824282
260,10.238351353460745,10.220813375077594,10.240007437291762,10.229436975608081,-0.017537978383151298,0.001656083831017341,-0.00891437785266369
261,10.259447240740453,10.220813375077594,10.257490603692956,10.2257114824018,-0.038633865662859534,-0.001956637047497267,-0.03373575833865239
262,10.278665259705836,10.220813375077594,10.264428401981261,10.229243115472936,-0.05785188462824209,-0.014236857724574392,-0.04942214423289926
263,10.29055105146374,10.220813375077594,10.290290360873287,10.261762415097348,-0.06973767638614703,-0.0002606905904531942,-0.02878863636639295
264,10.298397146704776,10.220813375077594,10.236796116271336,10.262397134829168,-0.07758377162718233,-0.06160103043344023,-0.03600001187560764
265,10.304208089613535,10.220813375077594,10.295492110489418,10.274432372204036,-0.08339471453594172,-0.008715979124117368,-0.02977571740949969
266,10.312114323981872,10.220813375077594,10.296807800848246,10.28802833127606,-0.0913009489042782,-0.015306523133626015,-0.02408599270581213
267,10.31214755154081,10.220813375077594,10.29283071589297,10.29067316083558,-0.09133417646321718,-0.01931683564784059,-0.021474390705231272
268,10.311416290082265,10.220813375077594,10.294624660189262,10.316319282216734,-0.09060291500467166,-0.01679162989300309,0.00490299213446832
269,10.31088412749404,10.220813375077594,10.27348734504777,10.328174272308583,-0.09007075241644635,-0.03739678244627065,0.017290144814543495
270,10.310751042585672,10.31088412749404,10.304287981088265,10.321300110003726,0.00013308490836827502,-0.006463061497406386,0.010549067418054392
271,10.31071776859096,10.31088412749404,10.325870912124167,10.332417053895783,0.00016635890307981072,0.015153143533206404,0.021699285304823235
272,10.309752340814857,10.31088412749404,10.325288511667399,10.336495497195832,0.0011317866791831221,0.015536170852541886,0.026743156380975464
273,10.310850857927372,10.31088412749404,10.338735057386533,10.34798950069085,3.326956666782621e-05,0.02788419945916054,0.03713864276347856
274,10.315928274380717,10.31088412749404,10.34501189430036,10.333947105673085,-0.00504414688667687,0.0290836199196427,0.01801883129236792
275,10.320387038269956,10.31088412749404,10.346809610832784,10.342161887897298,-0.009502910775916362,0.02642257256282754,0.021774849627341553
276,10.31728452076383,10.31088412749404,10.359326546360714,10.348120872914414,-0.006400393269789362,0.04204202559688497,0.030836352150585
277,10.317978471851605,10.31088412749404,10.358981960790544,10.352713160379782,-0.007094344357565063,0.041003488938939014,0.03473468852817696
278,10.316391589741292,10.31088412749404,10.358792036901798,10.33588357489107,-0.005507462247251738,0.042400447160506616,0.019491985149779012
279,10.315398508127682,10.31088412749404,10.36541755964246,10.350488525123344,-0.00451438063364229,0.050019051514777146,0.035090016995662054
280,10.320090405054748,10.315398508127682,10.386490090728639,10.292256023918732,-0.004691896927065287,0.06639968567389154,-0.02783438113601555
281,10.335269968961667,10.315398508127682,10.353805796776006,10.305861167565688,-0.0198714608339845,0.01853582781433971,-0.029408801395979012
282,10.340806561758198,10.315398508127682,10.359026899603599,10.290413204562986,-0.02540805363051568,0.01822033784540089,-0.05039335719521176
283,10.34180699751524,10.315398508127682,10.360895468571204,10.30803709177294,-0.02640848938755802,0.019088471055964007,-0.03376990574230021
284,10.345316733380217,10.315398508127682,10.36435329702236,10.308090067089058,-0.02991822525253518,0.019036563642142568,-0.03722666629115956
285,10.347147206442262,10.315398508127682,10.358343960853391,10.294016182100101,-0.031748698314579826,0.011196754411129106,-0.05313102434216077
286,10.34341849752557,10.315398508127682,10.372607277700295,10.29150879314401,-0.028019989397888523,0.02918878017472437,-0.051909704381561284
287,10.333872889604516,10.315398508127682,10.37174802791347,10.28540006675347,-0.018474381476833557,0.03787513830895506,-0.04847282285104626
288,10.314669620973522,10.315398508127682,10.384612501196369,10.29188831290097,0.000728887154160418,0.06994288022284678,-0.02278130807255252
289,10.300180968257168,10.315398508127682,10.365001793616576,10.309317519924445,0.01521753987051433,0.06482082535940847,0.009136551667277004
290,10.283942497640124,10.300180968257168,10.26832282576216,10.289728133679313,0.016238470617043532,-0.015619671877963981,0.005785636039188802
291,10.273256395986019,10.300180968257168,10.266856737988842,10.290700222529571,0.02692457227114886,-0.006399657997176789,0.01744382654355192
292,10.255411227049374,10.300180968257168,10.27093075301169,10.283859026288305,0.04476974120779431,0.01551952596231665,0.028447799238930926
293,10.232719354644704,10.300180968257168,10.277306324106023,10.296759417819592,0.06746161361246372,0.044586969461319015,0.06404006317488786
294,10.219757081839822,10.300180968257168,10.281180738634395,10.28985638970781,0.08042388641734632,0.061423656794573844,0.0700993078679879
295,10.206993760334795,10.300180968257168,10.28143233038339,10.280710357189728,0.093187207922373,0.07443857004859566,0.0737165968549327
296,10.202220834799924,10.300180968257168,10.293801656671361,10.284073223696511,0.09796013345724397,0.09158082187143712,0.08185238889658741
297,10.203481027702058,10.300180968257168,10.298779368263288,10.28786235288624,0.09669994055511033,0.09529834056123043,0.08438132518418229
298,10.205848855956967,10.300180968257168,10.300567244179717,10.274147650381181,0.09433211230020078,0.09471838822275025,0.06829879442421394
299,10.208727086726242,10.300180968257168,10.308989663401471,10.285837974165345,0.09145388153092604,0.1002625766752292,0.07711088743910288
300,10.210163101480443,10.208727086726242,10.21361539721802,10.20238348212906,-0.001436014754201409,0.0034522957375759944,-0.007779619351383715
301,10.211854216180742,10.208727086726242,10.220212874203089,10.194016826397958,-0.0031271294544996664,0.008358658022347143,-0.01783738978278393
302,10.208137355405476,10.208727086726242,10.225391170351092,10.193458699460647,0.000589731320765452,0.017253814945615176,-0.014678655944829089
303,10.201441686258514,10.208727086726242,10.222969558764442,10.181275852845824,0.007285400467727854,0.021527872505927803,-0.020165833412690404
304,10.19735048406299,10.208727086726242,10.215110186787996,10.214054616712028,0.011376602663251134,0.017759702725005155,0.016704132649037362
305,10.187613308785131,10.208727086726242,10.210240885982305,10.204833467491834,0.021113777941110357,0.022627577197173565,0.017220158706702904
306,10.163965423497029,10.208727086726242,10.238604329460825,10.209885639744806,0.044761663229213156,0.07463890596379663,0.045920216247777645
307,10.141204395699798,10.208727086726242,10.24693834714887,10.217279386574317,0.06752269102644348,0.10573395144907138,0.07607499087451863
308,10.13428176278086,10.208727086726242,10.24265275888208,10.211349923405193,0.0744453239453815,0.10837099610122003,0.0770681606243322
309,10.12330558042176,10.208727086726242,10.23010285729056,10.20457744746564,0.0854215063044812,0.10679727686880014,0.08127186704387945
310,10.115044234598418,10.12330558042176,10.145595747363105,10.144082096612467,0.00826134582334248,0.030551512764686706,0.029037862014048343
311,10.095511884791469,10.12330558042176,10.169731826219486,10.104427530338738,0.027793695630291992,0.07421994142801758,0.00891564554726898
312,10.077314801294376,10.12330558042176,10.153042141488202,10.125815453167627,0.045990779127384585,0.07572734019382565,0.048500651873251144
313,10.072048194080045,10.12330558042176,10.158723785144462,10.099651879395287,0.051257386341715616,0.08667559106441658,0.027603685315241933
314,10.058309435627498,10.12330558042176,10.160651889838851,10.087937610112197,0.06499614479426263,0.10234245421135313,0.029628174484699343
315,10.036487553997372,10.12330558042176,10.154426880169277,10.09128833985925,0.08681802642438896,0.11793932617190528,0.054800785861878865
316,10.023534689845578,10.12330558042176,10.122436677664982,10.06179716178745,0.09977089057618294,0.09890198781940462,0.03826247194187182
317,10.017887092844624,10.12330558042176,10.141752002754592,10.045349064178897,0.10541848757713623,0.12386490990996712,0.027461971334272306
318,10.017084059118668,10.12330558042176,10.136747885509738,10.03299548287652,0.10622152130309281,0.11966382639107032,0.015911423757852816
319,10.018065457243564,10.12330558042176,10.143391121359194,10.041210101090467,0.10524012317819675,0.12532566411563018,0.02314464384690318
320,10.027075926780746,10.018065457243564,10.02671454570603,10.026101311319136,-0.00901046953718243,-0.0003613810747165047,-0.000974615461609929
321,10.034515814942532,10.018065457243564,10.009708321160169,10.01294506377192,-0.016450357698968077,-0.024807493782363466,-0.021570751170612468
322,10.038018445493734,10.018065457243564,10.012753663790773,10.027797833517056,-0.019952988250169668,-0.025264781702960093,-0.010220611976677674
323,10.037362636092155,10.018065457243564,10.010016496451147,10.021264156525703,-0.019297178848590946,-0.02734613964100774,-0.01609847956645183
324,10.033506533859862,10.018065457243564,10.018216517751364,10.022957234508024,-0.015441076616298233,-0.015290016108497895,-0.01054929935183857
325,10.017441042611972,10.018065457243564,10.011355968298636,10.050647087821533,0.0006244146315914634,-0.0060850743133364915,0.033206045209560386
326,10.000251220968437,10.018065457243564,10.013487445723634,10.06434834148473,0.017814236275127016,0.013236224755196702,0.06409712051629235
327,9.98419157995109,10.018065457243564,10.003703249258132,10.046442520626455,0.033873877292473153,0.0195116693070414,0.062250940675363964
328,9.962275194019217,10.018065457243564,10.016101933383828,10.05246120538062,0.055790263224347214,0.05382673936461124,0.09018601136140347
329,9.929496371717178,10.018065457243564,10.008408047766402,10.044992505859264,0.08856908552638565,0.07891167604922344,0.11549613414208615
330,9.896160777149667,9.929496371717178,9.859501814619676,9.913298002122476,0.033335594567510896,-0.0366589625299909,0.01713722497280834
331,9.8633424122317,9.929496371717178,9.864656985320087,9.895880603838197,0.06615395948547764,0.0013145730883863394,0.032538191606496625
332,9.836171845251261,9.929496371717178,9.861475350157919,9.88520812776868,0.09332452646591705,0.025303504906657892,0.04903628251741843
333,9.818855161695424,9.929496371717178,9.875890704521979,9.891678004766318,0.11064121002175398,0.05703554282655432,0.07282284307089348
334,9.797960356321203,9.929496371717178,9.840348039642688,9.87115720421705,0.13153601539597481,0.04238768332148446,0.07319684789584713
335,9.784366121628265,9.929496371717178,9.87226164935247,9.860550988295246,0.14513025008891312,0.08789552772420528,0.07618486666698132
336,9.770184705221707,9.929496371717178,9.874064122182629,9.876680249945489,0.15931166649547102,0.10387941696092184,0.10649554472378142
337,9.771440771615795,9.929496371717178,9.840617016479946,9.872267225701536,0.15805560010138286,0.06917624486415086,0.10082645408574109
338,9.780076207620894,9.929496371717178,9.852518749497783,9.891072478861956,0.14942016409628422,0.07244254187688881,0.1109962712410617
339,9.791773562906126,9.929496371717178,9.863491364355216,9.893462436467146,0.13772280881105203,0.07171780144908979,0.10168887356102019
340,9.811975152030021,9.791773562906126,9.875907433569175,9.783769909997474,-0.020201589123894692,0.06393228153915409,-0.028205242032546707
341,9.835262243540562,9.791773562906126,9.885873681430624,9.80321644330038,-0.043488680634435894,0.05061143789006195,-0.032045800240181777
342,9.856500761311791,9.791773562906126,9.90419723643798,9.818547959013781,-0.06472719840566477,0.04769647512618924,-0.03795280229801001
343,9.866045257060257,9.791773562906126,9.927328588401044,9.813759351259268,-0.07427169415413104,0.06128333134078723,-0.05228590580098924
344,9.873646710525106,9.791773562906126,9.921070284647346,9.817313125716398,-0.08187314761898001,0.04742357412223974,-0.05633358480870854
345,9.878323578872578,9.791773562906126,9.930220089401562,9.831999917071714,-0.08655001596645207,0.0518965105289837,-0.046323661800864
346,9.87261588886904,9.791773562906126,9.927062071717787,9.846788066771802,-0.08084232596291407,0.05444618284874636,-0.025827822097237885
347,9.861779749136337,9.791773562906126,9.944241327094932,9.850996406203013,-0.07000618623021104,0.0824615779585951,-0.010783342933324391
348,9.831131890343988,9.791773562906126,9.935345738253979,9.86630676459202,-0.03935832743786172,0.10421384790999078,0.035174874248031784
349,9.791493975575204,9.791773562906126,9.942149048123657,9.848273671766849,0.00027958733092248167,0.150655072548453,0.05677969619164536
350,9.749578510178852,9.791493975575204,9.683834518299312,9.7482861248039,0.04191546539635205,-0.06574399187953972,-0.0012923853749509107
351,9.720645860495285,9.791493975575204,9.64458095712747,9.718297831613974,0.07084811507991873,-0.0760649033678149,-0.002348028881311137
352,9.702288939972485,9.791493975575204,9.654351868761376,9.717643758670693,0.08920503560271875,-0.04793707121110913,0.015354818698208206
353,9.698797679880165,9.791493975575204,9.619197416183177,9.703456706597768,0.09269629569503834,-0.0796002636969888,0.0046590267176025435
354,9.69566355532975,9.791493975575204,9.631152288527398,9.684556327482708,0.09583042024545385,-0.0645112668023522,-0.011107227847041656
355,9.694431800539537,9.791493975575204,9.621819120295102,9.68261805415179,0.09706217503566705,-0.07261268024443446,-0.011813746387746349
356,9.692704790920137,9.791493975575204,9.614482777058909,9.690219601989108,0.09878918465506636,-0.07822201386122885,-0.002485188931029114
357,9.700452954144632,9.791493975575204,9.619843452623394,9.697925132335465,0.09104102143057169,-0.0806095015212378,-0.002527821809167108
358,9.714685039642484,9.791493975575204,9.610228022722245,9.657149227868853,0.07680893593271954,-0.10445701692023945,-0.057535811773631096
359,9.73032393352694,9.791493975575204,9.582957871681016,9.656335408925882,0.06117004204826415,-0.14736606184592382,-0.07398852460105765
360,9.744315955640873,9.73032393352694,9.752895141316465,9.787336641265668,-0.0139920221139338,0.00857918567559146,0.04302068562479455
361,9.763190466997406,9.73032393352694,9.749275598742422,9.79401546734298,-0.03286653347046631,-0.013914868254984114,0.030825000345574338
362,9.778887584302797,9.73032393352694,9.77593481154049,9.79859660211022,-0.04856365077585778,-0.002952772762307987,0.019709017807421958
363,9.798571382586568,9.73032393352694,9.77647637344087,9.7862736907277,-0.0682474490596281,-0.02209500914569773,-0.01229769185886731
364,9.807637226879294,9.73032393352694,9.760885557495941,9.796822175035654,-0.07731329335235415,-0.046751669383352734,-0.010815051843639623
365,9.810878720803466,9.73032393352694,9.760475859849924,9.830837084281375,-0.08055478727652599,-0.050402860953541406,0.019958363477909913
366,9.818800744368934,9.73032393352694,9.756931597988258,9.80683713394629,-0.08847681084199444,-0.0618691463806762,-0.011963610422643711
367,9.824281994355154,9.73032393352694,9.753857717571261,9.838650861403702,-0.09395806082821423,-0.07042427678389274,0.014368867048547784
368,9.820703591057207,9.73032393352694,9.76099577239511,9.829714762026892,-0.09037965753026711,-0.059707818662095846,0.009011170969685622
369,9.814219084777946,9.73032393352694,9.731466871961986,9.82116228266371,-0.08389515125100644,-0.08275221281595968,0.006943197885764363
370,9.814055065204576,9.814219084777946,9.83112656240196,9.748342872356153,0.00016401957337031092,0.0170714971973851,-0.065712192848423
371,9.817439347910675,9.814219084777946,9.830517428271733,9.74937662906666,-0.003220263132728718,0.013078080361058397,-0.06806271884401482
372,9.822331725575118,9.814219084777946,9.839081552363846,9.751010499342732,-0.008112640797172332,0.016749826788727162,-0.07132122623238679
373,9.83037908071549,9.814219084777946,9.833256399724291,9.72150046009027,-0.016159995937544025,0.0028773190088013934,-0.10887862062521947
374,9.839642124487375,9.814219084777946,9.82017805705372,9.729439869076826,-0.025423039709428608,-0.019464067433654364,-0.11020225541054884
375,9.844268192876157,9.814219084777946,9.821988730397209,9.732842098047598,-0.030049108098211263,-0.02227946247894863,-0.11142609482855903
376,9.844586444615967,9.814219084777946,9.80699441979198,9.716954751540621,-0.030367359838020747,-0.03759202482398649,-0.1276316930753456
377,9.840973647146885,9.814219084777946,9.80240016420341,9.73424307374507,-0.02675456236893936,-0.03857348294347496,-0.10673057340181558
378,9.833815879286808,9.814219084777946,9.79320214043081,9.72086328020445,-0.019596794508862203,-0.04061373885599906,-0.11295259908235877
379,9.830271490204868,9.814219084777946,9.799231485852307,9.735878584123807,-0.016052405426922434,-0.031040004352561823,-0.09439290608106177
380,9.823361508056843,9.830271490204868,9.7974798562048,9.77787734913834,0.0069099821480254064,-0.02588165185204261,-0.045484158918503326
381,9.8230906154641,9.830271490204868,9.764338137618566,9.779015252368152,0.007180874740768672,-0.058752477845533946,-0.044075363095947395
382,9.8230906154641,9.830271490204868,9.783488468379954,9.76627854308295,0.007180874740768672,-0.03960214708414611,-0.05681207238114894
383,9.822006310668245,9.830271490204868,9.777896210319001,9.778768088896355,0.008265179536623535,-0.04411010034924345,-0.043238221771890295
384,9.8230906154641,9.830271490204868,9.762439882792702,9.76373671197087,0.007180874740768672,-0.06065073267139809,-0.05935390349323022
385,9.818637474619734,9.830271490204868,9.762401504390313,9.770328120576073,0.011634015585133994,-0.056235970229421284,-0.048309354043661656
386,9.81126260849361,9.830271490204868,9.785731144765721,9.759490486168069,0.01900888171125814,-0.025531463727888948,-0.0517721223255414
387,9.795345393916424,9.830271490204868,9.768990288831251,9.757734592253632,0.03492609628844434,-0.026355105085173136,-0.03761080166279207
388,9.757999245787522,9.830271490204868,9.750028733886742,9.76412640036436,0.0722722444173467,-0.007970511900779798,0.006127154576837768
389,9.700024071988745,9.830271490204868,9.73001275693813,9.752413115142868,0.13024741821612373,0.029988684949385558,0.05238904315412363
390,9.668271419987649,9.700024071988745,9.623846451200796,9.697003230626791,0.03175265200109578,-0.04442496878685276,0.028731810639142097
391,9.634365505605258,9.700024071988745,9.615818148649732,9.666867492207173,0.06565856638348677,-0.01854735695552634,0.03250198660191472
392,9.59212735272977,9.700024071988745,9.624759988385872,9.641960237077145,0.10789671925897437,0.03263263565610153,0.04983288434737432
393,9.55824698622306,9.700024071988745,9.604383188850695,9.608013228081804,0.14177708576568548,0.04613620262763618,0.049766241858744564
394,9.54287630006159,9.700024071988745,9.618088542770556,9.599741370284807,0.15714777192715523,0.07521224270896631,0.05686507022321763
395,9.529593783265282,9.700024071988745,9.591370942317573,9.564993171137026,0.17043028872346255,0.06177715905229064,0.03539938787174357
396,9.521934264474277,9.700024071988745,9.598157195119521,9.548077644268606,0.17808980751446768,0.07622293064524399,0.02614337979432868
397,9.514215624322715,9.700024071988745,9.586423408614703,9.561603570956784,0.18580844766603022,0.07220778429198838,0.04738794663406942
398,9.510074525452104,9.700024071988745,9.59153118034806,9.545768543724858,0.1899495465366403,0.08145665489595544,0.035694018272753425
399,9.499121839871265,9.700024071988745,9.59754822499956,9.537942793853068,0.20090223211748004,0.09842638512829538,0.038820953981803186
400,9.48524111006323,9.499121839871265,9.442293974483295,9.497610373147397,0.013880729808034786,-0.04294713557993468,0.012369263084167414
401,9.47654341275084,9.499121839871265,9.452007810544417,9.487853074365622,0.02257842712042546,-0.024535602206421814,0.011309661614783195
402,9.471396088360253,9.499121839871265,9.455908630725714,9.490670770746158,0.027725751511011865,-0.015487457634538515,0.01927468238590535
403,9.467228129254554,9.499121839871265,9.46311245366648,9.481814216348662,0.031893710616710536,-0.004115675588074907,0.01458608709410747
404,9.462654300590172,9.499121839871265,9.439106598961795,9.469812765088719,0.0364675392810927,-0.023547701628377382,0.007158464498546735
405,9.457200449907708,9.499121839871265,9.447637921000585,9.481404190682111,0.041921389963556877,-0.00956252890712328,0.02420374077440357
406,9.453757028129948,9.499121839871265,9.447287431060817,9.474994341442056,0.04536481174131701,-0.006469597069131083,0.021237313312107986
407,9.45688790106941,9.499121839871265,9.415396454767828,9.485585140398795,0.04223393880185533,-0.04149144630158119,0.028697239329385837
408,9.473012281423795,9.499121839871265,9.437587699882625,9.478364916431369,0.02610955844746954,-0.035424581541169786,0.0053526350075738804
409,9.470933838737231,9.499121839871265,9.406841187230112,9.467926975043119,0.028188001134033414,-0.06409265150711896,-0.003006863694112738
410,9.468233115617211,9.470933838737231,9.464116196498196,9.529366040970425,0.002700723120019788,-0.00411691911901535,0.06113292535321335
411,9.464051924856811,9.470933838737231,9.463424073173059,9.536663841793963,0.006881913880420143,-0.0006278516837525672,0.07261191693715219
412,9.458605712064172,9.470933838737231,9.45905057540336,9.538469102798652,0.012328126673059714,0.00044486333918847265,0.07986339073448079
413,9.455401958591324,9.470933838737231,9.462661753453807,9.51158257177105,0.01553188014590745,0.007259794862482849,0.05618061317972689
414,9.452187908084165,9.470933838737231,9.458274150801179,9.545036073874131,0.018745930653066623,0.006086242717014301,0.09284816578996669
415,9.45226642258976,9.470933838737231,9.45624419573122,9.54248210600232,0.018667416147470917,0.0039777731414591955,0.09021568341255914
416,9.452187908084165,9.470933838737231,9.459512920344963,9.529995676383981,0.018745930653066623,0.0073250122607984025,0.07780776829981662
417,9.448017793067429,9.470933838737231,9.45353195795212,9.544230619454758,0.022916045669802543,0.005514164884690587,0.09621282638732964
418,9.447150114054207,9.470933838737231,9.456264697014547,9.553883115676165,0.023783724683024587,0.009114582960339845,0.10673300162195787
419,9.448254302193842,9.470933838737231,9.451781312366213,9.560178649760386,0.02267953654338939,0.0035270101723714475,0.11192434756654457
420,9.45985317831046,9.448254302193842,9.446000606508914,9.479803942510696,-0.011598876116618584,-0.013852571801546532,0.019950764200235227
421,9.46242117318499,9.448254302193842,9.442614942575071,9.467182532442928,-0.014166870991148883,-0.019806230609919595,0.004761359257937414
422,9.459697330106296,9.448254302193842,9.4387326555539,9.48591644113737,-0.01144302791245444,-0.02096467455239548,0.02621911103107344
423,9.451245252869034,9.448254302193842,9.442801914279018,9.479670110133133,-0.002990950675192394,-0.008443338590016225,0.028424857264099046
424,9.442166123673227,9.448254302193842,9.434407212792323,9.491365846256096,0.006088178520615273,-0.007758910880903969,0.049199722582869754
425,9.428833125074965,9.448254302193842,9.428749350624722,9.465767615872796,0.019421177118877253,-8.37744502426574e-05,0.03693449079783129
426,9.403684292051873,9.448254302193842,9.424172972155215,9.477119422466656,0.04457001014196926,0.020488680103342816,0.07343513041478289
427,9.38538551979936,9.448254302193842,9.416633912229479,9.481220171162963,0.06286878239448157,0.031248392430118344,0.09583465136360303
428,9.366061246972958,9.448254302193842,9.413699440539109,9.463573978556749,0.08219305522088405,0.04763819356615073,0.09751273158379092
429,9.272939513732704,9.448254302193842,9.40816081383534,9.486675972682088,0.17531478846113835,0.13522130010263567,0.2137364589493842
430,9.2140335438138,9.272939513732704,9.273321577246373,9.292514878697617,0.05890596991890362,0.05928803343257272,0.0784813348838167
431,9.167954655479745,9.272939513732704,9.266949286357374,9.281675932207479,0.10498485825295845,0.09899463087762861,0.11372127672773402
432,9.130539301772627,9.272939513732704,9.255410508059567,9.258647086661052,0.14240021196007646,0.12487120628694015,0.12810778488842445
433,9.11305824916963,9.272939513732704,9.251638763958098,9.22213151288017,0.15988126456307405,0.1385805147884689,0.10907326371054005
434,9.086023537468803,9.272939513732704,9.233317669104743,9.211801162226822,0.18691597626390077,0.14729413163593996,0.1257776247580189
435,9.034438166984412,9.272939513732704,9.234883967150967,9.210350819439098,0.2385013467482917,0.20044580016655544,0.17591265245468612
436,8.970686268534983,9.272939513732704,9.219239847869387,9.184984417567666,0.30225324519772023,0.2485535793344038,0.21429814903268252
437,8.928640371201949,9.272939513732704,9.218436197562948,9.192271065693074,0.34429914253075466,0.289795826360999,0.2636306944911251
438,8.89192414015454,9.272939513732704,9.219372860195616,9.171993574374337,0.3810153735781636,0.32744872004107606,0.28006943421979713
439,8.884887201837403,9.272939513732704,9.218543624287584,9.185013037359191,0.38805231189530076,0.333656422450181,0.3001258355217882
440,8.881558488638976,8.884887201837403,8.82214147053359,8.854469370176856,0.003328713198426314,-0.05941701810538724,-0.027089118462120254
441,8.878636747430072,8.884887201837403,8.820400419548282,8.843523653003148,0.006250454407330963,-0.05823632788179012,-0.03511309442692401
442,8.867427438524983,8.884887201837403,8.866598995460162,8.85041200219607,0.01745976331242005,-0.0008284430648206609,-0.017015436328913225
443,8.873187904050106,8.884887201837403,8.880695103840246,8.876317177793348,0.01169929778729717,0.007507199790140362,0.0031292737432426776
444,8.871645667501872,8.884887201837403,8.879709648153257,8.885937774017897,0.013241534335531213,0.008063980651385805,0.014292106516025527
445,8.867427438524983,8.884887201837403,8.868006203547765,8.881991440987612,0.01745976331242005,0.0005787650227819796,0.014564002462629233
446,8.874867635688053,8.884887201837403,8.890383354299775,8.889850730958925,0.010019566149349401,0.015515718611721852,0.01498309527087116
447,8.887652690325586,8.884887201837403,8.88669148319815,8.893979771426224,-0.0027654884881833652,-0.000961207127435415,0.006327081100637955
448,8.905037290767,8.884887201837403,8.877001346620556,8.918445100892846,-0.020150088929597132,-0.028035944146443725,0.013407810125846353
449,8.920121751872404,8.884887201837403,8.89450903255661,8.951478982728778,-0.03523455003500153,-0.02561271931579512,0.031357230856373874
450,8.926517509850122,8.920121751872404,8.965383199096916,9.056922003190317,-0.006395757977717409,0.03886568924679423,0.13040449334019577
451,8.922791623969637,8.920121751872404,8.977286736227686,9.105011043440397,-0.002669872097232684,0.05449511225804926,0.18221941947076026
452,8.919988070968524,8.920121751872404,9.013454854258732,9.16723334039595,0.00013368090388077292,0.09346678329020897,0.24724526942742564
453,8.901230352110781,8.920121751872404,9.023798489743678,9.195679035023177,0.018891399761622907,0.12256813763289642,0.294448682912396
454,8.876125585396185,8.920121751872404,9.052110433998477,9.22937486229519,0.0439961664762194,0.17598484860229213,0.353249276899005
455,8.852950887099581,8.920121751872404,9.070687876898562,9.232506802346572,0.06717086477282308,0.21773698979898093,0.37955591524699095
456,8.840580188488795,8.920121751872404,9.111382842298596,9.236718257972848,0.07954156338360896,0.27080265380980073,0.39613806948405283
457,8.835501457409778,8.920121751872404,9.075757434239796,9.284225471802092,0.08462029446262598,0.2402559768300172,0.44872401439231346
458,8.839131752546109,8.920121751872404,9.08698131282569,9.300671109256644,0.08098999932629525,0.24784956027958138,0.46153935671053503
459,8.85907931788153,8.920121751872404,9.103689366706837,9.306350456769174,0.061042433990873946,0.24461004882530624,0.44727113888764336
460,8.889859587773016,8.85907931788153,8.806575420138921,8.860815009397529,-0.03078026989148519,-0.08328416763409408,-0.029044578375486907
461,8.941283763647567,8.85907931788153,8.794847866024236,8.861876401837963,-0.08220444576603647,-0.14643589762333065,-0.07940736180960428
462,9.09133158539398,8.85907931788153,8.822361244290862,8.884955926556774,-0.23225226751245032,-0.26897034110311857,-0.20637565883720654
463,9.16858043772795,8.85907931788153,8.828856296864426,8.911511894892005,-0.3095011198464199,-0.33972414086352387,-0.2570685428359454
464,9.243388226022383,8.85907931788153,8.865926471361885,8.921860696700348,-0.38430890814085217,-0.3774617546604979,-0.32152752932203477
465,9.301733800405394,8.85907931788153,8.860135760878322,8.942655066374337,-0.44265448252386363,-0.4415980395270722,-0.3590787340310566
466,9.354700422483019,8.85907931788153,8.877010941221153,8.952830755346262,-0.4956211046014882,-0.4776894812618657,-0.4018696671367561
467,9.405742668308667,8.85907931788153,8.898103563564993,8.954078709464977,-0.5466633504271368,-0.5076391047436744,-0.4516639588436906
468,9.450459027496354,8.85907931788153,8.933758001440985,8.99802173418516,-0.5913797096148237,-0.5167010260553688,-0.45243729331119376
469,9.481359383531425,8.85907931788153,8.927322238578803,9.013168410328081,-0.6222800656498944,-0.5540371449526216,-0.4681909732033436
470,9.478916074688227,9.481359383531425,9.680448034314136,9.4978339191408,0.0024433088431976557,0.20153195962590864,0.018917844452573718
471,9.471164990258082,9.481359383531425,9.713336193028177,9.515950985222483,0.010194393273343039,0.24217120277009485,0.04478599496440161
472,9.455245415071905,9.481359383531425,9.698269717905633,9.571310518586706,0.0261139684595193,0.243024302833728,0.11606510351480104
473,9.454853949026585,9.481359383531425,9.709170168245754,9.599124527672048,0.026505434504839442,0.25431621921916836,0.14427057864546278
474,9.470779708034089,9.481359383531425,9.702192187442126,9.61106677122574,0.010579675497336183,0.23141247940803744,0.14028706319165174
475,9.49521851709523,9.481359383531425,9.717947341674208,9.636843116758591,-0.013859133563805415,0.22272882457897758,0.14162459966336094
476,9.516353401112687,9.481359383531425,9.695040683776412,9.633789573614653,-0.03499401758126197,0.17868728266372536,0.11743617250196614
477,9.53885243891622,9.481359383531425,9.70743985993291,9.65098916626486,-0.057493055384794545,0.16858742101669044,0.11213672734864133
478,9.564792848061815,9.481359383531425,9.680888565890278,9.694202099283183,-0.08343346453039047,0.11609571782846295,0.12940925122136804
479,9.577064651767916,9.481359383531425,9.718026394622719,9.675390121701831,-0.09570526823649139,0.14096174285480245,0.09832546993391489
480,9.582041849931539,9.577064651767916,9.598897045432246,9.611543221050272,-0.0049771981636226315,0.0168551955007068,0.029501371118733744
481,9.590077331511615,9.577064651767916,9.603065038337867,9.605967200005715,-0.013012679743699351,0.01298770682625161,0.015889868494099346
482,9.594377532670727,9.577064651767916,9.619362902542196,9.618014738150578,-0.01731288090281069,0.024985369871469487,0.02363720547985082
483,9.595806833577658,9.577064651767916,9.635586142075212,9.635993707587764,-0.018742181809741965,0.039779308497553956,0.040186874010105456
484,9.593423529191217,9.577064651767916,9.646109696822638,9.63142060932359,-0.016358877423300555,0.0526861676314212,0.037997080132372574
485,9.5926733160273,9.577064651767916,9.631973159911833,9.618982398723636,-0.015608664259383787,0.03929984388453356,0.02630908269633636
486,9.587886000086213,9.577064651767916,9.660902766830725,9.646351447955636,-0.010821348318296842,0.0730167667445123,0.058465447869423315
487,9.579556347409227,9.577064651767916,9.653432099186169,9.661551263424942,-0.0024916956413107982,0.07387575177694217,0.08199491601571474
488,9.556550752867032,9.577064651767916,9.653553958814268,9.66647747579315,0.02051389890088373,0.09700320594723522,0.10992672292611694
489,9.517972119735584,9.577064651767916,9.669673215838246,9.661056280440281,0.059092532032332556,0.1517010961026628,0.14308416070469754
490,9.486076373409563,9.517972119735584,9.49063288437457,9.516248499846132,0.0318957463260201,0.004556510965006311,0.030172126436568192
491,9.476849879195163,9.517972119735584,9.501622228279198,9.521639681320208,0.04112224054042102,0.024772349084035028,0.04478980212504524
492,9.46815584482167,9.517972119735584,9.504453537511864,9.507479362920742,0.049816274913913716,0.03629769269019434,0.03932351809907253
493,9.462343451970945,9.517972119735584,9.505810722468148,9.51631410395278,0.055628667764638706,0.043467270497203,0.05397065198183526
494,9.455088847042777,9.517972119735584,9.50406745734424,9.500651943541872,0.06288327269280636,0.048978610301462666,0.04556309649909451
495,9.428993858017527,9.517972119735584,9.4991330444627,9.496646484810471,0.08897826171805612,0.07013918644517325,0.0676526267929436
496,9.417435838868785,9.517972119735584,9.488811550363751,9.5026810785605,0.10053628086679822,0.0713757114949658,0.08524523969171405
497,9.405742668308667,9.517972119735584,9.505608169788871,9.507334705865583,0.11222945142691643,0.09986550148020434,0.10159203755691593
498,9.397566548103592,9.517972119735584,9.498401558673574,9.50316294072383,0.12040557163199139,0.10083501056998223,0.10559639262023701
499,9.398892478520773,9.517972119735584,9.487404342276148,9.508219705264267,0.1190796412148103,0.08851186375537523,0.10932722674349371
500,9.412382853382338,9.398892478520773,9.387563092471026,9.377237826135943,-0.013490374861564902,-0.02481976091131166,-0.035145027246395344
501,9.445886690007436,9.398892478520773,9.391607585645882,9.39845796646208,-0.04699421148666261,-0.054279104361553365,-0.04742872354535521
502,9.470008697972764,9.398892478520773,9.421118444949679,9.407991063209387,-0.07111621945199076,-0.04889025302308525,-0.06201763476337696
503,9.488805094878353,9.398892478520773,9.376948676035893,9.42524330315518,-0.08991261635758008,-0.11185641884246067,-0.06356179172317411
504,9.49822242443063,9.398892478520773,9.422288166171214,9.457075891793252,-0.09932994590985622,-0.0759342582594158,-0.04114653263737722
505,9.501366845678353,9.398892478520773,9.439070680713405,9.446328791052421,-0.10247436715757985,-0.062296164964948275,-0.05503805462593192
506,9.490242257109001,9.398892478520773,9.457564478377513,9.45179656532101,-0.09134977858822779,-0.032677778731487805,-0.03844569178799162
507,9.475470039957452,9.398892478520773,9.468349793510466,9.479525781098507,-0.07657756143667882,-0.007120246446985945,0.004055741141055336
508,9.458059455856434,9.398892478520773,9.468205136455307,9.478995535906524,-0.059166977335660675,0.010145680598872886,0.020936080050089956
509,9.440419814291506,9.398892478520773,9.470774521292181,9.497018460095166,-0.04152733577073242,0.030354707000675774,0.056598645803660474
510,9.421573272264558,9.440419814291506,9.435368804985519,9.48025365866177,0.018846542026947688,0.01379553272096068,0.05868038639721185
511,9.4054136126953,9.440419814291506,9.433392809293277,9.487590493928762,0.0350062015962056,0.027979196597977207,0.08217688123346178
512,9.397068870588344,9.440419814291506,9.432116645408703,9.48742713970321,0.04335094370316206,0.03504777482035948,0.09035826911486566
513,9.398644000447685,9.440419814291506,9.43146355652702,9.464600026784725,0.04177581384382023,0.0328195560793354,0.06595602633703912
514,9.413281215972873,9.440419814291506,9.43399243082804,9.481950836900756,0.027138598318632745,0.020711214855166915,0.0686696209278832
515,9.412055975876772,9.440419814291506,9.434851024573797,9.488619166321005,0.028363838414733777,0.022795048697025422,0.07656319044423299
516,9.405907155520158,9.440419814291506,9.439131528522323,9.506066250463542,0.034512658771348015,0.03322437300216485,0.10015909494338437
517,9.398809659356372,9.440419814291506,9.448679058173092,9.479077377029569,0.041610154935133536,0.04986939881671937,0.08026771767319651
518,9.392745258631441,9.440419814291506,9.43901852544862,9.490768356854797,0.0476745556600644,0.04627326681717925,0.09802309822335609
519,9.392078425231722,9.440419814291506,9.451198911909445,9.492874576698735,0.048341389059784134,0.05912048667772396,0.10079615146701393
520,9.3868953338758,9.392078425231722,9.329330591266414,9.369735340499663,0.005183091355920766,-0.0575647426093866,-0.01715999337613816
521,9.37974553683691,9.392078425231722,9.334320767638603,9.379547746731024,0.012332888394810837,-0.0454247691983074,-0.00019779010588649726
522,9.36700218198956,9.392078425231722,9.323959747065398,9.38421777506277,0.025076243242160956,-0.043042434924162265,0.0172155930732103
523,9.347751727799142,9.392078425231722,9.33573945644487,9.370883576376272,0.04432669743257911,-0.012012271354272741,0.023131848577129688
524,9.319284458965361,9.392078425231722,9.344191233504349,9.38613275893583,0.07279396626636014,0.024906774538987264,0.06684829997046826
525,9.285633356011614,9.392078425231722,9.34320503977116,9.385062099915332,0.10644506922010777,0.05757168375954613,0.0994287439037187
526,9.249849505070895,9.392078425231722,9.350876127961525,9.388932250176772,0.1422289201608269,0.10102662289063069,0.1390827451058776
527,9.211339872309265,9.392078425231722,9.354965231928903,9.402340909524318,0.1807385529224561,0.1436253596196373,0.19100103721505235
528,9.17895289873455,9.392078425231722,9.358984139502168,9.403953458465729,0.21312552649717098,0.180031240767617,0.22500055973117838
529,9.139059169971219,9.392078425231722,9.363116542179934,9.399836800773558,0.2530192552605026,0.22405737220871558,0.2607776308023393
530,9.106201332235038,9.139059169971219,9.061423674983379,9.082650785745848,0.032857837736180784,-0.044777657251659164,-0.023550546489190083
531,9.085797036901582,9.139059169971219,9.079098323370852,9.064761365914237,0.05326213306963723,-0.006698713530729705,-0.021035670987345156
532,9.058470422638056,9.139059169971219,9.06389342358328,9.054304071314524,0.08058874733316301,0.005423000945224743,-0.004166351323531714
533,9.038602608721874,9.139059169971219,9.059090054904772,9.071503499954463,0.1004565612493451,0.020487446182897884,0.03290089123258966
534,9.0142038261485,9.139059169971219,9.051348032274094,9.066755566746073,0.12485534382271979,0.03714420612559444,0.052551740597573726
535,8.998754769495703,9.139059169971219,9.063141436510827,9.056980882876035,0.1403044004755163,0.06438666701512474,0.05822611338033212
536,8.9851948179913,9.139059169971219,9.060286509799766,9.058385056773705,0.15386435197991943,0.07509169180846698,0.07319023878240571
537,8.980423936374544,9.139059169971219,9.076426596127607,9.050493866805533,0.15863523359667475,0.09600265975306321,0.0700699304309893
538,8.989569004807029,9.139059169971219,9.042360597683832,9.07332229180615,0.14949016516419,0.052791592876802795,0.0837532869991211
539,9.004299728561636,9.139059169971219,9.059394539964753,9.080538333511779,0.1347594414095834,0.05509481140311756,0.07623860495014334
540,9.015541293671115,9.004299728561636,8.978129256967314,9.001518679084906,-0.011241565109479268,-0.037412036703800666,-0.014022614586208348
541,9.029777268197092,9.004299728561636,9.000052755321853,9.015266675674088,-0.025477539635456736,-0.02972451287523903,-0.014510592523004462
542,9.032289682032873,9.004299728561636,9.037139986887041,9.03887242733335,-0.027989953471237783,0.0048503048541679306,0.0065827453004772
543,9.019179866515024,9.004299728561636,9.049920978944229,9.057087489549337,-0.014880137953388939,0.03074111242920452,0.03790762303431272
544,9.009202900924588,9.004299728561636,9.080028917623656,9.07628423521618,-0.004903172362952901,0.0708260166990673,0.06708133429159169
545,9.006509131694346,9.004299728561636,9.119556867971554,9.100476405583745,-0.0022094031327100083,0.11304773627720799,0.0939672738893993
546,9.012864567410551,9.004299728561636,9.112283340667474,9.121394603009033,-0.008564838848915457,0.09941877325692339,0.1085300355984824
547,9.020026965252676,9.004299728561636,9.165999163139631,9.136069667630288,-0.015727236691040147,0.14597219788695526,0.11604270237761227
548,9.018089684104343,9.004299728561636,9.19605240439514,9.146852932634907,-0.013789955542707233,0.17796272029079674,0.1287632485305643
549,9.016876974763383,9.004299728561636,9.206388085382152,9.165014773519376,-0.012577246201747272,0.1895111106187688,0.1481377987559931
550,9.014447135152134,9.016876974763383,8.960429104983383,9.007035082397547,0.002429839611249207,-0.054018030168750286,-0.007412052754586895
551,9.000113045928519,9.016876974763383,8.975701987026467,9.03028033949078,0.016763928834864217,-0.024411058902051863,0.03016729356226122
552,8.988570876215118,9.016876974763383,8.969572103311533,9.040600767522996,0.02830609854826527,-0.018998772903584538,0.05202989130787827
553,8.98205864280585,9.016876974763383,8.961961206889017,9.060481764022178,0.03481833195753303,-0.020097435916833106,0.07842312121632844
554,8.983063289380366,9.016876974763383,8.962643735613558,9.081711498948913,0.033813685383016434,-0.020419553766808818,0.09864820956854636
555,8.988695696785708,9.016876974763383,8.955019308344044,9.075099917080914,0.028181277977674668,-0.03367638844166443,0.086404220295206
556,8.997023381479709,9.016876974763383,8.96569719675236,9.08755182253813,0.019853593283674087,-0.03132618472734805,0.09052844105842084
557,9.00859131751613,9.016876974763383,8.990592971163727,9.096859651184234,0.008285657247252942,-0.01799834635240316,0.08826833366810405
558,9.009202900924588,9.016876974763383,9.018560985889424,9.118332039300432,0.007674073838794371,0.009358084964835811,0.10912913837584348
559,9.007979359844501,9.016876974763383,8.997497475367908,9.133116662779788,0.008897614918881303,-0.010481884476593706,0.12513730293528624
560,9.012620873002131,9.007979359844501,9.006592090667406,8.988418523048875,-0.004641513157629618,-0.006028782334725591,-0.02420234995325643
561,9.02304647355567,9.007979359844501,9.014777269038493,8.992707391520996,-0.015067113711168645,-0.008269204517176831,-0.030339082034673837
562,9.027738775974909,9.007979359844501,9.017235454914598,8.986604569500052,-0.019759416130407104,-0.01050332106031071,-0.04113420647485633
563,9.027978814382207,9.007979359844501,9.025872235554825,9.001535982168035,-0.019999454537705574,-0.0021065788273819663,-0.02644283221417254
564,9.026778045746095,9.007979359844501,9.030579740232493,8.994028494218622,-0.018798685901593615,0.0038016944863983326,-0.032749551527473386
565,9.021356672308677,9.007979359844501,9.041448290575756,9.0050785219219,-0.013377312464175617,0.02009161826707917,-0.016278150386776602
566,9.0068768914288,9.007979359844501,9.036392510096919,9.012363939970308,0.0011024684157021625,0.02951561866811936,0.005487048541509054
567,8.995412975433313,9.007979359844501,9.03772861973394,9.033000203747276,0.012566384411188736,0.0423156443006274,0.03758722831396355
568,8.985820874482043,9.007979359844501,9.042378802823427,9.026056009058573,0.02215848536245879,0.056557928341383956,0.040235134576530385
569,8.975250749643573,9.007979359844501,9.048809809387876,9.031560767642285,0.03272861020092854,0.07355905974430321,0.056310017998711714
570,8.961237781491876,8.975250749643573,9.002734651201628,9.011096386624732,0.014012968151696725,0.04149686970975175,0.049858605132856226
571,8.949494953477961,8.975250749643573,9.009468912749059,9.025444742794878,0.025755796165611855,0.0599739592710975,0.0759497893169172
572,8.941937914256359,8.975250749643573,9.014230622819847,9.012698602919347,0.03331283538721408,0.0722927085634879,0.0707606886629879
573,8.931684110731714,8.975250749643573,9.018051487996168,9.018533596174898,0.043566638911858746,0.08636737726445354,0.08684948544318338
574,8.928640371201949,8.975250749643573,9.019791554919875,9.030174962894476,0.04661037844162408,0.09115118371792619,0.10153459169252699
575,8.933268478636418,8.975250749643573,9.027950737663703,9.046957067411,0.04198227100715535,0.09468225902728555,0.11368858877458266
576,8.942591637231851,8.975250749643573,9.028898388984237,9.041043759253137,0.03265911241172148,0.08630675175238522,0.0984521220212855
577,8.958154135209242,8.975250749643573,9.038003746956196,9.053827867505392,0.017096614434331414,0.07984961174695471,0.0956737322961505
578,8.988196320995057,8.975250749643573,9.038477900636996,9.050350931858175,-0.012945571351483665,0.0502815796419398,0.06215461086311791
579,9.011035410141815,8.975250749643573,9.043351793730151,9.04773447607478,-0.03578466049824236,0.032316383588335995,0.03669906593296446
580,9.046644279305394,9.011035410141815,9.020506229656673,9.071249120030936,-0.035608869163578305,-0.02613804964872024,0.024604840725542587
581,9.09750756370184,9.011035410141815,9.034682047026335,9.08920274988193,-0.08647215356002391,-0.06282551667550429,-0.008304813819909995
582,9.153664194782626,9.011035410141815,9.041298631207466,9.10607317392703,-0.1426287846408112,-0.11236556357516037,-0.047591020855596966
583,9.177197153382929,9.011035410141815,9.051799306522698,9.127310289315762,-0.16616174324111377,-0.12539784686023125,-0.049886864067167025
584,9.200189020919808,9.011035410141815,9.055829940830026,9.135297671305306,-0.18915361077799275,-0.1443590800897816,-0.06489134961450205
585,9.21074029199751,9.011035410141815,9.074604196050055,9.166644051507982,-0.1997048818556948,-0.1361360959474549,-0.04409624048952843
586,9.21094019204815,9.011035410141815,9.071111597422375,9.165916255949854,-0.19990478190633532,-0.1398285946257758,-0.04502393609829625
587,9.20693457884135,9.011035410141815,9.100108202535182,9.186135851644474,-0.19589916869953505,-0.10682637630616831,-0.020798727196876143
588,9.209640126861789,9.011035410141815,9.107249865584897,9.19833288514736,-0.1986047167199736,-0.10239026127689144,-0.011307241714428429
589,9.22029070282935,9.011035410141815,9.132637014755057,9.199204927734982,-0.2092552926875353,-0.08765368807429397,-0.021085775094368486
590,9.246382963323112,9.22029070282935,9.15722674600891,9.21729493212267,-0.0260922604937619,-0.08915621731420309,-0.0290880312004429
591,9.267098705794792,9.22029070282935,9.162593571958393,9.211811166853087,-0.04680800296544163,-0.10450513383639937,-0.05528753894170535
592,9.285355075781629,9.22029070282935,9.189041293517652,9.2328776295594,-0.0650643729522784,-0.09631378226397658,-0.05247744622222861
593,9.313528529772352,9.22029070282935,9.19969023411391,9.249597000148944,-0.09323782694300142,-0.11383829565844117,-0.06393152962340842
594,9.34145634983372,9.22029070282935,9.185048627587047,9.238867612516907,-0.1211656470043696,-0.15640772224667288,-0.10258873731681284
595,9.360138737064577,9.22029070282935,9.204262512326752,9.248287706190514,-0.13984803423522685,-0.1558762247378258,-0.1118510308740639
596,9.381769487603714,9.22029070282935,9.24126331048143,9.267878076497244,-0.1614787847743635,-0.1405061771222833,-0.11389141110647039
597,9.40029935589935,9.22029070282935,9.217356353967519,9.26682906683194,-0.18000865306999891,-0.18294300193183055,-0.1334702890674091
598,9.41759841406017,9.22029070282935,9.222974361640333,9.277923377307205,-0.19730771123081858,-0.1946240524198366,-0.13967503675296378
599,9.450852217451484,9.22029070282935,9.249631934335733,9.299947659970583,-0.23056151462213315,-0.20122028311575058,-0.15090455748090115
600,9.484557193474393,9.450852217451484,9.4780247591384,9.472493020865828,-0.033704976022908895,-0.0065324343359929316,-0.012064172608564405
601,9.504948404498696,9.450852217451484,9.487274282134718,9.4642178828635,-0.05409618704721275,-0.01767412236397803,-0.04073052163519719
602,9.52083524249312,9.450852217451484,9.486133098699574,9.491706987610666,-0.06998302504163689,-0.03470214379354708,-0.02912825488245474
603,9.557187177595935,9.450852217451484,9.491578567571903,9.490333401627721,-0.10633496014445143,-0.06560861002403229,-0.06685377596821418
604,9.586445324777861,9.450852217451484,9.483806941088098,9.481841278042653,-0.1355931073263772,-0.1026383836897633,-0.10460404673520785
605,9.60588981529697,9.450852217451484,9.516671154303213,9.501882840592858,-0.15503759784548699,-0.08921866099375819,-0.10400697470411302
606,9.60951909544164,9.450852217451484,9.509496525189906,9.501202033976117,-0.15866687799015544,-0.100022570251733,-0.108317061465522
607,9.60904937558734,9.450852217451484,9.517389191250476,9.518629272876392,-0.1581971581358559,-0.09166018433686318,-0.09042010271094725
608,9.59791302724276,9.450852217451484,9.519727813642215,9.531350073165731,-0.14706080979127556,-0.07818521360054476,-0.06656295407702828
609,9.581834960513193,9.450852217451484,9.537020400113596,9.523962558726351,-0.13098274306170943,-0.044814560399597525,-0.05787240178684172
610,9.563599488613745,9.581834960513193,9.548450439604633,9.569734543934752,0.018235471899448186,-0.015149049009112403,0.006135055321006888
611,9.549736900114642,9.581834960513193,9.539813822974674,9.572683940559386,0.03209806039855145,-0.009923077139967873,0.022947040444744715
612,9.53892443574839,9.581834960513193,9.523914995749033,9.55784035538918,0.04291052476480317,-0.015009439999357,0.01891591964078998
613,9.529012261114708,9.581834960513193,9.540272723700676,9.55561670419434,0.05282269939848483,0.011260462585967801,0.02660444307963239
614,9.52390946537981,9.581834960513193,9.544444324832165,9.55193877396538,0.0579254951333823,0.020534859452354226,0.028029308585569623
615,9.51745735706657,9.581834960513193,9.53212124943938,9.547383224799734,0.0643776034466228,0.014663892372809073,0.02992586773316397
616,9.51473205799091,9.581834960513193,9.541727330755332,9.539681138668977,0.0671029025222829,0.02699527276442204,0.024949080678066338
617,9.514436985696058,9.581834960513193,9.53463552682667,9.54178621044105,0.06739797481713516,0.020198541130611147,0.027349224744991574
618,9.528939547062684,9.581834960513193,9.539772656397751,9.528094961404118,0.052895413450508855,0.010833109335067093,-0.0008445856585659328
619,9.537411412656335,9.581834960513193,9.529666507778874,9.528463492473215,0.04442354785685865,-0.007744904877460712,-0.008947920183119962
620,9.541728276688032,9.537411412656335,9.500036905042046,9.527090562531335,-0.004316864031697065,-0.04169137164598524,-0.014637714156696902
621,9.543234787249512,9.537411412656335,9.498756640900808,9.530557247536889,-0.005823374593177277,-0.04447814634870362,-0.012677539712623087
622,9.543951376316363,9.537411412656335,9.49655037479423,9.535432616722444,-0.006539963660028292,-0.04740100152213245,-0.008518759593918901
623,9.55016412883091,9.537411412656335,9.49387651541752,9.530206101556054,-0.01275271617457463,-0.056287613413388726,-0.019958027274855183
624,9.556692215591841,9.537411412656335,9.491777512025314,9.523378026136117,-0.019280802935506713,-0.06491470356652762,-0.03331418945572473
625,9.557611235839621,9.537411412656335,9.494241110240218,9.526783043281421,-0.020199823183286725,-0.06337012559940369,-0.03082819255820013
626,9.55768189473384,9.537411412656335,9.492477671853514,9.528574199403183,-0.020270482077505037,-0.06520422288032535,-0.029107695330656824
627,9.552084402526495,9.537411412656335,9.494752166231006,9.526460107066447,-0.01467298987016008,-0.05733223629548867,-0.025624295460048074
628,9.541512875502493,9.537411412656335,9.487346774672565,9.522429226743718,-0.004101462846158199,-0.0541661008299279,-0.019083648758774885
629,9.52602664083756,9.537411412656335,9.490849049905975,9.523158416389112,0.011384771818773842,-0.035177590931585456,-0.0028682244484485864
630,9.50985219618154,9.52602664083756,9.549385626144902,9.52212925196607,0.016174444656019915,0.0395334299633614,0.012277055784529978
631,9.474549088242322,9.52602664083756,9.544284742842743,9.511636695159035,0.05147755259523912,0.06973565460042153,0.03708760691671387
632,9.453600226875217,9.52602664083756,9.52828947758033,9.509586238805747,0.07242641396234362,0.0746892507051129,0.05598601193053021
633,9.43220310339067,9.52602664083756,9.525519344177113,9.50894069439633,0.09382353744689098,0.09331624078644296,0.07673759100566002
634,9.418248450647615,9.52602664083756,9.510105987340667,9.49690463697013,0.10777819018994528,0.09185753669305186,0.07865618632251525
635,9.408535277926427,9.52602664083756,9.501072629875754,9.48736645590456,0.11749136291113338,0.09253735194932666,0.07883117797813277
636,9.401869409521051,9.52602664083756,9.498732039360814,9.47089096858148,0.12415723131650935,0.09686262983976235,0.06902155906042928
637,9.399306471488806,9.52602664083756,9.483173861458944,9.46264551643741,0.1267201693487543,0.08386738997013765,0.06333904494860398
638,9.398146859000708,9.52602664083756,9.479241059275655,9.457938421785407,0.1278797818368531,0.08109420027494707,0.05979156278469944
639,9.404178688897805,9.52602664083756,9.473808875234923,9.443434009846573,0.12184795193975617,0.06963018633711826,0.03925532094876871
640,9.415645765160512,9.404178688897805,9.38014195592699,9.403872765414551,-0.01146707626270782,-0.03550380923352314,-0.011772999745961243
641,9.423271958213975,9.404178688897805,9.397708111523093,9.395847579058552,-0.019093269316170947,-0.02556384669088274,-0.027424379155423395
642,9.42512911890764,9.404178688897805,9.383812505693953,9.398709066180277,-0.020950430009834875,-0.04131661321368618,-0.02642005272736192
643,9.430760217368796,9.404178688897805,9.37557787822748,9.389379998204646,-0.0265815284709916,-0.055182339141316206,-0.041380219164150134
644,9.437396260110308,9.404178688897805,9.363104897451004,9.394871061931095,-0.03321757121250357,-0.07429136265930403,-0.042525198179212964
645,9.46931428029122,9.404178688897805,9.382332805068504,9.386066170767583,-0.06513559139341574,-0.08698147522271604,-0.08324810952363748
646,9.491752831414368,9.404178688897805,9.355563049350735,9.388818755072272,-0.08757414251656392,-0.1361897820636333,-0.1029340763420965
647,9.50218875329738,9.404178688897805,9.340415225135947,9.37399189894926,-0.09801006439957582,-0.16177352816143298,-0.12819685434812023
648,9.513994213937663,9.404178688897805,9.356589261588978,9.367085098601345,-0.10981552503985803,-0.1574049523486849,-0.14690911533631734
649,9.52602664083756,9.404178688897805,9.349769714702905,9.373766876863458,-0.12184795193975617,-0.1762569261346556,-0.15225976397410257
650,9.551586907757695,9.52602664083756,9.553455212890553,9.510351182689265,-0.025560266920134467,0.0018683051328576283,-0.04123572506843054
651,9.561630845638076,9.52602664083756,9.571085332490638,9.55414536809249,-0.035604204800515404,0.009454486852561672,-0.00748547754558615
652,9.583695426166113,9.52602664083756,9.572603575528742,9.536635139997305,-0.05766878532855202,-0.011091850637370726,-0.04706028616880786
653,9.613068404374461,9.52602664083756,9.577003478951365,9.540932372993025,-0.08704176353690052,-0.03606492542309603,-0.07213603138143654
654,9.660013734748668,9.52602664083756,9.58441985919767,9.523625353618181,-0.13398709391110764,-0.07559387555099839,-0.13638838113048735
655,9.703694249830134,9.52602664083756,9.579673730102211,9.553444388212956,-0.17766760899257328,-0.12402051972792272,-0.15024986161717813
656,9.728419624453482,9.52602664083756,9.57342083868731,9.551354077364879,-0.20239298361592084,-0.1549987857661712,-0.17706554708860267
657,9.753420191271506,9.52602664083756,9.57580948421037,9.553385180506705,-0.22739355043394482,-0.17761070706113635,-0.20003501076480035
658,9.745487807887239,9.52602664083756,9.564673351117115,9.53107978424634,-0.219461167049678,-0.18081445677012375,-0.21440802364089784
659,9.73613342286396,9.52602664083756,9.573170395010182,9.54923965700761,-0.21010678202639888,-0.16296302785377748,-0.1868937658563503
660,9.725018565057663,9.73613342286396,9.682316931302275,9.680507406030653,0.011114857806296286,-0.04270163375538871,-0.044511159027010194
661,9.714986944665458,9.73613342286396,9.659534921207111,9.676404197180345,0.02114647819850113,-0.0554520234583471,-0.0385827474851137
662,9.697692639556532,9.73613342286396,9.643857671851675,9.681334673815485,0.038440783307427395,-0.05383496770485685,-0.01635796574104731
663,9.685953239986429,9.73613342286396,9.63166613269272,9.671429437773218,0.05018018287753101,-0.05428710729370856,-0.014523802213210146
664,9.671870704017296,9.73613342286396,9.633339037412247,9.662341300879252,0.06426271884666335,-0.03853166660504925,-0.009529403138044401
665,9.660523873772611,9.73613342286396,9.620411092156166,9.656183371408725,0.07560954909134843,-0.04011278161644505,-0.0043405023638865
666,9.655538882302947,9.73613342286396,9.570752063628865,9.636411113716312,0.08059454056101245,-0.08478681867408255,-0.01912776858663534
667,9.648014489106362,9.73613342286396,9.575066025671779,9.606873356728793,0.08811893375759716,-0.07294846343458339,-0.04114113237756989
668,9.63971730013066,9.73613342286396,9.561998671689071,9.622547817909696,0.09641612273329869,-0.07771862844158939,-0.017169482220964483
669,9.626349693960018,9.73613342286396,9.55124435449651,9.603305477388734,0.10978372890394184,-0.07510533946350684,-0.023044216571284082
670,9.619996684702816,9.626349693960018,9.597514110864102,9.647389960963876,0.006353009257201947,-0.02248257383871355,0.02739327626106025
671,9.574427775630369,9.626349693960018,9.580534784001967,9.625652204236285,0.051921918329648875,0.00610700837159861,0.05122442860591647
672,9.545311482471128,9.626349693960018,9.588569646963697,9.622392500187207,0.0810382114888899,0.043258164492568696,0.077081017716079
673,9.517825071724143,9.626349693960018,9.58265248456457,9.598346462967202,0.10852462223587445,0.06482741284042604,0.08052139124305846
674,9.498297406622395,9.626349693960018,9.57591527083234,9.59517368435943,0.12805228733762242,0.07761786420994454,0.09687627773703511
675,9.483264073452418,9.626349693960018,9.583192406362283,9.58888881094254,0.1430856205076001,0.09992833290986525,0.10562473749012291
676,9.455636727931525,9.626349693960018,9.578880576452834,9.59986158981024,0.17071296602849273,0.12324384852130876,0.14422486187871542
677,9.432283202713874,9.626349693960018,9.573695883904433,9.58468817999386,0.1940664912461436,0.14141268119055894,0.1524049772799856
678,9.408207140105599,9.626349693960018,9.565946726827155,9.579725065315662,0.2181425538544186,0.15773958672155608,0.17151792521006293
679,9.389908140573516,9.626349693960018,9.564407326464657,9.563548568708633,0.23644155338650208,0.17449918589114155,0.17364042813511738
680,9.36434818445553,9.389908140573516,9.317954675163362,9.395271082971382,0.025559956117986005,-0.04639350929216768,0.030922898515852282
681,9.343821763350663,9.389908140573516,9.320452059493189,9.38998060380101,0.046086377222852803,-0.023369703857474278,0.04615884045034768
682,9.333884558067638,9.389908140573516,9.305170074880307,9.386513098744123,0.05602358250587791,-0.02871448318733094,0.05262854067648526
683,9.3350328159335,9.389908140573516,9.286333331748695,9.372762806011208,0.05487532464001532,-0.048699484184805186,0.0377299900777075
684,9.332646496360152,9.389908140573516,9.301142966793712,9.37522984844171,0.057261644213363994,-0.031503529566439425,0.042583352081559056
685,9.337677620437377,9.389908140573516,9.298880281155418,9.369297433087787,0.05223052013613838,-0.03879733928195961,0.03161981265041014
686,9.354094335620879,9.389908140573516,9.30182246132832,9.380494413989958,0.035813804952637085,-0.05227187429255942,0.026400078369078983
687,9.365376374075716,9.389908140573516,9.306567278341646,9.380993661241549,0.02453176649779998,-0.05880909573406967,0.015617287165833105
688,9.368283850042138,9.389908140573516,9.297858989225173,9.370391545576412,0.02162429053137771,-0.0704248608169653,0.0021076955342742565
689,9.368283850042138,9.389908140573516,9.29119279193839,9.36673887292851,0.02162429053137771,-0.07709105810374872,-0.0015449771136282209
690,9.364433907313582,9.368283850042138,9.393949324232688,9.327851710692299,0.0038499427285554333,0.02951541691910542,-0.03658219662128381
691,9.358760377094455,9.368283850042138,9.398234092448144,9.33742827016026,0.00952347294768252,0.03947371535368838,-0.02133210693419585
692,9.352360631996612,9.368283850042138,9.399442848113136,9.350363267857803,0.015923218045525545,0.04708221611652341,-0.0019973641388091323
693,9.345395602969047,9.368283850042138,9.385581192409186,9.354591616541542,0.022888247073090895,0.040185589440138614,0.009196013572495332
694,9.34233308143468,9.368283850042138,9.412635669949807,9.352299573065523,0.025950768607458485,0.07030258851512805,0.009966491630843066
695,9.345745008982385,9.368283850042138,9.395936144602526,9.350695716668243,0.022538841059752457,0.05019113562014077,0.0049507076858574806
696,9.351926736038054,9.368283850042138,9.410579145216657,9.335903630721756,0.016357114004083684,0.05865240917860248,-0.01602310531629847
697,9.35444071594994,9.368283850042138,9.427121056697715,9.362357338655748,0.013843134092198284,0.07268034074777496,0.007916622705808507
698,9.357380114625498,9.368283850042138,9.414096181374063,9.356408358264895,0.010903735416640359,0.05671606674856555,-0.0009717563606024271
699,9.35296777022594,9.368283850042138,9.405663429505513,9.361046732615184,0.015316079816198425,0.05269565927957309,0.008078962389244992
