Row Labels;4TC_PCURMON;4TC_P+1MON
10/09/2009;20056;19683
11/09/2009;19745;19160
14/09/2009;19568;18960
15/09/2009;19335;18458
16/09/2009;19568;18661
17/09/2009;19688;18913
18/09/2009;19650;18713
21/09/2009;19610;18443
22/09/2009;19520;17925
23/09/2009;19468;17598
24/09/2009;19540;17903
25/09/2009;19480;17995
28/09/2009;19425;17855
29/09/2009;19458;17970
30/09/2009;18815;18080
01/10/2009;19375;18560
02/10/2009;19113;18288
05/10/2009;19050;18300
06/10/2009;19438;18878
07/10/2009;20223;19525
08/10/2009;20450;19660
09/10/2009;20456;19462
12/10/2009;20718;19600
13/10/2009;20135;19180
14/10/2009;20595;19605
15/10/2009;21030;20185
16/10/2009;21230;20160
19/10/2009;21713;20613
20/10/2009;21915;21128
21/10/2009;22188;22050
22/10/2009;22315;22805
23/10/2009;22415;23053
26/10/2009;22358;23178
27/10/2009;22258;23010
28/10/2009;22190;22770
29/10/2009;22414;23700
30/10/2009;25233;24133
02/11/2009;26300;25005
03/11/2009;25044;23203
04/11/2009;26472;24806
05/11/2009;26844;25139
06/11/2009;29250;27313
09/11/2009;30238;28315
10/11/2009;30608;28938
11/11/2009;31560;30185
12/11/2009;31920;30510
13/11/2009;32170;31215
16/11/2009;32410;31490
17/11/2009;32688;32180
18/11/2009;34270;35250
19/11/2009;32555;32310
20/11/2009;31845;31495
23/11/2009;31540;30300
24/11/2009;31634;30415
25/11/2009;31215;28910
26/11/2009;31050;26681
27/11/2009;30972;25778
30/11/2009;26500;24425
01/12/2009;28660;26475
02/12/2009;30860;28190
03/12/2009;30250;27750
04/12/2009;30222;27911
07/12/2009;29465;27113
08/12/2009;29585;26693
09/12/2009;29738;26935
10/12/2009;29428;26300
11/12/2009;29028;25620
14/12/2009;29160;25413
15/12/2009;29528;26120
16/12/2009;29500;25885
17/12/2009;29225;25538
18/12/2009;29125;25595
21/12/2009;29048;25445
22/12/2009;29223;25886
23/12/2009;29480;26700
24/12/2009;27278;26333
29/12/2009;27653;26725
30/12/2009;28097;27383
31/12/2009;28875;28239
04/01/2010;30775;29556
05/01/2010;30545;29113
06/01/2010;30525;29145
07/01/2010;30830;29268
08/01/2010;31405;29683
11/01/2010;31740;29820
12/01/2010;31130;29160
13/01/2010;30145;27690
14/01/2010;30388;27958
15/01/2010;30208;28035
18/01/2010;30097;27672
19/01/2010;29553;26855
20/01/2010;29750;27225
21/01/2010;30285;28450
22/01/2010;30295;28760
25/01/2010;30273;28533
26/01/2010;30208;27950
27/01/2010;30285;27278
28/01/2010;30150;25818
29/01/2010;24980;23680
01/02/2010;24430;23295
02/02/2010;25433;24730
03/02/2010;25597;25214
04/02/2010;25938;25743
05/02/2010;26378;26360
08/02/2010;26293;26328
09/02/2010;25490;25333
10/02/2010;24730;24468
11/02/2010;24760;24508
12/02/2010;25213;25298
15/02/2010;25244;25433
16/02/2010;25455;26243
17/02/2010;25913;26873
18/02/2010;25425;26438
19/02/2010;25413;26510
22/02/2010;25573;26580
23/02/2010;25455;26218
24/02/2010;25503;26480
25/02/2010;25758;27513
26/02/2010;27460;27305
01/03/2010;28198;27953
02/03/2010;28978;28568
03/03/2010;31315;30500
04/03/2010;32294;31094
05/03/2010;31913;31015
08/03/2010;31248;30390
09/03/2010;30470;29533
10/03/2010;31398;30635
11/03/2010;32060;31273
12/03/2010;32958;32142
15/03/2010;32638;32055
16/03/2010;32263;31553
17/03/2010;32945;32218
18/03/2010;32950;32380
19/03/2010;32963;32735
22/03/2010;32910;32778
23/03/2010;32633;32173
24/03/2010;32493;31830
25/03/2010;31940;30820
26/03/2010;31775;30650
29/03/2010;31873;30203
30/03/2010;32125;30090
31/03/2010;30139;29261
01/04/2010;30711;29569
06/04/2010;30713;29783
07/04/2010;30803;30190
08/04/2010;31163;30310
09/04/2010;31403;30373
12/04/2010;30925;29115
13/04/2010;31495;30050
14/04/2010;31750;30653
15/04/2010;31595;30178
16/04/2010;31328;29853
19/04/2010;31190;29058
20/04/2010;31245;28925
21/04/2010;31173;28730
22/04/2010;30988;28255
23/04/2010;30943;27980
26/04/2010;31070;28455
27/04/2010;31455;30298
28/04/2010;31200;30083
29/04/2010;31120;29760
30/04/2010;29675;28685
04/05/2010;30225;29150
05/05/2010;31200;29970
06/05/2010;32325;31063
07/05/2010;32847;31347
10/05/2010;33428;31831
11/05/2010;33586;31906
12/05/2010;33014;31342
13/05/2010;33461;31847
14/05/2010;34056;32347
17/05/2010;34086;32292
18/05/2010;34347;32556
19/05/2010;33944;31486
20/05/2010;34294;32169
21/05/2010;34528;32431
24/05/2010;34917;32875
25/05/2010;34859;33063
26/05/2010;34461;32400
27/05/2010;34434;31800
28/05/2010;31333;28567
01/06/2010;31028;28228
02/06/2010;29875;27139
03/06/2010;29486;26764
04/06/2010;29444;26625
07/06/2010;29522;26650
08/06/2010;28806;25558
09/06/2010;28356;24931
10/06/2010;27792;24164
11/06/2010;27181;23639
14/06/2010;26597;22339
15/06/2010;27181;22864
16/06/2010;27169;22875
17/06/2010;26708;22558
18/06/2010;26883;23286
21/06/2010;26794;23389
22/06/2010;26928;23903
23/06/2010;27083;24389
24/06/2010;26750;23375
25/06/2010;26778;23194
28/06/2010;26586;22292
29/06/2010;26350;21347
30/06/2010;20219;19806
01/07/2010;18891;18656
02/07/2010;17722;17850
05/07/2010;17778;18097
06/07/2010;17319;17539
07/07/2010;16544;16691
08/07/2010;16667;16850
09/07/2010;17583;17900
12/07/2010;17239;17719
13/07/2010;17289;18114
14/07/2010;17481;18594
15/07/2010;17889;19544
16/07/2010;18111;20264
19/07/2010;18194;20194
20/07/2010;18097;20056
21/07/2010;18181;20861
22/07/2010;18275;21206
23/07/2010;18311;21431
26/07/2010;18256;21542
27/07/2010;18347;21728
28/07/2010;18389;22275
29/07/2010;18417;23678
30/07/2010;23528;25458
02/08/2010;23139;25278
03/08/2010;21556;23417
04/08/2010;20613;22488
05/08/2010;21308;23417
06/08/2010;21938;24250
09/08/2010;22418;24969
10/08/2010;22625;25086
11/08/2010;23075;25864
12/08/2010;22656;25289
13/08/2010;22484;25063
16/08/2010;22711;25908
17/08/2010;23022;26584
18/08/2010;23014;26719
19/08/2010;23394;27444
20/08/2010;23731;28047
23/08/2010;23769;28069
24/08/2010;23317;26792
25/08/2010;22875;25694
26/08/2010;23000;25625
27/08/2010;23028;25500
31/08/2010;25450;26453
01/09/2010;26363;27809
02/09/2010;26417;27711
03/09/2010;26969;28156
06/09/2010;26844;28000
07/09/2010;27531;28553
08/09/2010;27400;28483
09/09/2010;26889;27833
10/09/2010;26939;27886
13/09/2010;26567;27319
14/09/2010;26133;26742
15/09/2010;25128;25358
16/09/2010;24692;24803
17/09/2010;24933;25442
20/09/2010;25175;26094
21/09/2010;24714;25489
22/09/2010;24386;24889
23/09/2010;24456;24986
24/09/2010;24597;24919
27/09/2010;24514;25028
28/09/2010;24153;23917
29/09/2010;23864;22889
30/09/2010;22375;23333
01/10/2010;22264;23375
04/10/2010;22208;23481
05/10/2010;22178;24567
06/10/2010;21994;24889
07/10/2010;21328;24609
08/10/2010;21297;24888
11/10/2010;21239;25183
12/10/2010;20542;24275
13/10/2010;19678;23169
14/10/2010;19314;22469
15/10/2010;18925;22208
18/10/2010;18833;21614
19/10/2010;18567;21519
20/10/2010;18488;21250
21/10/2010;18775;21925
22/10/2010;18916;22544
25/10/2010;19108;23572
26/10/2010;19111;23803
27/10/2010;18978;22397
28/10/2010;18853;21539
29/10/2010;20696;21446
01/11/2010;19272;20094
02/11/2010;18736;19300
03/11/2010;19025;19572
04/11/2010;19992;20733
05/11/2010;20063;20938
08/11/2010;20389;21267
09/11/2010;19847;21108
10/11/2010;19819;21013
11/11/2010;18839;19419
12/11/2010;18458;18825
15/11/2010;17989;18083
16/11/2010;18006;18028
17/11/2010;17572;17264
18/11/2010;17742;17483
19/11/2010;17753;17747
22/11/2010;17858;18044
23/11/2010;17969;18300
24/11/2010;18109;18956
25/11/2010;18169;19125
26/11/2010;18069;18728
29/11/2010;18086;18569
30/11/2010;18463;17891
01/12/2010;19000;18304
02/12/2010;18886;18175
03/12/2010;18779;18129
06/12/2010;18484;17931
07/12/2010;18600;17772
08/12/2010;18744;17688
09/12/2010;18475;17106
10/12/2010;18484;17025
13/12/2010;18503;17069
14/12/2010;18484;16772
15/12/2010;18209;16106
16/12/2010;17944;15988
17/12/2010;17781;15984
20/12/2010;17794;15950
21/12/2010;17328;15350
22/12/2010;17406;15272
23/12/2010;17331;15734
24/12/2010;15825;16293
29/12/2010;16000;16521
30/12/2010;15971;16421
31/12/2010;15964;16471
04/01/2011;14984;15613
05/01/2011;14997;15434
06/01/2011;15844;16266
07/01/2011;16106;16628
10/01/2011;16088;16609
11/01/2011;15816;16331
12/01/2011;15421;15850
13/01/2011;15094;15384
14/01/2011;14963;15350
17/01/2011;14804;15218
18/01/2011;14772;15331
19/01/2011;14413;14938
20/01/2011;14297;14103
21/01/2011;14100;13700
24/01/2011;13828;12578
25/01/2011;13500;11625
26/01/2011;13409;11297
27/01/2011;13525;12347
28/01/2011;13580;12406
31/01/2011;12425;13554
01/02/2011;12259;13597
02/02/2011;12191;13747
03/02/2011;12572;14584
04/02/2011;12938;15503
07/02/2011;13172;16147
08/02/2011;13350;16863
09/02/2011;13154;16461
10/02/2011;13350;17003
11/02/2011;13981;17719
14/02/2011;13703;17528
15/02/2011;13625;17591
16/02/2011;13522;17353
17/02/2011;13603;17434
18/02/2011;13600;17268
21/02/2011;13229;15825
22/02/2011;13264;15332
23/02/2011;13182;14532
24/02/2011;13303;16144
25/02/2011;13353;16694
28/02/2011;16228;17116
01/03/2011;16509;17388
02/03/2011;16728;17772
03/03/2011;16956;18406
04/03/2011;16996;18461
07/03/2011;17006;18544
08/03/2011;16616;17866
09/03/2011;16659;17656
10/03/2011;16888;17750
11/03/2011;16750;17803
14/03/2011;16509;17191
15/03/2011;16256;16613
16/03/2011;16550;17313
17/03/2011;16519;17231
18/03/2011;16559;17372
21/03/2011;16566;17488
22/03/2011;16625;17541
23/03/2011;16600;17559
24/03/2011;16500;17042
25/03/2011;16497;16978
28/03/2011;16500;16769
29/03/2011;16469;16331
30/03/2011;16347;15641
31/03/2011;15419;15738
01/04/2011;15378;15709
04/04/2011;15153;15384
05/04/2011;14836;15132
06/04/2011;14425;14771
07/04/2011;14072;14466
08/04/2011;13884;14278
11/04/2011;13750;14209
12/04/2011;13519;13722
13/04/2011;13019;12963
14/04/2011;13038;13091
15/04/2011;13059;13141
18/04/2011;13038;13116
19/04/2011;12866;12559
20/04/2011;12631;11806
21/04/2011;12671;11664
26/04/2011;12606;12222
27/04/2011;12767;13300
28/04/2011;13267;13550
03/05/2011;13769;13978
04/05/2011;14453;14266
05/05/2011;14450;14203
06/05/2011;14081;13656
09/05/2011;13731;13313
10/05/2011;13875;13400
11/05/2011;13822;13019
12/05/2011;13506;12125
13/05/2011;13375;11975
16/05/2011;12994;11338
17/05/2011;13006;11375
18/05/2011;13347;11972
19/05/2011;13400;12406
20/05/2011;13600;12921
23/05/2011;13644;13206
24/05/2011;13721;13575
25/05/2011;13875;13875
26/05/2011;13941;13681
27/05/2011;13936;13243
31/05/2011;13256;12469
01/06/2011;13213;12269
02/06/2011;13244;12150
03/06/2011;13457;12100
06/06/2011;13467;12117
07/06/2011;13746;12114
08/06/2011;14464;12693
09/06/2011;14789;12964
10/06/2011;14793;12986
13/06/2011;14779;13171
14/06/2011;14936;13443
15/06/2011;14933;13321
16/06/2011;14718;12950
17/06/2011;14689;12943
20/06/2011;14607;12793
21/06/2011;14736;13193
22/06/2011;14714;13314
23/06/2011;14721;13243
24/06/2011;14721;13275
27/06/2011;14686;12914
28/06/2011;14650;11914
29/06/2011;14607;11818
30/06/2011;11950;11779
01/07/2011;12050;11868
04/07/2011;12383;12117
05/07/2011;12786;12386
06/07/2011;12950;12436
07/07/2011;13093;12521
08/07/2011;12993;12482
11/07/2011;12800;12243
12/07/2011;12575;11718
13/07/2011;12507;11586
14/07/2011;12479;11521
15/07/2011;12383;11400
18/07/2011;12350;11336
19/07/2011;12436;11279
20/07/2011;12486;11343
21/07/2011;12492;11233
22/07/2011;12550;11250
25/07/2011;12571;11293
26/07/2011;12618;11393
27/07/2011;12657;11275
28/07/2011;12625;11214
29/07/2011;11208;11458
01/08/2011;11121;11414
02/08/2011;11168;11471
03/08/2011;11367;11675
04/08/2011;11367;11708
05/08/2011;11400;11675
08/08/2011;11414;11621
09/08/2011;11471;11693
10/08/2011;11625;11739
11/08/2011;11814;11936
12/08/2011;12082;12257
15/08/2011;12198;12413
16/08/2011;12264;12479
17/08/2011;12293;12464
18/08/2011;12414;12789
19/08/2011;12421;13007
22/08/2011;12593;13393
23/08/2011;12507;13150
24/08/2011;12507;13086
25/08/2011;12481;12771
26/08/2011;12461;12714
30/08/2011;12558;13025
31/08/2011;13309;13079
01/09/2011;13491;13279
02/09/2011;13479;13386
05/09/2011;13240;13165
06/09/2011;13221;13146
07/09/2011;13286;13236
08/09/2011;13717;13758
09/09/2011;13836;13871
12/09/2011;13664;13871
13/09/2011;13657;13818
14/09/2011;13784;14032
15/09/2011;13719;13936
16/09/2011;13586;13864
19/09/2011;13557;13839
20/09/2011;13550;13764
21/09/2011;13393;13414
22/09/2011;13325;13313
23/09/2011;13417;13558
26/09/2011;13425;13571
27/09/2011;13446;13879
28/09/2011;13423;13936
29/09/2011;13436;14023
30/09/2011;14033;13421
03/10/2011;14000;13354
04/10/2011;14350;13557
05/10/2011;14729;13736
06/10/2011;14986;14043
07/10/2011;15154;14236
10/10/2011;15300;14300
11/10/2011;15607;14596
12/10/2011;15750;14764
13/10/2011;15800;14757
14/10/2011;16021;15043
17/10/2011;15871;14964
18/10/2011;15700;14600
19/10/2011;15639;14393
20/10/2011;15611;14271
21/10/2011;15529;14154
24/10/2011;15557;14389
25/10/2011;15559;14571
26/10/2011;15566;14432
27/10/2011;15521;14350
28/10/2011;15564;14486
31/10/2011;14443;12618
01/11/2011;14189;12346
02/11/2011;14208;12488
03/11/2011;14004;12204
04/11/2011;13743;12071
07/11/2011;13693;12021
08/11/2011;13971;12336
09/11/2011;14307;12700
10/11/2011;14436;12904
11/11/2011;14339;12821
14/11/2011;14414;12900
15/11/2011;14561;13154
16/11/2011;14663;13317
17/11/2011;14543;13343
18/11/2011;14536;13425
21/11/2011;14471;13414
22/11/2011;14471;13293
23/11/2011;14471;12983
24/11/2011;14475;13121
25/11/2011;14442;13192
28/11/2011;14389;13121
29/11/2011;14387;13236
30/11/2011;13042;11300
01/12/2011;12958;11183
02/12/2011;13072;11135
05/12/2011;13121;11346
06/12/2011;13293;11693
07/12/2011;13493;12011
08/12/2011;13561;12107
09/12/2011;13589;12143
12/12/2011;13736;12136
13/12/2011;13700;12079
14/12/2011;13921;12471
15/12/2011;13893;12700
16/12/2011;13900;12783
19/12/2011;13900;12770
20/12/2011;13883;12683
21/12/2011;13836;12482
22/12/2011;13838;12071
23/12/2011;11783;11408
28/12/2011;11708;11375
29/12/2011;11633;11358
30/12/2011;11613;11325
03/01/2012;11875;11400
04/01/2012;11886;11357
05/01/2012;11336;11039
06/01/2012;11275;10767
09/01/2012;11229;10700
10/01/2012;10993;10457
11/01/2012;10668;10050
12/01/2012;10525;9721
13/01/2012;10486;9764
16/01/2012;10200;9654
17/01/2012;9971;9500
18/01/2012;9843;9221
19/01/2012;9836;9307
20/01/2012;9836;9586
23/01/2012;9793;9536
24/01/2012;9700;9107
25/01/2012;9636;8764
26/01/2012;9568;8436
27/01/2012;9464;8157
30/01/2012;9364;7807
31/01/2012;7271;9514
01/02/2012;6914;9107
02/02/2012;7132;9761
03/02/2012;7708;10333
06/02/2012;7314;10100
07/02/2012;7439;10421
08/02/2012;8108;11429
09/02/2012;8571;11861
10/02/2012;8675;12275
13/02/2012;8000;11000
14/02/2012;7646;10471
15/02/2012;7464;9907
16/02/2012;7467;10125
17/02/2012;7271;9882
20/02/2012;7096;9408
21/02/2012;7014;9086
22/02/2012;6967;8796
23/02/2012;6936;9021
24/02/2012;6924;9164
27/02/2012;6900;9129
28/02/2012;6864;8593
29/02/2012;8432;10443
01/03/2012;8711;10700
02/03/2012;8521;10618
05/03/2012;8311;10439
06/03/2012;7814;9979
07/03/2012;8021;10361
08/03/2012;8157;10575
09/03/2012;8158;10667
12/03/2012;7993;10304
13/03/2012;7829;10064
14/03/2012;7757;9800
15/03/2012;7900;10200
16/03/2012;7818;10014
19/03/2012;7786;9943
20/03/2012;7786;9957
21/03/2012;7811;9932
22/03/2012;7771;9893
23/03/2012;7708;9567
26/03/2012;7629;9379
27/03/2012;7607;9057
28/03/2012;7643;9514
29/03/2012;7664;9650
30/03/2012;9667;9917
02/04/2012;9325;9600
03/04/2012;9121;9432
04/04/2012;9136;9532
05/04/2012;9171;9693
10/04/2012;9164;9961
11/04/2012;9211;10504
12/04/2012;9246;10504
13/04/2012;9371;10746
16/04/2012;9529;10757
17/04/2012;9714;11275
18/04/2012;9796;11564
19/04/2012;10107;11871
20/04/2012;10325;12507
23/04/2012;10389;12350
24/04/2012;10543;12550
25/04/2012;10593;13143
26/04/2012;10493;12621
27/04/2012;10496;12133
30/04/2012;12007;9936
01/05/2012;11975;9967
02/05/2012;12614;10521
03/05/2012;11707;9829
04/05/2012;11321;9575
08/05/2012;10864;9279
09/05/2012;11029;9486
10/05/2012;10929;9350
11/05/2012;11071;9693
14/05/2012;10907;9621
15/05/2012;10857;9557
16/05/2012;10807;9521
17/05/2012;10793;9461
18/05/2012;10907;9664
21/05/2012;10800;9471
22/05/2012;10579;8900
23/05/2012;10432;8136
24/05/2012;10308;7808
25/05/2012;10243;7600
28/05/2012;10242;7683
29/05/2012;10236;7436
30/05/2012;10186;6775
31/05/2012;7021;7346
01/06/2012;7000;7275
06/06/2012;7243;7582
07/06/2012;7893;8029
08/06/2012;7938;8021
11/06/2012;8175;8354
12/06/2012;8286;8382
13/06/2012;8321;8364
14/06/2012;8107;8057
15/06/2012;8100;8050
18/06/2012;8086;8000
19/06/2012;8068;8029
20/06/2012;8036;7904
21/06/2012;7950;7557
22/06/2012;7921;7421
25/06/2012;7893;7221
26/06/2012;7909;7418
27/06/2012;7916;7333
28/06/2012;7924;7339
29/06/2012;7510;7480
02/07/2012;7750;7857
03/07/2012;8217;8183
04/07/2012;8433;8246
05/07/2012;8836;8400
06/07/2012;9071;8500
09/07/2012;8850;8418
10/07/2012;8514;8182
11/07/2012;8746;8393
12/07/2012;8679;8261
13/07/2012;8886;8357
16/07/2012;9171;8479
17/07/2012;9064;8232
18/07/2012;8900;7814
19/07/2012;8900;7779
20/07/2012;8929;7832
23/07/2012;8907;7714
24/07/2012;8868;7529
25/07/2012;8850;7439
26/07/2012;8857;7443
27/07/2012;8842;7483
30/07/2012;8832;7418
31/07/2012;7193;7636
01/08/2012;7000;7386
02/08/2012;6746;7093
03/08/2012;6855;7225
06/08/2012;6879;7336
07/08/2012;6854;7296
08/08/2012;6771;7286
09/08/2012;6886;7464
10/08/2012;6904;7550
13/08/2012;6871;7479
14/08/2012;6914;7671
15/08/2012;6936;7679
16/08/2012;6821;7704
17/08/2012;6879;7950
20/08/2012;6879;8143
21/08/2012;6879;7907
22/08/2012;6821;7746
23/08/2012;6754;7450
24/08/2012;6738;7288
28/08/2012;6689;7043
29/08/2012;6681;6736
30/08/2012;6605;6318
31/08/2012;6233;7408
03/09/2012;6155;7480
04/09/2012;5525;7050
05/09/2012;5014;6236
06/09/2012;4883;6083
07/09/2012;4957;6207
10/09/2012;4957;6343
11/09/2012;4836;5993
12/09/2012;4525;5632
13/09/2012;4350;5658
14/09/2012;4296;5717
17/09/2012;4207;5579
18/09/2012;4250;5971
19/09/2012;4275;5850
20/09/2012;4229;5864
21/09/2012;4200;5642
24/09/2012;4129;5242
25/09/2012;4118;5193
26/09/2012;4107;4757
27/09/2012;4142;5108
28/09/2012;5061;6657
01/10/2012;5257;7221
02/10/2012;5225;7296
03/10/2012;5521;7429
04/10/2012;6043;8043
05/10/2012;6221;8221
08/10/2012;6093;7707
09/10/2012;6336;8050
10/10/2012;6508;8100
11/10/2012;6611;7971
12/10/2012;6393;7593
15/10/2012;6407;7536
16/10/2012;6621;8029
17/10/2012;6164;7264
18/10/2012;6064;7064
19/10/2012;6121;7114
22/10/2012;6183;7300
23/10/2012;6175;7693
24/10/2012;6093;7071
25/10/2012;6036;7114
26/10/2012;6064;7014
29/10/2012;6029;6825
30/10/2012;6029;6854
31/10/2012;6750;6758
01/11/2012;6350;6468
02/11/2012;6444;6613
05/11/2012;6620;6810
06/11/2012;6311;6550
07/11/2012;6286;6532
08/11/2012;6479;6821
09/11/2012;6646;7104
12/11/2012;6396;7229
13/11/2012;6579;7525
14/11/2012;6550;7532
15/11/2012;6646;7629
16/11/2012;6736;7750
19/11/2012;6907;7943
20/11/2012;6779;7864
21/11/2012;6864;8121
22/11/2012;6970;8270
23/11/2012;6975;8225
26/11/2012;6962;7886
27/11/2012;6867;7583
28/11/2012;6888;7400
29/11/2012;6876;7364
30/11/2012;7367;5850
03/12/2012;7304;5808
04/12/2012;7307;5800
05/12/2012;7021;5596
06/12/2012;7058;5517
07/12/2012;7108;5488
10/12/2012;7108;5504
11/12/2012;7014;5393
12/12/2012;7000;5343
13/12/2012;7007;5356
14/12/2012;7007;5386
17/12/2012;6971;5543
18/12/2012;6913;5417
19/12/2012;6850;5071
20/12/2012;6850;5057
21/12/2012;6848;5144
24/12/2012;5238;5575
27/12/2012;5319;5575
28/12/2012;5344;5575
31/12/2012;5344;5575
02/01/2013;5407;5607
03/01/2013;5479;5764
04/01/2013;5493;5871
07/01/2013;5700;6200
08/01/2013;5814;6529
09/01/2013;5957;6607
10/01/2013;6014;6729
11/01/2013;5864;6571
14/01/2013;5629;6300
15/01/2013;5771;6643
16/01/2013;5686;6479
17/01/2013;5633;6375
18/01/2013;5575;6392
21/01/2013;5595;6550
22/01/2013;5592;6442
23/01/2013;5604;6389
24/01/2013;5625;6354
25/01/2013;5650;6207
28/01/2013;5658;6200
29/01/2013;5618;5821
30/01/2013;5619;5643
31/01/2013;5632;7207
01/02/2013;5633;7238
04/02/2013;5654;7282
05/02/2013;5600;7293
06/02/2013;5614;7275
07/02/2013;5846;7679
08/02/2013;6018;7921
11/02/2013;6036;8011
12/02/2013;5943;7836
13/02/2013;6186;8196
14/02/2013;6400;8393
15/02/2013;6439;8436
18/02/2013;6492;8625
19/02/2013;6379;8204
20/02/2013;6350;8142
21/02/2013;6386;8493
22/02/2013;6414;8657
25/02/2013;6407;8714
26/02/2013;6375;8721
27/02/2013;6414;8919
28/02/2013;9225;9875
01/03/2013;9600;10114
04/03/2013;9833;10304
05/03/2013;9636;10200
06/03/2013;9425;10021
07/03/2013;9182;9879
08/03/2013;9329;9979
11/03/2013;9292;9950
12/03/2013;9407;10179
13/03/2013;9479;10386
14/03/2013;9386;10293
15/03/2013;9442;10471
18/03/2013;9443;10550
19/03/2013;9350;10329
20/03/2013;9275;10086
21/03/2013;9304;10167
22/03/2013;9317;10150
25/03/2013;9279;9850
26/03/2013;9232;9679
27/03/2013;9192;9408
28/03/2013;9339;9171
02/04/2013;9150;8993
03/04/2013;8807;8782
04/04/2013;8736;8750
05/04/2013;8964;9029
08/04/2013;9057;9286
09/04/2013;8993;9207
10/04/2013;9154;9450
11/04/2013;9171;9514
12/04/2013;9213;9617
15/04/2013;9214;9600
16/04/2013;9257;9614
17/04/2013;9354;9804
18/04/2013;9275;9396
19/04/2013;9300;9436
22/04/2013;9225;9164
23/04/2013;9100;8500
24/04/2013;9046;8188
25/04/2013;8930;7930
26/04/2013;8910;7760
29/04/2013;8942;7850
30/04/2013;7696;7286
01/05/2013;7671;7292
02/05/2013;7979;7493
03/05/2013;8117;7567
07/05/2013;7968;7407
08/05/2013;7700;7242
09/05/2013;7739;7250
10/05/2013;7733;7208
13/05/2013;7739;7189
14/05/2013;7517;6783
15/05/2013;7379;6529
16/05/2013;7339;6325
17/05/2013;7332;6264
20/05/2013;7342;6354
21/05/2013;7367;6317
22/05/2013;7370;6260
23/05/2013;7350;6189
24/05/2013;7371;6161
28/05/2013;7336;5979
29/05/2013;7364;6007
30/05/2013;7358;5888
31/05/2013;5964;5821
03/06/2013;5925;5793
04/06/2013;5925;5779
05/06/2013;5871;5671
06/06/2013;5900;5765
07/06/2013;6080;5950
10/06/2013;6192;6092
11/06/2013;6304;6207
12/06/2013;6454;6421
13/06/2013;6439;6357
14/06/2013;6621;6475
17/06/2013;6679;6550
18/06/2013;6718;6571
19/06/2013;6775;6668
20/06/2013;6804;6688
21/06/2013;6807;6618
24/06/2013;6825;6654
25/06/2013;6896;7036
26/06/2013;6950;7436
27/06/2013;6907;7321
28/06/2013;7671;7036
01/07/2013;7692;7067
02/07/2013;7286;6661
03/07/2013;7358;6804
04/07/2013;7379;6821
05/07/2013;7540;6865
08/07/2013;7636;6936
09/07/2013;7693;6993
10/07/2013;7925;7292
11/07/2013;8596;7993
12/07/2013;8879;8261
15/07/2013;8779;8129
16/07/2013;8671;7958
17/07/2013;8739;8121
18/07/2013;8675;7975
19/07/2013;8695;8100
22/07/2013;8679;8125
23/07/2013;8621;7800
24/07/2013;8607;7721
25/07/2013;8604;7583
26/07/2013;8638;7613
29/07/2013;8619;7779
30/07/2013;8600;7739
31/07/2013;7711;7846
01/08/2013;7829;8007
02/08/2013;7971;8357
05/08/2013;7907;8336
06/08/2013;7664;8171
07/08/2013;7496;8043
08/08/2013;7521;8121
09/08/2013;7525;8360
12/08/2013;7607;8600
13/08/2013;7664;8721
14/08/2013;7743;8829
15/08/2013;7779;8863
16/08/2013;7750;8738
19/08/2013;7650;8586
20/08/2013;7629;8614
21/08/2013;7596;8508
22/08/2013;7558;8542
23/08/2013;7593;8800
27/08/2013;7602;8771
28/08/2013;7503;8342
29/08/2013;7531;8518
30/08/2013;8450;10092
02/09/2013;8300;10050
03/09/2013;8457;10314
04/09/2013;8563;10617
05/09/2013;8758;11029
06/09/2013;9690;12640
09/09/2013;10050;13114
10/09/2013;9808;12800
11/09/2013;9729;12464
12/09/2013;9671;12421
13/09/2013;9971;13200
16/09/2013;10036;13693
17/09/2013;10264;14164
18/09/2013;10160;14020
19/09/2013;10270;14540
20/09/2013;10320;15400
23/09/2013;10483;16450
24/09/2013;10525;16871
25/09/2013;10586;16971
26/09/2013;10397;15728
27/09/2013;10457;14600
30/09/2013;15092;14629
01/10/2013;15742;15325
02/10/2013;16592;16267
03/10/2013;16763;16588
04/10/2013;16960;17060
07/10/2013;16970;16865
08/10/2013;16367;16325
09/10/2013;15900;15970
10/10/2013;15421;15358
11/10/2013;15838;15696
14/10/2013;15613;15292
15/10/2013;16279;15963
16/10/2013;16192;15992
17/10/2013;15696;15317
18/10/2013;15571;14833
21/10/2013;15546;14133
22/10/2013;15667;13921
23/10/2013;15583;13183
24/10/2013;15596;13021
25/10/2013;15608;13363
28/10/2013;15440;12760
29/10/2013;15375;12100
30/10/2013;15485;12280
31/10/2013;12658;10496
01/11/2013;12733;10688
04/11/2013;13238;11271
05/11/2013;13267;11221
06/11/2013;12638;10608
07/11/2013;12630;10705
08/11/2013;12579;10896
11/11/2013;12054;10542
12/11/2013;11840;10480
13/11/2013;11621;10004
14/11/2013;11208;9571
15/11/2013;11217;9646
18/11/2013;11233;9713
19/11/2013;11496;10021
20/11/2013;11729;10717
21/11/2013;11621;10600
22/11/2013;11842;11196
25/11/2013;11929;11850
26/11/2013;11925;11863
27/11/2013;11967;12954
28/11/2013;12090;13090
29/11/2013;13225;11213
02/12/2013;13504;11354
03/12/2013;13721;11404
04/12/2013;14146;11625
05/12/2013;14970;12140
06/12/2013;15663;12513
09/12/2013;15575;12954
10/12/2013;15942;13167
11/12/2013;15830;12940
12/12/2013;15558;12579
13/12/2013;15535;12470
16/12/2013;15413;11583
17/12/2013;15483;12083
18/12/2013;15450;12270
19/12/2013;15450;12821
20/12/2013;15430;14260
23/12/2013;15346;14175
24/12/2013;14046;12758
27/12/2013;13920;12685
30/12/2013;13255;12230
31/12/2013;13305;12400
02/01/2014;13175;12346
03/01/2014;12495;11945
06/01/2014;12415;11945
07/01/2014;12560;12060
08/01/2014;12617;12096
09/01/2014;12688;12396
10/01/2014;12785;12605
13/01/2014;12854;12933
14/01/2014;12883;13454
15/01/2014;12833;13533
16/01/2014;12920;13920
17/01/2014;12765;13400
20/01/2014;12650;12610
21/01/2014;12520;12085
22/01/2014;12483;11867
23/01/2014;12313;11688
24/01/2014;12400;11763
27/01/2014;12346;11633
28/01/2014;12304;11500
29/01/2014;12296;11700
30/01/2014;12263;11275
31/01/2014;11254;13892
03/02/2014;11070;13600
04/02/2014;10854;13425
05/02/2014;11096;13883
06/02/2014;11100;13763
07/02/2014;10933;13592
10/02/2014;10988;13829
11/02/2014;10992;13700
12/02/2014;11042;13321
13/02/2014;10820;12890
14/02/2014;10845;13015
17/02/2014;10705;12570
18/02/2014;10717;12775
19/02/2014;10642;12708
20/02/2014;10480;12510
21/02/2014;10340;12430
24/02/2014;10225;11500
25/02/2014;10138;11100
26/02/2014;10142;10996
27/02/2014;10150;10888
28/02/2014;10610;13290
03/03/2014;10550;13213
04/03/2014;10417;13000
05/03/2014;10175;13304
06/03/2014;10492;13650
07/03/2014;10788;14467
10/03/2014;10371;13713
11/03/2014;9800;12935
12/03/2014;9650;12350
13/03/2014;9675;12475
14/03/2014;9625;12265
17/03/2014;9471;11996
18/03/2014;9363;11792
19/03/2014;9217;11808
20/03/2014;9025;11580
21/03/2014;8945;11390
24/03/2014;8850;10800
25/03/2014;8771;10046
26/03/2014;8771;9425
27/03/2014;8738;9421
28/03/2014;8718;9221
31/03/2014;8858;11071
01/04/2014;8038;9904
02/04/2014;7700;9283
03/04/2014;7825;9446
04/04/2014;7750;9533
07/04/2014;7725;9833
08/04/2014;7263;9042
09/04/2014;7213;9033
10/04/2014;6858;8250
11/04/2014;6740;8380
14/04/2014;6785;8805
15/04/2014;6796;9279
16/04/2014;6754;9263
17/04/2014;6750;9183
22/04/2014;6746;9079
23/04/2014;6713;8683
24/04/2014;6683;8633
25/04/2014;6712;8729
28/04/2014;6679;8213
29/04/2014;6683;8171
30/04/2014;8167;9254
01/05/2014;8163;9350
02/05/2014;8025;9358
06/05/2014;7983;9142
07/05/2014;7950;9033
08/05/2014;8138;9396
09/05/2014;8150;9675
12/05/2014;7958;9517
13/05/2014;7900;9467
14/05/2014;8083;10113
15/05/2014;8092;10029
16/05/2014;8025;9925
19/05/2014;7967;9958
20/05/2014;7829;9283
21/05/2014;7767;8933
22/05/2014;7725;8554
23/05/2014;7733;8592
27/05/2014;7642;8288
28/05/2014;7542;7483
29/05/2014;7496;7204
30/05/2014;7267;8292
02/06/2014;7125;8217
03/06/2014;6917;8042
04/06/2014;6517;7508
05/06/2014;6054;7050
06/06/2014;5825;6883
09/06/2014;5842;6871
10/06/2014;5833;6813
11/06/2014;5642;6100
12/06/2014;5342;5825
13/06/2014;5285;5815
16/06/2014;5113;5950
17/06/2014;4879;5796
18/06/2014;4688;5400
19/06/2014;4575;5321
20/06/2014;4583;5404
23/06/2014;4575;5296
24/06/2014;4513;4921
25/06/2014;4538;4800
26/06/2014;4592;4900
27/06/2014;4608;5246
30/06/2014;5742;7617
01/07/2014;5625;7542
02/07/2014;5725;7813
03/07/2014;5950;8042
04/07/2014;6075;8050
07/07/2014;5929;7875
08/07/2014;5296;7038
09/07/2014;5250;6738
10/07/2014;5267;6738
11/07/2014;5233;6721
14/07/2014;5213;6750
15/07/2014;5067;6317
16/07/2014;4788;5846
17/07/2014;4858;5975
18/07/2014;4896;6138
21/07/2014;4838;5967
22/07/2014;4821;5917
23/07/2014;4863;6233
24/07/2014;4825;6125
25/07/2014;4950;6408
28/07/2014;4993;6583
29/07/2014;4969;6567
30/07/2014;4918;6267
31/07/2014;5867;7975
01/08/2014;5675;7800
04/08/2014;5438;7508
05/08/2014;5483;7625
06/08/2014;5475;7583
07/08/2014;5529;7617
08/08/2014;5558;7796
11/08/2014;5629;8067
12/08/2014;5679;8471
13/08/2014;5713;8767
14/08/2014;6063;9533
15/08/2014;6113;9729
18/08/2014;5958;9200
19/08/2014;5825;8654
20/08/2014;5950;9117
21/08/2014;5804;8558
22/08/2014;5804;8650
26/08/2014;5775;8450
27/08/2014;5800;8542
28/08/2014;5783;8450
29/08/2014;8300;11008
01/09/2014;8560;11170
02/09/2014;8617;11233
03/09/2014;8421;10754
04/09/2014;8375;10575
05/09/2014;8383;10658
08/09/2014;8233;10500
09/09/2014;8283;10533
10/09/2014;7600;9796
11/09/2014;7292;9158
12/09/2014;7192;8675
15/09/2014;7058;8383
16/09/2014;6900;7950
17/09/2014;7017;8117
18/09/2014;7017;8183
19/09/2014;7058;8308
22/09/2014;6992;8279
23/09/2014;6896;7875
24/09/2014;6875;7600
25/09/2014;6921;7892
26/09/2014;6896;7942
29/09/2014;6904;7958
30/09/2014;7692;8908
01/10/2014;8208;9358
02/10/2014;8042;9292
03/10/2014;8017;9183
06/10/2014;7892;9000
07/10/2014;7425;8233
08/10/2014;7383;8292
09/10/2014;7342;8350
10/10/2014;7417;8433
13/10/2014;7475;8604
14/10/2014;7375;8533
15/10/2014;7475;8858
16/10/2014;7513;8883
17/10/2014;7596;9300
20/10/2014;7717;9767
21/10/2014;7767;10225
22/10/2014;7750;10208
23/10/2014;7808;9825
24/10/2014;7921;10158
27/10/2014;7988;10642
28/10/2014;8029;10963
29/10/2014;7963;10833
30/10/2014;7906;10567
31/10/2014;11083;10608
03/11/2014;10975;10575
04/11/2014;10067;9725
05/11/2014;9713;9513
06/11/2014;9500;9350
07/11/2014;9433;9304
10/11/2014;9275;9125
11/11/2014;9075;8933
12/11/2014;9033;8833
13/11/2014;8958;8675
14/11/2014;8942;8608
17/11/2014;8942;8692
18/11/2014;9058;8942
19/11/2014;9042;8917
20/11/2014;9025;8892
21/11/2014;9050;8958
24/11/2014;9071;9075
25/11/2014;9046;9142
26/11/2014;8953;8804
27/11/2014;9045;9105
28/11/2014;9125;8140
01/12/2014;8908;7850
02/12/2014;8575;7500
03/12/2014;8458;7354
04/12/2014;8410;7265
05/12/2014;8440;7360
08/12/2014;8483;7358
09/12/2014;8408;7325
10/12/2014;8342;7292
11/12/2014;8142;6867
12/12/2014;8029;6658
15/12/2014;7979;6517
16/12/2014;8067;6658
17/12/2014;8025;6417
18/12/2014;8033;6433
19/12/2014;8067;6392
22/12/2014;8075;6475
23/12/2014;8050;6446
24/12/2014;6413;6713
29/12/2014;6400;6700
30/12/2014;6410;6710
31/12/2014;6410;6710
02/01/2015;6355;6700
05/01/2015;5817;6283
06/01/2015;5750;6121
07/01/2015;5708;6133
08/01/2015;5875;6292
09/01/2015;6080;6480
12/01/2015;6233;6817
13/01/2015;6200;6850
14/01/2015;6167;6742
15/01/2015;6200;6750
16/01/2015;6100;6617
19/01/2015;6120;6500
20/01/2015;6033;6400
21/01/2015;5950;6042
22/01/2015;5917;5967
23/01/2015;5858;5833
26/01/2015;5804;5692
27/01/2015;5775;5525
28/01/2015;5742;5350
29/01/2015;5683;4958
30/01/2015;4817;5842
02/02/2015;4583;5842
03/02/2015;4514;5875
04/02/2015;4425;5829
05/02/2015;4450;5892
06/02/2015;4478;6079
09/02/2015;4363;6050
10/02/2015;4321;6129
11/02/2015;4329;6200
12/02/2015;4258;6000
13/02/2015;4292;6042
16/02/2015;4160;5855
17/02/2015;4025;5592
18/02/2015;4008;5579
19/02/2015;3979;5467
20/02/2015;3992;5488
23/02/2015;3950;5329
24/02/2015;3913;5050
25/02/2015;3914;5133
26/02/2015;3918;5363
27/02/2015;5333;6638
02/03/2015;5192;6404
03/03/2015;5083;6183
04/03/2015;5108;6300
05/03/2015;4963;5946
06/03/2015;4907;5857
09/03/2015;4892;5800
10/03/2015;4821;5588
11/03/2015;4833;5592
12/03/2015;4846;5771
13/03/2015;4833;5763
16/03/2015;4896;6233
17/03/2015;4892;6400
18/03/2015;4879;6283
19/03/2015;4950;6463
20/03/2015;4900;6221
23/03/2015;4858;6004
24/03/2015;4792;5600
25/03/2015;4762;5433
26/03/2015;4774;5479
27/03/2015;4781;5430
30/03/2015;4725;5163
31/03/2015;5208;5921
01/04/2015;5075;5642
02/04/2015;5100;5600
07/04/2015;4921;5425
08/04/2015;5025;5592
09/04/2015;5138;5750
10/04/2015;5096;5671
13/04/2015;5096;5717
14/04/2015;5183;5796
15/04/2015;5167;5775
16/04/2015;5200;5800
17/04/2015;5188;5758
20/04/2015;5175;5746
21/04/2015;5100;5533
22/04/2015;5108;5463
23/04/2015;5092;5375
24/04/2015;5100;5396
27/04/2015;5154;5354
28/04/2015;5154;5267
29/04/2015;5100;4942
30/04/2015;4829;4746
01/05/2015;4858;4750
05/05/2015;4596;4600
06/05/2015;4613;4633
07/05/2015;4638;4650
08/05/2015;4771;4817
11/05/2015;4763;4842
12/05/2015;4883;5063
13/05/2015;4967;5196
14/05/2015;4925;5146
15/05/2015;4804;4967
18/05/2015;4792;4900
19/05/2015;4758;4879
20/05/2015;4717;4738
21/05/2015;4692;4700
22/05/2015;4667;4708
26/05/2015;4643;4650
27/05/2015;4617;4617
28/05/2015;4629;4642
29/05/2015;4650;5067
01/06/2015;4608;5046
02/06/2015;4738;5204
03/06/2015;4904;5338
04/06/2015;5083;5442
05/06/2015;5100;5425
08/06/2015;5133;5388
09/06/2015;5075;5329
10/06/2015;5388;5650
11/06/2015;5421;5683
12/06/2015;5529;5838
15/06/2015;5692;6292
16/06/2015;5863;6667
17/06/2015;5933;6817
18/06/2015;5933;6558
19/06/2015;5933;6396
22/06/2015;5900;6304
23/06/2015;5867;6288
24/06/2015;5913;6321
25/06/2015;5850;6329
26/06/2015;5863;6625
29/06/2015;5817;6521
30/06/2015;6567;6229
01/07/2015;6958;6592
02/07/2015;7300;6850
03/07/2015;7694;7281
06/07/2015;7633;7183
07/07/2015;7375;6863
08/07/2015;7375;6829
09/07/2015;7908;7508
10/07/2015;8158;7883
13/07/2015;8463;8129
14/07/2015;8550;8225
15/07/2015;8767;8692
16/07/2015;8658;8400
17/07/2015;8680;8340
20/07/2015;8742;8442
21/07/2015;8604;8192
22/07/2015;8542;8050
23/07/2015;8483;7825
24/07/2015;8475;7775
27/07/2015;8483;7908
28/07/2015;8450;7783
29/07/2015;8429;7825
30/07/2015;8442;7700
31/07/2015;7817;7875
03/08/2015;7850;8117
04/08/2015;8100;8392
05/08/2015;8179;8500
06/08/2015;8258;8500
07/08/2015;8483;8738
10/08/2015;8717;9225
11/08/2015;8458;8625
12/08/2015;8275;8246
13/08/2015;8271;8221
14/08/2015;8308;8433
17/08/2015;8263;8296
18/08/2015;8179;8113
19/08/2015;8167;8108
20/08/2015;8250;8367
21/08/2015;8263;8392
24/08/2015;8204;7933
25/08/2015;8225;7875
26/08/2015;8213;7467
27/08/2015;8187;7042
28/08/2015;7042;7308
01/09/2015;6892;7225
02/09/2015;6692;6967
03/09/2015;6525;6817
04/09/2015;6529;6858
07/09/2015;6560;7000
08/09/2015;6538;6963
09/09/2015;6438;6758
10/09/2015;6321;6558
11/09/2015;6275;6550
14/09/2015;6263;6825
15/09/2015;6283;6921
16/09/2015;6408;7158
17/09/2015;6433;7321
18/09/2015;6475;7529
21/09/2015;6400;7250
22/09/2015;6288;7042
23/09/2015;6242;6967
24/09/2015;6225;7010
25/09/2015;6225;7054
28/09/2015;6190;6796
29/09/2015;6183;6525
30/09/2015;6367;7325
01/10/2015;6458;7417
02/10/2015;6383;7392
05/10/2015;6429;7458
06/10/2015;6375;7500
07/10/2015;6508;7700
08/10/2015;6700;7933
09/10/2015;6675;7875
12/10/2015;6513;7638
13/10/2015;6225;7058
14/10/2015;5858;6592
15/10/2015;5829;6600
16/10/2015;5871;6754
19/10/2015;5829;6692
20/10/2015;5740;6590
21/10/2015;5655;6275
22/10/2015;5665;6330
23/10/2015;5655;6315
26/10/2015;5655;6245
27/10/2015;5660;6190
28/10/2015;5650;6100
29/10/2015;5670;5910
30/10/2015;5880;6090
02/11/2015;5650;5870
03/11/2015;5370;5685
04/11/2015;4990;5290
05/11/2015;4990;5370
06/11/2015;4870;5160
09/11/2015;4860;5080
10/11/2015;4720;4975
11/11/2015;4460;4760
12/11/2015;4350;4540
13/11/2015;4370;4520
16/11/2015;4345;4490
17/11/2015;4380;4460
18/11/2015;4310;4430
19/11/2015;4290;4255
20/11/2015;4285;4255
23/11/2015;4325;4415
24/11/2015;4275;4345
25/11/2015;4295;4405
26/11/2015;4260;4090
27/11/2015;4225;3985
30/11/2015;3970;4340
01/12/2015;3795;4075
02/12/2015;3735;3945
03/12/2015;3615;3890
04/12/2015;3600;3855
07/12/2015;3560;3875
08/12/2015;3535;3950
09/12/2015;3490;3905
10/12/2015;3380;3630
11/12/2015;3400;3670
14/12/2015;3410;3715
15/12/2015;3410;3805
16/12/2015;3430;4025
17/12/2015;3435;4165
18/12/2015;3440;4185
21/12/2015;3440;4195
22/12/2015;3420;4145
23/12/2015;3432;4180
24/12/2015;4290;4870
29/12/2015;4280;4840
30/12/2015;4250;4810
31/12/2015;4260;4810
04/01/2016;4010;4570
05/01/2016;3950;4430
06/01/2016;3795;4105
07/01/2016;3580;3770
08/01/2016;3390;3630
11/01/2016;3380;3745
12/01/2016;3375;3750
13/01/2016;3250;3535
14/01/2016;3120;3180
15/01/2016;3075;3225
18/01/2016;3150;3440
19/01/2016;3195;3480
20/01/2016;3110;3130
21/01/2016;3075;2965
22/01/2016;3080;3000
25/01/2016;3070;2955
26/01/2016;3050;2805
27/01/2016;3028;2595
28/01/2016;3000;2625
29/01/2016;2660;3290
01/02/2016;2760;3575
02/02/2016;2640;3530
03/02/2016;2740;3665
04/02/2016;2775;3725
05/02/2016;2637;3655
08/02/2016;2595;3585
09/02/2016;2515;3435
10/02/2016;2545;3515
11/02/2016;2645;3715
12/02/2016;2700;3820
15/02/2016;2725;3880
16/02/2016;2710;3790
17/02/2016;2710;3710
18/02/2016;2645;3495
19/02/2016;2620;3420
22/02/2016;2555;3105
23/02/2016;2550;3015
24/02/2016;2575;3095
25/02/2016;2580;3285
26/02/2016;2585;3360
29/02/2016;3395;4125
01/03/2016;3348;4135
02/03/2016;3450;4350
03/03/2016;3615;4630
04/03/2016;3615;4660
07/03/2016;3690;4960
08/03/2016;3830;5295
09/03/2016;3785;5160
10/03/2016;3725;4950
11/03/2016;3645;4645
14/03/2016;3610;4490
15/03/2016;3610;4480
16/03/2016;3470;4270
17/03/2016;3460;4230
18/03/2016;3465;4190
21/03/2016;3470;4135
22/03/2016;3470;4015
23/03/2016;3520;4290
24/03/2016;3525;4360
29/03/2016;3520;4445
30/03/2016;3535;4855
31/03/2016;4860;5110
01/04/2016;5065;5325
04/04/2016;5400;5535
05/04/2016;5370;5470
06/04/2016;5250;5280
07/04/2016;5020;5095
08/04/2016;5070;5155
11/04/2016;5035;5090
12/04/2016;5115;5115
13/04/2016;5285;5375
14/04/2016;5630;5815
15/04/2016;5835;6570
18/04/2016;5615;6175
19/04/2016;5590;5980
20/04/2016;5440;5650
21/04/2016;5505;5945
22/04/2016;5505;6125
25/04/2016;5480;5925
26/04/2016;5455;5505
27/04/2016;5431;5295
28/04/2016;5415;5215
29/04/2016;5100;4995
03/05/2016;4760;4680
04/05/2016;4830;4790
05/05/2016;5010;5010
06/05/2016;4845;4855
09/05/2016;4860;4950
10/05/2016;5060;5265
11/05/2016;5040;5285
12/05/2016;5040;5325
13/05/2016;5005;5375
16/05/2016;5000;5405
17/05/2016;4920;5165
18/05/2016;4900;5140
19/05/2016;4950;5290
20/05/2016;4950;5200
23/05/2016;4895;5070
24/05/2016;4857;4975
25/05/2016;4835;4855
26/05/2016;4823;4940
27/05/2016;4823;4995
31/05/2016;4920;4895
01/06/2016;4675;4705
02/06/2016;4620;4670
03/06/2016;4460;4530
06/06/2016;4460;4595
07/06/2016;4480;4710
08/06/2016;4630;4875
09/06/2016;4655;4945
10/06/2016;4635;4960
13/06/2016;4550;4735
14/06/2016;4525;4735
15/06/2016;4530;4850
16/06/2016;4520;4830
17/06/2016;4500;4750
20/06/2016;4505;4765
21/06/2016;4475;4830
22/06/2016;4492;4920
23/06/2016;4503;5060
24/06/2016;4505;5060
27/06/2016;4510;5250
28/06/2016;4520;5360
29/06/2016;4530;5770
30/06/2016;6060;6130
01/07/2016;6140;6265
04/07/2016;6175;6290
05/07/2016;6175;6320
06/07/2016;6490;6520
07/07/2016;6375;6430
08/07/2016;6475;6490
11/07/2016;6380;6420
12/07/2016;6375;6420
13/07/2016;6505;6645
14/07/2016;6720;6980
15/07/2016;6795;7020
18/07/2016;6635;6770
19/07/2016;6470;6525
20/07/2016;6445;6365
21/07/2016;6395;6035
22/07/2016;6365;5795
25/07/2016;6400;5760
26/07/2016;6413;5663
27/07/2016;6406;5500
28/07/2016;6394;5365
29/07/2016;5265;5445
01/08/2016;5240;5405
02/08/2016;5535;5780
03/08/2016;5520;5875
04/08/2016;5425;5855
05/08/2016;5550;6140
08/08/2016;5580;6270
09/08/2016;5530;6295
10/08/2016;5680;6545
11/08/2016;5680;6550
12/08/2016;5660;6490
15/08/2016;5620;6480
16/08/2016;5475;6235
17/08/2016;5515;6350
18/08/2016;5570;6425
19/08/2016;5570;6370
22/08/2016;5525;6200
23/08/2016;5510;6040
24/08/2016;5490;6010
25/08/2016;5485;6010
26/08/2016;5440;5860
30/08/2016;5445;5655
31/08/2016;5560;6285
01/09/2016;5600;6380
02/09/2016;5650;6475
05/09/2016;5635;6545
06/09/2016;5700;6640
07/09/2016;5755;6890
08/09/2016;5655;6745
09/09/2016;5650;6705
12/09/2016;5560;6595
13/09/2016;5395;6385
14/09/2016;5325;6240
15/09/2016;5420;6515
16/09/2016;5385;6565
19/09/2016;5385;6665
20/09/2016;5320;6535
21/09/2016;5395;6790
22/09/2016;5435;6920
23/09/2016;5415;6845
26/09/2016;5400;6755
27/09/2016;5400;6620
28/09/2016;5390;6185
29/09/2016;5390;6150
30/09/2016;6170;6480
03/10/2016;6115;6475
04/10/2016;6185;6555
05/10/2016;6150;6655
06/10/2016;6240;6800
07/10/2016;6255;6860
10/10/2016;6260;6970
11/10/2016;6205;6905
12/10/2016;6235;6915
13/10/2016;6360;7125
14/10/2016;6400;7115
17/10/2016;6475;7145
18/10/2016;6570;7345
19/10/2016;6590;7265
20/10/2016;6505;7055
21/10/2016;6515;7045
24/10/2016;6525;7040
25/10/2016;6535;7020
26/10/2016;6545;7130
27/10/2016;6535;7100
28/10/2016;6545;7145
31/10/2016;7100;6425
01/11/2016;6875;6320
02/11/2016;6760;6320
03/11/2016;6990;6585
04/11/2016;7060;6695
07/11/2016;7170;6865
08/11/2016;7420;7110
09/11/2016;7530;7200
10/11/2016;7860;7725
11/11/2016;8365;8335
14/11/2016;8470;8270
15/11/2016;8815;8845
16/11/2016;9080;9400
17/11/2016;9150;9390
18/11/2016;9120;9325
21/11/2016;8960;8820
22/11/2016;9030;9080
23/11/2016;9120;9370
24/11/2016;9105;9060
25/11/2016;9110;9105
28/11/2016;9195;9785
29/11/2016;9245;10360
30/11/2016;10710;8325
01/12/2016;10660;8230
02/12/2016;11010;8720
05/12/2016;11620;9570
06/12/2016;11600;8990
07/12/2016;11325;8360
08/12/2016;11110;7840
09/12/2016;11100;7850
12/12/2016;11140;8020
13/12/2016;10990;7725
14/12/2016;10400;6830
15/12/2016;10400;6794
16/12/2016;10330;6655
19/12/2016;10290;6460
20/12/2016;10290;6350
21/12/2016;10270;6335
22/12/2016;10260;6280
23/12/2016;6415;6270
03/01/2017;6795;6690
04/01/2017;6840;6855
05/01/2017;7360;7265
06/01/2017;7550;7410
09/01/2017;7490;7320
10/01/2017;7550;7325
11/01/2017;7525;7190
12/01/2017;7315;6800
13/01/2017;7305;6780
16/01/2017;7370;6880
17/01/2017;7305;6705
18/01/2017;7330;6780
19/01/2017;7335;6835
20/01/2017;7385;7085
23/01/2017;7455;7260
24/01/2017;7560;7415
25/01/2017;7595;7790
26/01/2017;7620;7620
27/01/2017;7600;7570
30/01/2017;7610;7515
31/01/2017;7425;7770
01/02/2017;7625;8085
02/02/2017;7780;8370
03/02/2017;7850;8670
06/02/2017;7830;8690
07/02/2017;7470;8090
08/02/2017;7525;8370
09/02/2017;7555;8410
10/02/2017;7525;8405
13/02/2017;7670;8605
14/02/2017;7405;8200
15/02/2017;7260;7990
16/02/2017;7240;7965
17/02/2017;7340;8180
20/02/2017;7360;8445
21/02/2017;7405;8495
22/02/2017;7455;8635
23/02/2017;7510;8940
24/02/2017;7495;9060
27/02/2017;7460;8870
28/02/2017;9330;10210
01/03/2017;9920;10610
02/03/2017;10025;10670
03/03/2017;10295;10925
06/03/2017;10470;11330
07/03/2017;10410;11270
08/03/2017;9860;10530
09/03/2017;9920;10540
10/03/2017;9790;10280
13/03/2017;9745;10400
14/03/2017;9605;10155
15/03/2017;9425;9860
16/03/2017;9270;9970
17/03/2017;9190;9880
20/03/2017;9160;9840
21/03/2017;9255;10435
22/03/2017;9250;10450
23/03/2017;9380;11480
24/03/2017;9480;11825
27/03/2017;9520;11900
28/03/2017;9510;11610
29/03/2017;9535;11815
30/03/2017;9530;11480
31/03/2017;11770;11310
03/04/2017;11360;11160
04/04/2017;10810;11120
05/04/2017;11410;11775
06/04/2017;12400;12770
07/04/2017;12550;12780
10/04/2017;12480;12850
11/04/2017;12630;13100
12/04/2017;12390;12650
13/04/2017;12500;12740
18/04/2017;12040;11420
19/04/2017;12040;11270
20/04/2017;11820;10330
21/04/2017;11840;10405
24/04/2017;11840;10455
25/04/2017;11800;10360
26/04/2017;11720;9860
27/04/2017;11640;9560
28/04/2017;8920;9115
02/05/2017;8660;8820
03/05/2017;8430;8595
04/05/2017;8310;8450
05/05/2017;8500;8810
08/05/2017;8630;8970
09/05/2017;8675;9190
10/05/2017;8605;9175
11/05/2017;8350;8870
12/05/2017;7980;8120
15/05/2017;7705;7535
16/05/2017;7665;7480
17/05/2017;7485;6955
18/05/2017;7540;7280
19/05/2017;7510;7245
22/05/2017;7590;7505
23/05/2017;7560;7545
24/05/2017;7500;7300
25/05/2017;7500;7330
26/05/2017;7500;7320
30/05/2017;7490;7140
31/05/2017;6835;7460
01/06/2017;6425;6950
02/06/2017;6455;7100
05/06/2017;6420;7115
06/06/2017;6505;7370
07/06/2017;6800;7850
08/06/2017;6980;8280
09/06/2017;7150;8430
12/06/2017;7190;8490
13/06/2017;7380;8785
14/06/2017;7595;8875
15/06/2017;7340;8410
16/06/2017;7380;8575
19/06/2017;7510;8975
20/06/2017;7550;9125
21/06/2017;7660;9775
22/06/2017;7690;9655
23/06/2017;7685;9700
26/06/2017;7625;9310
27/06/2017;7645;9440
28/06/2017;7590;8960
29/06/2017;7530;8470
30/06/2017;8780;8640
03/07/2017;8930;8750
04/07/2017;8950;8620
05/07/2017;8930;8740
06/07/2017;8950;8810
07/07/2017;9050;8950
10/07/2017;9100;9170
11/07/2017;9170;9680
12/07/2017;9240;10060
13/07/2017;9255;10110
14/07/2017;9380;10120
17/07/2017;9440;10170
18/07/2017;9390;9910
19/07/2017;9390;9760
20/07/2017;9370;9645
21/07/2017;9300;9360
24/07/2017;9210;9215
25/07/2017;9175;9060
26/07/2017;9095;8570
27/07/2017;9100;8630
28/07/2017;9105;8615
31/07/2017;9155;9685
01/08/2017;9410;9870
02/08/2017;9545;9905
03/08/2017;9590;9875
04/08/2017;9560;9835
07/08/2017;9390;9735
08/08/2017;9640;10050
09/08/2017;9790;10075
10/08/2017;9970;10470
11/08/2017;10135;10485
14/08/2017;10030;10320
15/08/2017;10150;10690
16/08/2017;10315;11045
17/08/2017;10300;10820
18/08/2017;10240;10795
21/08/2017;10120;10610
22/08/2017;10060;10350
23/08/2017;9910;10020
24/08/2017;9900;10110
25/08/2017;9910;10260
29/08/2017;9900;10100
30/08/2017;9910;10170
31/08/2017;10640;12040
01/09/2017;10910;12380
04/09/2017;11450;12760
05/09/2017;11160;12310
06/09/2017;11300;12590
07/09/2017;11480;12680
08/09/2017;11360;12470
11/09/2017;11430;12510
12/09/2017;11490;12620
13/09/2017;11760;12930
14/09/2017;11740;13080
15/09/2017;11695;12960
18/09/2017;11600;12730
19/09/2017;11520;12560
20/09/2017;11500;12510
21/09/2017;11470;12395
22/09/2017;11430;12185
25/09/2017;11380;11960
26/09/2017;11357;11640
27/09/2017;11315;11430
28/09/2017;11323;11170
29/09/2017;11013;11631
02/10/2017;11050;11670
03/10/2017;11410;12160
04/10/2017;11940;12870
05/10/2017;12215;12760
06/10/2017;12195;12640
09/10/2017;12000;12260
10/10/2017;12230;12460
11/10/2017;12610;12870
12/10/2017;12630;13090
13/10/2017;12860;13410
16/10/2017;12825;13750
17/10/2017;12395;13045
18/10/2017;12380;13090
19/10/2017;12520;13530
20/10/2017;12355;13220
23/10/2017;12370;13280
24/10/2017;12320;12960
25/10/2017;12245;12520
26/10/2017;12215;12620
27/10/2017;12230;12730
30/10/2017;12210;12975
31/10/2017;12905;12510
01/11/2017;12990;12690
02/11/2017;13120;12820
03/11/2017;12960;12580
06/11/2017;12730;12380
07/11/2017;12390;12090
08/11/2017;11720;11390
09/11/2017;11420;11070
10/11/2017;11210;10885
13/11/2017;11305;10990
14/11/2017;11090;10610
15/11/2017;10995;10430
16/11/2017;11125;10535
17/11/2017;11260;10805
20/11/2017;11285;10965
21/11/2017;11120;10615
22/11/2017;11100;10645
23/11/2017;11135;10990
24/11/2017;11150;11145
27/11/2017;11150;11225
28/11/2017;11130;11785
29/11/2017;11135;12155
30/11/2017;12645;11450
01/12/2017;13280;12075
04/12/2017;12755;11530
05/12/2017;12200;10810
06/12/2017;12590;11190
07/12/2017;12720;11215
08/12/2017;13085;11675
11/12/2017;13270;12220
12/12/2017;13285;12125
13/12/2017;13165;11805
14/12/2017;12875;11210
15/12/2017;12855;11245
18/12/2017;12875;11380
19/12/2017;12870;11460
20/12/2017;12830;11140
21/12/2017;12830;11245
22/12/2017;11055;10250
27/12/2017;11240;10340
28/12/2017;11210;10410
29/12/2017;11110;10430
02/01/2018;11045;10445
03/01/2018;11455;11160
04/01/2018;11965;12030
05/01/2018;11810;11690
08/01/2018;11680;11530
09/01/2018;11170;10855
10/01/2018;10960;10910
11/01/2018;10725;10765
12/01/2018;10710;10880
15/01/2018;10790;11260
16/01/2018;10690;10965
17/01/2018;10680;10960
18/01/2018;10750;11090
19/01/2018;10920;11775
22/01/2018;10985;11880
23/01/2018;11020;12110
24/01/2018;11025;12040
25/01/2018;11075;11638
26/01/2018;11070;11580
29/01/2018;11110;11570
30/01/2018;11085;11230
31/01/2018;11060;12330
01/02/2018;11070;12350
02/02/2018;11300;12840
05/02/2018;11060;12580
06/02/2018;10730;12330
07/02/2018;10555;12210
08/02/2018;10430;11990
09/02/2018;10595;12435
12/02/2018;10385;12120
13/02/2018;10440;12300
14/02/2018;10515;12720
15/02/2018;10585;12835
16/02/2018;10615;13010
19/02/2018;10610;12960
20/02/2018;10610;12860
21/02/2018;10680;13215
22/02/2018;10710;13310
23/02/2018;10740;13130
26/02/2018;10750;13040
27/02/2018;10750;12700
28/02/2018;12690;13820
01/03/2018;12660;13930
02/03/2018;12630;13810
05/03/2018;12485;13490
06/03/2018;12910;14015
07/03/2018;13100;14060
08/03/2018;13180;14170
09/03/2018;13250;14210
12/03/2018;12920;13865
13/03/2018;12775;13660
14/03/2018;12760;13675
15/03/2018;12830;13810
16/03/2018;12810;13970
19/03/2018;12915;14180
20/03/2018;12875;13940
21/03/2018;12800;13755
22/03/2018;12780;13640
23/03/2018;12740;13485
26/03/2018;12655;13280
27/03/2018;12640;12800
28/03/2018;12630;12665
29/03/2018;12520;12825
03/04/2018;11670;12140
04/04/2018;10700;11430
05/04/2018;10980;11950
06/04/2018;11130;12190
09/04/2018;11490;12635
10/04/2018;11485;12755
11/04/2018;11325;12400
12/04/2018;11375;12715
13/04/2018;11260;12555
16/04/2018;10930;12080
17/04/2018;10820;11640
18/04/2018;10680;11490
19/04/2018;10625;11460
20/04/2018;10705;11580
23/04/2018;10625;11300
24/04/2018;10590;11325
25/04/2018;10540;10900
26/04/2018;10520;10815
27/04/2018;10535;10865
30/04/2018;10870;11600
01/05/2018;10820;11460
02/05/2018;10840;11655
03/05/2018;10735;11750
04/05/2018;10565;11585
08/05/2018;10420;11470
09/05/2018;10495;11655
10/05/2018;10535;11665
11/05/2018;10570;11720
14/05/2018;10320;11455
15/05/2018;10295;11390
16/05/2018;10285;11445
17/05/2018;10250;11420
18/05/2018;10290;11560
21/05/2018;10270;11530
22/05/2018;10225;11325
23/05/2018;10085;10615
24/05/2018;9965;10315
25/05/2018;9985;10255
29/05/2018;9895;10000
30/05/2018;9910;9900
31/05/2018;10570;11940
01/06/2018;10825;12345
04/06/2018;10795;12270
05/06/2018;11030;12375
06/06/2018;11245;12450
07/06/2018;11345;12395
08/06/2018;11420;12450
11/06/2018;11600;12560
12/06/2018;11480;12370
13/06/2018;11600;12565
14/06/2018;11530;12475
15/06/2018;11370;12300
18/06/2018;11270;11970
19/06/2018;11180;11690
20/06/2018;11150;11430
21/06/2018;11120;11345
22/06/2018;11120;11385
25/06/2018;11110;11405
26/06/2018;11085;11255
27/06/2018;11090;11710
28/06/2018;11090;11640
29/06/2018;11610;12275
02/07/2018;11255;11795
03/07/2018;11400;11810
04/07/2018;11520;12020
05/07/2018;11490;12065
06/07/2018;11265;11740
09/07/2018;11500;12080
10/07/2018;11950;12620
11/07/2018;11875;12405
12/07/2018;11720;12220
13/07/2018;11740;12240
16/07/2018;11725;12070
17/07/2018;11640;11930
18/07/2018;11595;11940
19/07/2018;11765;12070
20/07/2018;11810;12360
23/07/2018;11880;12595
24/07/2018;11860;12425
25/07/2018;11870;12380
26/07/2018;11850;12150
27/07/2018;11850;12245
30/07/2018;11920;12320
31/07/2018;12380;12580
01/08/2018;11870;12150
02/08/2018;11760;12055
03/08/2018;11615;11975
06/08/2018;11610;12110
07/08/2018;11430;11850
08/08/2018;11480;11960
09/08/2018;11510;12025
10/08/2018;11510;12140
13/08/2018;11510;12145
14/08/2018;11525;12345
15/08/2018;11635;12495
16/08/2018;11650;12385
17/08/2018;11735;12430
20/08/2018;11790;12530
21/08/2018;11810;12710
22/08/2018;11815;12655
23/08/2018;11865;12700
24/08/2018;11860;12560
28/08/2018;11865;12350
29/08/2018;11865;12220
30/08/2018;11875;12040
31/08/2018;11825;12355
03/09/2018;11863;12375
04/09/2018;11967;12433
05/09/2018;12008;12458
06/09/2018;12338;12796
07/09/2018;12429;12792
10/09/2018;12379;12683
11/09/2018;12242;12388
12/09/2018;12217;12304
13/09/2018;12317;12458
14/09/2018;12308;12458
17/09/2018;12175;12346
18/09/2018;12371;12571
19/09/2018;12342;12429
20/09/2018;12425;12583
21/09/2018;12433;12700
24/09/2018;12440;12735
25/09/2018;12448;12858
26/09/2018;12504;13083
27/09/2018;12504;13054
28/09/2018;12804;12604
01/10/2018;12713;12475
02/10/2018;12979;12650
03/10/2018;13121;12883
04/10/2018;13442;13104
05/10/2018;13550;13092
08/10/2018;13558;13071
09/10/2018;13400;12850
10/10/2018;13679;13158
11/10/2018;14079;13504
12/10/2018;14083;13583
15/10/2018;14058;13558
16/10/2018;13946;13321
17/10/2018;14075;13625
18/10/2018;13950;13271
19/10/2018;13941;13145
22/10/2018;13888;13004
23/10/2018;13804;12767
24/10/2018;13771;12613
25/10/2018;13654;12392
26/10/2018;13654;12363
29/10/2018;13638;12208
30/10/2018;13658;12367
31/10/2018;12600;12508
01/11/2018;12579;12500
02/11/2018;12617;12658
05/11/2018;12400;12404
06/11/2018;11958;11942
07/11/2018;11800;11771
08/11/2018;11671;11538
09/11/2018;11767;11604
12/11/2018;11942;11667
13/11/2018;11846;11358
14/11/2018;11454;10146
15/11/2018;11558;10383
16/11/2018;11571;10442
19/11/2018;11500;10317
20/11/2018;11417;10108
21/11/2018;11467;10388
22/11/2018;11525;10617
23/11/2018;11600;10938
26/11/2018;11646;11354
27/11/2018;11629;11575
28/11/2018;11646;11313
29/11/2018;11653;11263
30/11/2018;11525;10571
03/12/2018;12121;11550
04/12/2018;12033;11558
05/12/2018;11875;11600
06/12/2018;11742;11383
07/12/2018;11875;11350
10/12/2018;11729;11323
11/12/2018;11532;11245
12/12/2018;11795;11858
13/12/2018;11833;11983
14/12/2018;11783;11850
17/12/2018;11808;11833
18/12/2018;11808;11608
19/12/2018;11788;11504
20/12/2018;11746;11158
21/12/2018;11754;11063
24/12/2018;11069;11320
27/12/2018;11161;11420
28/12/2018;11258;11496
31/12/2018;11346;11592
02/01/2019;11075;11333
03/01/2019;10642;10925
04/01/2019;10392;10625
07/01/2019;10296;10663
08/01/2019;10100;10625
09/01/2019;9883;10379
10/01/2019;9575;10033
11/01/2019;9621;10233
14/01/2019;9542;10100
15/01/2019;9571;10125
16/01/2019;9263;9563
17/01/2019;9167;9304
18/01/2019;9000;8971
21/01/2019;8825;8667
22/01/2019;8708;8383
23/01/2019;8613;8017
24/01/2019;8433;7300
25/01/2019;8367;7108
28/01/2019;8208;6775
29/01/2019;8117;6354
30/01/2019;8168;6463
31/01/2019;6175;8113
01/02/2019;6375;8575
04/02/2019;6071;8379
05/02/2019;5950;8029
06/02/2019;5683;7608
07/02/2019;5533;7458
08/02/2019;5813;7833
11/02/2019;5758;7996
12/02/2019;5850;8346
13/02/2019;5283;7800
14/02/2019;5100;7350
15/02/2019;5133;7117
18/02/2019;5071;6904
19/02/2019;5146;7204
20/02/2019;5104;7104
21/02/2019;5071;7092
22/02/2019;5088;7154
25/02/2019;5094;7421
26/02/2019;5138;7725
27/02/2019;5138;8188
28/02/2019;8279;9738
01/03/2019;8213;9475
04/03/2019;8325;9675
05/03/2019;7975;9183
06/03/2019;7679;8600
07/03/2019;7275;8296
08/03/2019;7083;8113
11/03/2019;6988;7896
12/03/2019;7021;7892
13/03/2019;7033;8088
14/03/2019;7550;8858
15/03/2019;7763;9058
18/03/2019;7521;8646
19/03/2019;7521;8758
20/03/2019;7592;9229
21/03/2019;7600;9096
22/03/2019;7592;8954
25/03/2019;7563;8842
26/03/2019;7525;8613
27/03/2019;7546;8625
28/03/2019;7571;9088
29/03/2019;8767;9058
01/04/2019;8846;9092
02/04/2019;9113;9283
03/04/2019;8896;9063
04/04/2019;8608;8738
05/04/2019;8604;8750
08/04/2019;8717;8783
09/04/2019;8575;8763
10/04/2019;8546;8617
11/04/2019;8565;8595
12/04/2019;8942;9188
15/04/2019;8963;9363
16/04/2019;9042;9500
17/04/2019;9042;9446
18/04/2019;9088;9338
23/04/2019;9088;9404
24/04/2019;9058;9550
25/04/2019;9075;9625
26/04/2019;9046;9496
29/04/2019;9046;9550
30/04/2019;9538;9629
01/05/2019;9492;9604
02/05/2019;9533;9638
03/05/2019;9596;9683
07/05/2019;9438;9517
08/05/2019;9625;9650
09/05/2019;9546;9533
10/05/2019;9804;9817
13/05/2019;9879;10000
14/05/2019;10017;10342
15/05/2019;9925;10150
16/05/2019;9875;9967
17/05/2019;9838;9863
20/05/2019;9850;9988
21/05/2019;9904;10288
22/05/2019;9975;10558
23/05/2019;9992;10917
24/05/2019;10008;11167
28/05/2019;10042;11388
29/05/2019;10000;10888
30/05/2019;10013;10563
31/05/2019;10533;10579
03/06/2019;10463;10583
04/06/2019;10229;10338
05/06/2019;10063;10054
06/06/2019;10038;10163
07/06/2019;9979;10158
10/06/2019;9858;10050
11/06/2019;9704;10117
12/06/2019;9583;9925
13/06/2019;9504;9938
14/06/2019;9613;10113
17/06/2019;9529;9904
18/06/2019;9471;9871
19/06/2019;9433;9733
20/06/2019;9379;9617
21/06/2019;9375;9796
24/06/2019;9413;10308
25/06/2019;9446;10492
26/06/2019;9463;10604
27/06/2019;9463;10704
28/06/2019;10867;11063
01/07/2019;11213;11354
02/07/2019;11758;11758
03/07/2019;12454;12400
04/07/2019;13442;12779
05/07/2019;13408;12592
08/07/2019;13104;12179
09/07/2019;13917;13067
10/07/2019;13902;13108
11/07/2019;14338;13492
12/07/2019;14792;13913
15/07/2019;15033;14163
16/07/2019;14738;13713
17/07/2019;14979;14142
18/07/2019;15175;14465
19/07/2019;15417;14844
22/07/2019;15625;15621
23/07/2019;15296;14517
24/07/2019;15208;14108
25/07/2019;15267;14633
26/07/2019;15246;14138
29/07/2019;15196;13738
30/07/2019;15204;13192
31/07/2019;12963;12708
01/08/2019;13021;12679
02/08/2019;13000;12629
05/08/2019;13129;12450
06/08/2019;14379;13767
07/08/2019;14546;13513
08/08/2019;15113;13940
09/08/2019;15625;14767
12/08/2019;15696;15038
13/08/2019;16050;15575
14/08/2019;16171;15717
15/08/2019;16213;15796
16/08/2019;16225;15467
19/08/2019;16058;14771
20/08/2019;16104;15138
21/08/2019;16196;15663
22/08/2019;16292;16138
23/08/2019;16296;16433
27/08/2019;16329;16950
28/08/2019;16308;16675
29/08/2019;16311;16788
30/08/2019;17163;16079
02/09/2019;17067;16004
03/09/2019;16917;15483
04/09/2019;16871;15071
05/09/2019;16246;14304
06/09/2019;16567;14571
09/09/2019;16500;14629
10/09/2019;16383;14396
11/09/2019;16921;14929
12/09/2019;17463;15871
13/09/2019;17338;15733
16/09/2019;17254;15633
17/09/2019;16921;14871
18/09/2019;16758;14021
19/09/2019;16721;13763
20/09/2019;16754;13763
23/09/2019;16763;13929
24/09/2019;16750;13779
25/09/2019;16763;12988
26/09/2019;16696;12558
27/09/2019;16654;12392
30/09/2019;13079;12983
01/10/2019;13311;13146
02/10/2019;13629;13386
03/10/2019;13589;13332
04/10/2019;14086;13768
07/10/2019;14689;14486
08/10/2019;15325;15100
09/10/2019;15193;15089
10/10/2019;15096;14804
11/10/2019;15136;14771
14/10/2019;15100;14889
15/10/2019;14639;14152
16/10/2019;14304;13721
17/10/2019;14393;13811
18/10/2019;14461;13704
21/10/2019;14393;13332
22/10/2019;14386;13389
23/10/2019;14389;13239
24/10/2019;14404;13336
25/10/2019;14382;12796
28/10/2019;14343;12414
29/10/2019;14271;12393
30/10/2019;14257;11646
31/10/2019;11254;11246
01/11/2019;11414;11379
04/11/2019;11179;11132
05/11/2019;10929;10864
06/11/2019;10418;10168
07/11/2019;10139;9982
08/11/2019;10168;9971
11/11/2019;10182;9975
12/11/2019;9993;9818
13/11/2019;9841;9406
14/11/2019;9755;9063
15/11/2019;9884;9413
18/11/2019;9894;9597
19/11/2019;9900;9688
20/11/2019;9913;9691
21/11/2019;9894;9444
22/11/2019;9900;9650
25/11/2019;9891;9718
26/11/2019;9875;9981
27/11/2019;9884;10194
28/11/2019;9905;10363
29/11/2019;11094;10506
02/12/2019;11422;10441
03/12/2019;10688;9603
04/12/2019;10563;9466
05/12/2019;10678;9669
06/12/2019;11106;10038
09/12/2019;11081;10013
10/12/2019;11394;10400
11/12/2019;11363;10259
12/12/2019;11316;10153
13/12/2019;11297;10219
16/12/2019;11206;9900
17/12/2019;11019;9009
18/12/2019;10828;8675
19/12/2019;10669;8569
20/12/2019;10669;8659
23/12/2019;10675;8850
24/12/2019;8769;8788
27/12/2019;8669;8747
30/12/2019;8231;8622
31/12/2019;8231;8622
02/01/2020;7594;7675
03/01/2020;7119;7516
06/01/2020;6922;7356
07/01/2020;6722;7294
08/01/2020;6909;7575
09/01/2020;6859;7628
10/01/2020;6663;7638
13/01/2020;6375;7350
14/01/2020;6769;8150
15/01/2020;6972;8381
16/01/2020;6691;7838
17/01/2020;6544;7619
20/01/2020;6378;7378
21/01/2020;6278;7091
22/01/2020;6034;6525
23/01/2020;5856;6606
24/01/2020;5800;6572
27/01/2020;5738;5888
28/01/2020;5728;5834
29/01/2020;5672;5288
30/01/2020;5638;4922
31/01/2020;5000;7041
03/02/2020;4363;6669
04/02/2020;4447;6831
05/02/2020;4619;7322
06/02/2020;4447;6975
07/02/2020;4397;7006
10/02/2020;4069;6697
11/02/2020;4388;7288
12/02/2020;4503;7553
13/02/2020;4591;7503
14/02/2020;4619;7509
17/02/2020;4331;7050
18/02/2020;4453;7450
19/02/2020;4541;7756
20/02/2020;4556;7684
21/02/2020;4584;7859
24/02/2020;4581;7659
25/02/2020;4581;7669
26/02/2020;4588;7950
27/02/2020;4634;7997
28/02/2020;7825;9463
02/03/2020;7522;9016
03/03/2020;8038;9563
04/03/2020;8400;10050
05/03/2020;8866;10247
06/03/2020;8956;10097
09/03/2020;8100;9122
10/03/2020;8478;9559
11/03/2020;8075;9084
12/03/2020;7579;8197
13/03/2020;7369;7981
16/03/2020;7109;7094
17/03/2020;7072;6759
18/03/2020;6903;5944
19/03/2020;6838;6028
20/03/2020;6856;6084
23/03/2020;6791;5838
24/03/2020;6775;5547
25/03/2020;6747;5353
26/03/2020;6747;5681
27/03/2020;6765;5828
30/03/2020;6756;5675
31/03/2020;6553;7583
01/04/2020;6284;7250
02/04/2020;6297;7194
03/04/2020;6034;6941
06/04/2020;5763;6738
07/04/2020;6016;6997
08/04/2020;6356;7347
09/04/2020;6550;7938
14/04/2020;6316;7469
15/04/2020;6125;7300
16/04/2020;6034;7013
17/04/2020;6059;7044
20/04/2020;5950;6734
21/04/2020;5822;6031
22/04/2020;5809;5869
23/04/2020;5828;6016
24/04/2020;5797;5988
27/04/2020;5753;5931
28/04/2020;5725;5400
29/04/2020;5703;5272
30/04/2020;5284;6309
01/05/2020;5284;6275
04/05/2020;5241;6147
05/05/2020;5000;5800
06/05/2020;4831;5422
07/05/2020;4903;5531
11/05/2020;4800;5553
12/05/2020;4709;5400
13/05/2020;4516;5178
14/05/2020;4397;5153
15/05/2020;4356;5231
18/05/2020;4394;5553
19/05/2020;4356;5441
20/05/2020;4434;5988
21/05/2020;4466;6059
22/05/2020;4469;6138
26/05/2020;4509;6463
27/05/2020;4497;6303
28/05/2020;4497;6472
29/05/2020;6603;8119
01/06/2020;6525;8038
02/06/2020;6688;8241
03/06/2020;6463;8091
04/06/2020;6294;7866
05/06/2020;6297;7994
08/06/2020;6197;7794
09/06/2020;6069;7666
10/06/2020;6431;8359
11/06/2020;6697;8763
12/06/2020;6863;8994
15/06/2020;6991;9363
16/06/2020;7384;10750
17/06/2020;7491;11594
18/06/2020;7578;11284
19/06/2020;7547;11000
22/06/2020;7594;11338
23/06/2020;7631;11688
24/06/2020;7628;11063
25/06/2020;7638;10894
26/06/2020;7638;10950
29/06/2020;7634;11275
30/06/2020;10856;10766
01/07/2020;10622;10594
02/07/2020;11325;11397
03/07/2020;12594;12578
06/07/2020;13659;13725
07/07/2020;13288;13328
08/07/2020;13503;13503
09/07/2020;13331;13413
10/07/2020;13206;13209
13/07/2020;12941;12953
14/07/2020;12400;12356
15/07/2020;11884;11672
16/07/2020;11631;11397
17/07/2020;11538;11341
20/07/2020;11384;10697
21/07/2020;11281;10350
22/07/2020;11125;9625
23/07/2020;11006;9506
24/07/2020;11009;9606
27/07/2020;11047;9856
28/07/2020;11084;10556
29/07/2020;11094;11338
30/07/2020;11088;11328
31/07/2020;11644;12219
03/08/2020;11978;12638
04/08/2020;12397;13116
05/08/2020;12969;13672
06/08/2020;13041;13413
07/08/2020;13088;13244
10/08/2020;13591;13788
11/08/2020;14088;14281
12/08/2020;13988;14013
13/08/2020;13784;13591
14/08/2020;13553;13338
17/08/2020;13453;13213
18/08/2020;13388;13103
19/08/2020;13163;12759
20/08/2020;13050;12681
21/08/2020;13159;13394
24/08/2020;13250;13981
25/08/2020;13288;14091
26/08/2020;13288;14200
27/08/2020;13278;14041
28/08/2020;13797;13872
01/09/2020;12766;12956
02/09/2020;12172;12725
03/09/2020;11859;12409
04/09/2020;12094;12700
07/09/2020;12272;12909
08/09/2020;11878;12281
09/09/2020;11291;11703
10/09/2020;11403;12238
11/09/2020;11334;12178
14/09/2020;11391;12697
15/09/2020;11319;12441
16/09/2020;11259;12128
17/09/2020;11231;12359
18/09/2020;11244;12747
21/09/2020;11213;12300
22/09/2020;11156;12194
23/09/2020;11203;12566
24/09/2020;11178;12588
25/09/2020;11184;12606
28/09/2020;11163;12153
29/09/2020;11153;11931
30/09/2020;11703;12159
01/10/2020;11900;12303
02/10/2020;12672;12809
05/10/2020;12425;12609
06/10/2020;12316;12681
07/10/2020;11816;12184
08/10/2020;11950;12344
09/10/2020;11697;12163
12/10/2020;11691;12088
13/10/2020;11416;11719
14/10/2020;10944;10891
15/10/2020;10681;10575
16/10/2020;10700;10453
19/10/2020;10728;10553
20/10/2020;10725;10663
21/10/2020;10750;10966
22/10/2020;10750;11181
23/10/2020;10756;11353
26/10/2020;10775;10969
27/10/2020;10766;10681
28/10/2020;10750;10175
29/10/2020;10734;9956
30/10/2020;9925;9466
02/11/2020;9434;9231
03/11/2020;9369;9266
04/11/2020;9484;9313
05/11/2020;9513;9456
06/11/2020;9350;9469
09/11/2020;9541;9672
10/11/2020;9469;9578
11/11/2020;9319;9350
12/11/2020;9622;9641
13/11/2020;9744;9794
16/11/2020;9688;9725
17/11/2020;9994;10425
18/11/2020;10009;10456
19/11/2020;10056;10666
20/11/2020;10106;10628
23/11/2020;10141;10841
24/11/2020;10144;10672
25/11/2020;10156;10819
26/11/2020;10166;10719
27/11/2020;10154;10725
30/11/2020;10675;7922
01/12/2020;10409;7656
02/12/2020;10266;7597
03/12/2020;10444;8066
04/12/2020;10541;8400
07/12/2020;10697;8703
08/12/2020;11216;9119
09/12/2020;11309;9256
10/12/2020;11425;9334
11/12/2020;11550;9408
14/12/2020;11678;9863
15/12/2020;11434;9150
16/12/2020;11347;8963
17/12/2020;11275;9250
18/12/2020;11266;8981
21/12/2020;11256;8791
22/12/2020;11259;9038
23/12/2020;11256;9004
24/12/2020;8973;8106
29/12/2020;9144;8247
30/12/2020;9684;8866
31/12/2020;9719;8838
04/01/2021;10644;9581
05/01/2021;11391;9853
06/01/2021;11231;9494
07/01/2021;12344;10428
08/01/2021;12919;10909
11/01/2021;13922;12075
12/01/2021;12681;11019
13/01/2021;12006;10544
14/01/2021;12438;11313
15/01/2021;12913;11966
18/01/2021;12566;11500
19/01/2021;12656;11625
20/01/2021;12831;11863
21/01/2021;12963;12369
22/01/2021;12966;12166
25/01/2021;12944;12044
26/01/2021;12922;11372
27/01/2021;12947;12172
28/01/2021;12950;11903
29/01/2021;12359;12328
01/02/2021;12444;12400
02/02/2021;11928;11853
03/02/2021;12544;12419
04/02/2021;12719;12563
05/02/2021;13444;13288
08/02/2021;13391;13188
09/02/2021;14219;14113
10/02/2021;14588;14516
11/02/2021;15475;15475
12/02/2021;15916;16263
15/02/2021;15994;17131
16/02/2021;17266;21250
17/02/2021;18013;22313
18/02/2021;17100;17681
19/02/2021;16906;19716
22/02/2021;16850;18806
23/02/2021;16838;19222
24/02/2021;16763;17678
25/02/2021;16750;17031
26/02/2021;16947;16766
01/03/2021;16803;16722
02/03/2021;19759;19219
03/03/2021;19550;19847
04/03/2021;19647;20244
05/03/2021;19800;21044
08/03/2021;19794;21328
09/03/2021;19081;20213
10/03/2021;18450;18728
11/03/2021;18775;20000
12/03/2021;19038;20931
15/03/2021;19328;21641
16/03/2021;19994;22644
17/03/2021;21119;25078
18/03/2021;21769;27206
19/03/2021;22294;27163
22/03/2021;22281;26484
23/03/2021;21628;23078
24/03/2021;21447;22819
25/03/2021;21522;25928
26/03/2021;21456;25231
29/03/2021;21341;23103
30/03/2021;21319;21050
31/03/2021;20641;19744
01/04/2021;21091;20753
06/04/2021;19963;19875
07/04/2021;18475;18706
08/04/2021;17100;17100
09/04/2021;17029;17264
12/04/2021;17475;18229
13/04/2021;17457;18232
14/04/2021;18893;20921
15/04/2021;19557;22814
16/04/2021;19596;22539
19/04/2021;19864;23021
20/04/2021;20664;24457
21/04/2021;20957;24789
22/04/2021;20539;22157
23/04/2021;20514;22879
26/04/2021;20343;21446
27/04/2021;20493;23721
28/04/2021;20486;23814
29/04/2021;20536;24939
30/04/2021;24689;24704
04/05/2021;25911;26079
05/05/2021;25779;25864
06/05/2021;24429;24514
07/05/2021;26107;26300
10/05/2021;26457;27364
11/05/2021;25993;26407
12/05/2021;25286;25261
13/05/2021;24950;24786
14/05/2021;24814;24161
17/05/2021;24496;22779
18/05/2021;24664;24371
19/05/2021;25114;25693
20/05/2021;25114;25950
21/05/2021;25104;26129
24/05/2021;24950;24818
25/05/2021;24764;24186
26/05/2021;24696;23961
27/05/2021;24650;24368
28/05/2021;24346;25196
01/06/2021;24818;26050
02/06/2021;24929;25843
03/06/2021;25000;26146
04/06/2021;25907;27111
07/06/2021;25239;26311
08/06/2021;25829;27200
09/06/2021;27575;29550
10/06/2021;28400;31621
11/06/2021;28932;32750
14/06/2021;28421;31704
15/06/2021;29032;33796
16/06/2021;29507;35068
17/06/2021;28861;33079
18/06/2021;28782;32107
21/06/2021;28482;31632
22/06/2021;28232;31814
23/06/2021;28279;33446
24/06/2021;28343;34468
25/06/2021;28461;37036
28/06/2021;28482;35950
29/06/2021;28507;36089
30/06/2021;37639;37314
01/07/2021;36525;35336
02/07/2021;35357;34514
05/07/2021;32668;31454
06/07/2021;34036;33271
07/07/2021;35250;34982
08/07/2021;34675;33571
09/07/2021;35386;34304
12/07/2021;33907;31764
13/07/2021;33550;30779
14/07/2021;32261;28843
15/07/2021;33036;29904
16/07/2021;32929;30600
19/07/2021;33129;31807
20/07/2021;33150;31789
21/07/2021;33254;32725
22/07/2021;33204;32804
23/07/2021;33125;32514
26/07/2021;32918;30482
27/07/2021;32918;28996
28/07/2021;32914;28800
29/07/2021;32918;30607
30/07/2021;30050;31043
02/08/2021;31143;32411
03/08/2021;31507;33057
04/08/2021;31986;33882
05/08/2021;30904;32871
06/08/2021;30914;32446
09/08/2021;30139;31593
10/08/2021;31054;33039
11/08/2021;31900;34004
12/08/2021;31707;33729
13/08/2021;31500;33700
16/08/2021;31161;34250
17/08/2021;31279;35586
18/08/2021;31379;35793
19/08/2021;31257;35296
20/08/2021;31261;36100
23/08/2021;31332;36329
24/08/2021;31423;37114
25/08/2021;31304;35264
26/08/2021;31339;36457
27/08/2021;31332;34904
31/08/2021;33054;34214
01/09/2021;32568;33850
02/09/2021;31954;33736
03/09/2021;31686;33107
06/09/2021;30321;31446
07/09/2021;30889;32632
08/09/2021;31621;33861
09/09/2021;32471;35036
10/09/2021;32686;35457
13/09/2021;32725;35500
14/09/2021;32439;34032
15/09/2021;32686;35357
16/09/2021;33064;36225
17/09/2021;33225;36404
20/09/2021;32754;33800
21/09/2021;32979;36111
22/09/2021;32714;35246
23/09/2021;32793;35757
24/09/2021;32846;36311
27/09/2021;32918;36107
28/09/2021;32936;37989
29/09/2021;32918;36139
30/09/2021;36196;36500
01/10/2021;36621;37200
04/10/2021;36243;36996
05/10/2021;37168;39796
06/10/2021;36464;38411
07/10/2021;35518;37429
08/10/2021;35611;37964
11/10/2021;35825;39286
12/10/2021;35793;38500
13/10/2021;35711;38196
14/10/2021;35711;38518
15/10/2021;35421;37550
18/10/2021;35518;39107
19/10/2021;35629;39914
20/10/2021;35568;38911
21/10/2021;35354;38657
22/10/2021;35114;36961
25/10/2021;35279;35421
26/10/2021;35182;33068
27/10/2021;35093;33693
28/10/2021;35046;33754
29/10/2021;34379;32986
01/11/2021;30250;28964
02/11/2021;27307;24807
03/11/2021;24557;22321
04/11/2021;25854;24129
05/11/2021;25300;24221
08/11/2021;27264;25961
09/11/2021;26479;24886
10/11/2021;25179;22550
11/11/2021;24593;21304
12/11/2021;24750;21518
15/11/2021;24357;20664
16/11/2021;23843;18589
17/11/2021;23314;18604
18/11/2021;23293;19500
19/11/2021;23575;21607
22/11/2021;23725;21821
23/11/2021;23650;20336
24/11/2021;23886;23232
25/11/2021;24064;23286
26/11/2021;24086;22675
29/11/2021;24132;23650
30/11/2021;23750;22057
01/12/2021;26068;23689
02/12/2021;26579;24425
03/12/2021;28054;25732
06/12/2021;27289;25143
07/12/2021;26661;23986
08/12/2021;25546;22339
09/12/2021;25504;21943
10/12/2021;25321;22296
13/12/2021;25279;22361
14/12/2021;24568;20500
15/12/2021;24400;20386
16/12/2021;24168;20136
17/12/2021;23825;19593
20/12/2021;23839;20643
21/12/2021;23864;21946
22/12/2021;23946;22811
23/12/2021;24013;23321
24/12/2021;23675;23650
29/12/2021;25114;25207
30/12/2021;26011;26139
31/12/2021;25950;26143
04/01/2022;24336;24469
05/01/2022;24343;24243
06/01/2022;23189;23243
07/01/2022;23039;23500
10/01/2022;21901;21418
11/01/2022;21889;22264
12/01/2022;21254;21475
13/01/2022;20086;20236
14/01/2022;20589;20782
17/01/2022;20375;19711
18/01/2022;20100;17654
19/01/2022;19843;17011
20/01/2022;20164;19489
21/01/2022;20071;18064
24/01/2022;20143;19068
25/01/2022;19954;17686
26/01/2022;19886;16843
27/01/2022;19836;17607
28/01/2022;19861;18761
31/01/2022;17882;21889
01/02/2022;17218;21518
02/02/2022;17293;22143
03/02/2022;16829;21636
04/02/2022;17471;22975
07/02/2022;18021;24000
08/02/2022;18871;24832
09/02/2022;19364;25761
10/02/2022;20086;25857
11/02/2022;20057;25771
14/02/2022;19650;24057
15/02/2022;19204;24754
16/02/2022;18750;23814
17/02/2022;18636;24732
18/02/2022;18679;24829
21/02/2022;18793;25479
22/02/2022;18864;24950
23/02/2022;19014;26307
24/02/2022;18921;23654
25/02/2022;18911;24196
28/02/2022;22675;24904
01/03/2022;24586;26750
02/03/2022;24268;26814
03/03/2022;25121;28168
04/03/2022;26493;29268
07/03/2022;27964;30996
08/03/2022;28043;31268
09/03/2022;28511;32946
10/03/2022;27093;29854
11/03/2022;26821;28943
14/03/2022;25218;26496
15/03/2022;24375;25239
16/03/2022;25089;27764
17/03/2022;25536;28604
18/03/2022;25711;29193
21/03/2022;25736;29186
22/03/2022;25957;29432
23/03/2022;26200;29936
24/03/2022;26107;28789
25/03/2022;26100;28425
28/03/2022;26171;27557
29/03/2022;26179;27825
30/03/2022;26139;27725
31/03/2022;26736;28025
01/04/2022;26768;28107
04/04/2022;25854;27175
05/04/2022;25411;26325
06/04/2022;23936;24936
07/04/2022;25146;26357
08/04/2022;25836;27518
11/04/2022;25029;27096
12/04/2022;25832;27768
13/04/2022;25636;27714
14/04/2022;26021;28543
19/04/2022;26071;28571
20/04/2022;25532;27054
21/04/2022;25586;27564
22/04/2022;25593;28007
25/04/2022;25271;25782
26/04/2022;25218;25071
27/04/2022;25275;26714
28/04/2022;25225;26461
29/04/2022;26454;27843
03/05/2022;26661;28054
04/05/2022;27879;29132
05/05/2022;28232;29393
06/05/2022;28082;29182
09/05/2022;28536;29561
10/05/2022;27250;28279
11/05/2022;27407;28264
12/05/2022;27329;27636
13/05/2022;27200;27357
16/05/2022;27246;27371
17/05/2022;28043;28900
18/05/2022;28486;29986
19/05/2022;28211;28704
20/05/2022;28446;29264
23/05/2022;27989;28518
24/05/2022;27761;27432
25/05/2022;27679;27525
26/05/2022;27571;27100
27/05/2022;27443;26143
30/05/2022;27461;26129
31/05/2022;26682;28143
01/06/2022;25900;27675
06/06/2022;25864;27829
07/06/2022;24407;26139
08/06/2022;23343;24771
09/06/2022;23696;25318
10/06/2022;23846;26050
13/06/2022;22829;25193
14/06/2022;23800;26389
15/06/2022;23450;25318
16/06/2022;23839;26064
17/06/2022;24129;26436
20/06/2022;23579;24414
21/06/2022;23232;23957
22/06/2022;23054;22054
23/06/2022;23086;23379
24/06/2022;22946;22107
27/06/2022;23100;21589
28/06/2022;23007;20404
29/06/2022;23011;21429
30/06/2022;22186;22889
01/07/2022;22175;22871
04/07/2022;21911;22364
05/07/2022;20750;21139
06/07/2022;19429;19450
07/07/2022;18943;19614
08/07/2022;18554;18971
11/07/2022;18357;18521
12/07/2022;17057;17043
13/07/2022;17093;17279
14/07/2022;17571;18564
15/07/2022;18057;19489
18/07/2022;17179;18336
19/07/2022;17775;19036
20/07/2022;18089;19843
21/07/2022;17929;19464
22/07/2022;17950;19082
25/07/2022;17714;17557
26/07/2022;17625;17514
27/07/2022;17654;17311
28/07/2022;17629;17054
29/07/2022;16982;18061
01/08/2022;17714;18575
02/08/2022;16607;17546
03/08/2022;15961;16864
04/08/2022;15968;16996
05/08/2022;16557;17464
08/08/2022;16536;17343
09/08/2022;16482;17729
10/08/2022;16321;17850
11/08/2022;16079;16964
12/08/2022;15868;16921
15/08/2022;15471;16193
16/08/2022;15218;15732
17/08/2022;15075;15068
18/08/2022;15032;14654
19/08/2022;15068;14696
22/08/2022;15021;14161
23/08/2022;14704;12893
24/08/2022;14636;12946
25/08/2022;14629;12236
26/08/2022;14564;11936
30/08/2022;14493;9421
31/08/2022;10864;12114
01/09/2022;11532;13118
02/09/2022;12229;14339
05/09/2022;12711;14579
06/09/2022;13586;14936
07/09/2022;14346;16200
08/09/2022;15157;16721
09/09/2022;15032;16182
12/09/2022;15850;17914
13/09/2022;16275;18607
14/09/2022;15461;16507
15/09/2022;15229;16325
16/09/2022;14968;15593
20/09/2022;15679;18529
21/09/2022;15546;17821
22/09/2022;15407;18100
23/09/2022;15450;18986
26/09/2022;15293;18121
27/09/2022;15332;18889
28/09/2022;15307;17846
29/09/2022;15288;17492
30/09/2022;17407;16657
03/10/2022;17404;16464
04/10/2022;19314;18189
05/10/2022;19100;18107
06/10/2022;18511;17529
07/10/2022;18782;18018
10/10/2022;17954;17236
11/10/2022;17436;16950
12/10/2022;17236;16525
13/10/2022;17246;16189
14/10/2022;17514;16964
17/10/2022;17461;16629
18/10/2022;18057;17446
19/10/2022;18007;17093
20/10/2022;17904;16554
21/10/2022;17843;16654
24/10/2022;17768;15657
25/10/2022;17721;15032
26/10/2022;17682;14282
27/10/2022;17639;13482
28/10/2022;17632;13318
31/10/2022;11943;11796
01/11/2022;12961;12504
02/11/2022;14064;13404
03/11/2022;13296;12700
04/11/2022;13718;12968
07/11/2022;13200;12289
08/11/2022;13079;12196
09/11/2022;13536;12646
10/11/2022;13843;12964
11/11/2022;14300;13639
14/11/2022;14150;14007
15/11/2022;13764;13236
16/11/2022;13511;12496
17/11/2022;13289;11829
18/11/2022;13218;11554
21/11/2022;13293;12029
22/11/2022;13029;11321
23/11/2022;13050;11614
24/11/2022;13036;11929
25/11/2022;13061;12196
28/11/2022;13075;12350
29/11/2022;13104;12314
30/11/2022;12746;10836
01/12/2022;12721;10704
02/12/2022;12668;10914
05/12/2022;12804;11568
06/12/2022;12889;11639
07/12/2022;12729;11418
08/12/2022;13236;12029
09/12/2022;13314;12668
12/12/2022;13114;12439
13/12/2022;13350;12818
14/12/2022;13425;12914
15/12/2022;13386;12507
16/12/2022;13325;11721
19/12/2022;13354;11354
20/12/2022;13414;12096
21/12/2022;13404;11743
22/12/2022;13396;11214
23/12/2022;10986;10979
28/12/2022;11039;11100
29/12/2022;10964;11096
30/12/2022;10664;10929
03/01/2023;10418;10425
04/01/2023;9950;10264
05/01/2023;9743;10382
06/01/2023;10068;10607
09/01/2023;9646;9954
10/01/2023;9029;9550
11/01/2023;8943;9718
12/01/2023;9025;9836
13/01/2023;8932;9911
16/01/2023;9193;10832
17/01/2023;9071;10014