Date;Open;High;Low;Last;Volume;Status
10.09.2009;2609;1
11.09.2009;2550;1
14.09.2009;2520;1
15.09.2009;2492;1
16.09.2009;2521;1
17.09.2009;2555;1
18.09.2009;2572;1
21.09.2009;2568;1
22.09.2009;2534;1
23.09.2009;2436;1
24.09.2009;2357;1
25.09.2009;2317;1
28.09.2009;2303;1
29.09.2009;2275;1
30.09.2009;2276;1
01.10.2009;2314;1
02.10.2009;2361;1
05.10.2009;2382;1
06.10.2009;2411;1
07.10.2009;2505;1
08.10.2009;2633;1
09.10.2009;2705;1
12.10.2009;2745;1
13.10.2009;2757;1
14.10.2009;2733;1
15.10.2009;2726;1
16.10.2009;2734;1
19.10.2009;2744;1
20.10.2009;2789;1
21.10.2009;2843;1
22.10.2009;2950;1
23.10.2009;3048;1
26.10.2009;3100;1
27.10.2009;3109;1
28.10.2009;3107;1
29.10.2009;3101;1
30.10.2009;3150;1
02.11.2009;3210;1
03.11.2009;3279;1
04.11.2009;3398;1
05.11.2009;3480;1
06.11.2009;3556;1
09.11.2009;3612;1
10.11.2009;3684;1
11.11.2009;3787;1
12.11.2009;3877;1
13.11.2009;3978;1
16.11.2009;4091;1
17.11.2009;4182;1
18.11.2009;4339;1
19.11.2009;4453;1
20.11.2009;4424;1
23.11.2009;4376;1
24.11.2009;4303;1
25.11.2009;4181;1
26.11.2009;4036;1
27.11.2009;3868;1
30.11.2009;3757;1
01.12.2009;3635;1
02.12.2009;3677;1
03.12.2009;3830;1
04.12.2009;3928;1
07.12.2009;3981;1
08.12.2009;3989;1
09.12.2009;3900;1
10.12.2009;3795;1
11.12.2009;3673;1
14.12.2009;3574;1
15.12.2009;3505;1
16.12.2009;3444;1
17.12.2009;3436;1
18.12.2009;3448;1
21.12.2009;3460;1
22.12.2009;3498;1
23.12.2009;3544;1
24.12.2009;3567;1
04.01.2010;3823;1
05.01.2010;4003;1
06.01.2010;4122;1
07.01.2010;4188;1
08.01.2010;4218;1
11.01.2010;4224;1
12.01.2010;4156;1
13.01.2010;4001;1
14.01.2010;3847;1
15.01.2010;3745;1
18.01.2010;3678;1
19.01.2010;3622;1
20.01.2010;3589;1
21.01.2010;3607;1
22.01.2010;3661;1
25.01.2010;3708;1
26.01.2010;3695;1
27.01.2010;3630;1
28.01.2010;3523;1
29.01.2010;3420;1
01.02.2010;3298;1
02.02.2010;3144;1
03.02.2010;3100;1
04.02.2010;3109;1
05.02.2010;3141;1
08.02.2010;3142;1
09.02.2010;3128;1
10.02.2010;3087;1
11.02.2010;3045;1
12.02.2010;3028;1
15.02.2010;3011;1
16.02.2010;3021;1
17.02.2010;3080;1
18.02.2010;3138;1
19.02.2010;3179;1
22.02.2010;3218;1
23.02.2010;3242;1
24.02.2010;3272;1
25.02.2010;3325;1
26.02.2010;3399;1
01.03.2010;3448;1
02.03.2010;3510;1
03.03.2010;3669;1
04.03.2010;3887;1
05.03.2010;4003;1
08.03.2010;4043;1
09.03.2010;4044;1
10.03.2010;4013;1
11.03.2010;4090;1
12.03.2010;4177;1
15.03.2010;4223;1
16.03.2010;4256;1
17.03.2010;4298;1
18.03.2010;4337;1
19.03.2010;4344;1
22.03.2010;4356;1
23.03.2010;4328;1
24.03.2010;4267;1
25.03.2010;4123;1
26.03.2010;3965;1
29.03.2010;3806;1
30.03.2010;3688;1
31.03.2010;3674;1
01.04.2010;3708;1
06.04.2010;3736;1
07.04.2010;3812;1
08.04.2010;3901;1
09.04.2010;3952;1
12.04.2010;3977;1
13.04.2010;3997;1
14.04.2010;4021;1
15.04.2010;4036;1
16.04.2010;4034;1
19.04.2010;4019;1
20.04.2010;3956;1
21.04.2010;3883;1
22.04.2010;3810;1
23.04.2010;3757;1
26.04.2010;3712;1
27.04.2010;3748;1
28.04.2010;3853;1
29.04.2010;3891;1
30.04.2010;3900;1
04.05.2010;3910;1
05.05.2010;3951;1
06.05.2010;4018;1
07.05.2010;4062;1
10.05.2010;4096;1
11.05.2010;4146;1
12.05.2010;4196;1
13.05.2010;4273;1
14.05.2010;4340;1
17.05.2010;4417;1
18.05.2010;4504;1
19.05.2010;4596;1
20.05.2010;4622;1
21.05.2010;4576;1
24.05.2010;4537;1
25.05.2010;4492;1
26.05.2010;4450;1
27.05.2010;4360;1
28.05.2010;4247;1
01.06.2010;4081;1
02.06.2010;3995;1
03.06.2010;3931;1
04.06.2010;3878;1
07.06.2010;3836;1
08.06.2010;3789;1
09.06.2010;3723;1
10.06.2010;3552;1
11.06.2010;3361;1
14.06.2010;3283;1
15.06.2010;3211;1
16.06.2010;3115;1
17.06.2010;3018;1
18.06.2010;2980;1
21.06.2010;2968;1
22.06.2010;3017;1
23.06.2010;3062;1
24.06.2010;3070;1
25.06.2010;3045;1
28.06.2010;2977;1
29.06.2010;2875;1
30.06.2010;2748;1
01.07.2010;2627;1
02.07.2010;2447;1
05.07.2010;2350;1
06.07.2010;2191;1
07.07.2010;2081;1
08.07.2010;1985;1
09.07.2010;1944;1
12.07.2010;1941;1
13.07.2010;1946;1
14.07.2010;1980;1
15.07.2010;2029;1
16.07.2010;2092;1
19.07.2010;2122;1
20.07.2010;2158;1
21.07.2010;2207;1
22.07.2010;2287;1
23.07.2010;2362;1
26.07.2010;2403;1
27.07.2010;2447;1
28.07.2010;2506;1
29.07.2010;2582;1
30.07.2010;2632;1
02.08.2010;2677;1
03.08.2010;2665;1
04.08.2010;2607;1
05.08.2010;2567;1
06.08.2010;2581;1
09.08.2010;2607;1
10.08.2010;2666;1
11.08.2010;2749;1
12.08.2010;2829;1
13.08.2010;2864;1
16.08.2010;2883;1
17.08.2010;2920;1
18.08.2010;2969;1
19.08.2010;3031;1
20.08.2010;3089;1
23.08.2010;3122;1
24.08.2010;3128;1
25.08.2010;3087;1
26.08.2010;3025;1
27.08.2010;2978;1
31.08.2010;2950;1
01.09.2010;2955;1
02.09.2010;3032;1
03.09.2010;3121;1
06.09.2010;3222;1
07.09.2010;3307;1
08.09.2010;3359;1
09.09.2010;3396;1
10.09.2010;3394;1
13.09.2010;3362;1
14.09.2010;3293;1
15.09.2010;3151;1
16.09.2010;2985;1
17.09.2010;2928;1
20.09.2010;2902;1
21.09.2010;2881;1
22.09.2010;2825;1
23.09.2010;2763;1
24.09.2010;2719;1
27.09.2010;2673;1
28.09.2010;2607;1
29.09.2010;2524;1
30.09.2010;2462;1
01.10.2010;2412;1
04.10.2010;2376;1
05.10.2010;2362;1
06.10.2010;2359;1
07.10.2010;2372;1
08.10.2010;2403;1
11.10.2010;2413;1
12.10.2010;2397;1
13.10.2010;2359;1
14.10.2010;2302;1
15.10.2010;2254;1
18.10.2010;2216;1
19.10.2010;2186;1
20.10.2010;2172;1
21.10.2010;2179;1
22.10.2010;2219;1
25.10.2010;2293;1
26.10.2010;2393;1
27.10.2010;2461;1
28.10.2010;2465;1
29.10.2010;2410;1
01.11.2010;2371;1
02.11.2010;2313;1
03.11.2010;2288;1
04.11.2010;2287;1
05.11.2010;2304;1
08.11.2010;2322;1
09.11.2010;2361;1
10.11.2010;2437;1
11.11.2010;2432;1
12.11.2010;2365;1
15.11.2010;2294;1
16.11.2010;2216;1
17.11.2010;2122;1
18.11.2010;2063;1
19.11.2010;2038;1
22.11.2010;2061;1
23.11.2010;2112;1
24.11.2010;2194;1
25.11.2010;2290;1
26.11.2010;2330;1
29.11.2010;2356;1
30.11.2010;2377;1
01.12.2010;2380;1
02.12.2010;2385;1
03.12.2010;2382;1
06.12.2010;2384;1
07.12.2010;2384;1
08.12.2010;2386;1
09.12.2010;2376;1
10.12.2010;2357;1
13.12.2010;2323;1
14.12.2010;2289;1
15.12.2010;2234;1
16.12.2010;2147;1
17.12.2010;2037;1
20.12.2010;1956;1
21.12.2010;1892;1
22.12.2010;1873;1
23.12.2010;1857;1
24.12.2010;1845;1
04.01.2011;1798;1
05.01.2011;1824;1
06.01.2011;1882;1
07.01.2011;1936;1
10.01.2011;1964;1
11.01.2011;1975;1
12.01.2011;1970;1
13.01.2011;1949;1
14.01.2011;1923;1
17.01.2011;1887;1
18.01.2011;1840;1
19.01.2011;1776;1
20.01.2011;1710;1
21.01.2011;1650;1
24.01.2011;1593;1
25.01.2011;1512;1
26.01.2011;1427;1
27.01.2011;1381;1
28.01.2011;1337;1
31.01.2011;1310;1
01.02.2011;1299;1
02.02.2011;1296;1
03.02.2011;1311;1
04.02.2011;1348;1
07.02.2011;1395;1
08.02.2011;1464;1
09.02.2011;1519;1
10.02.2011;1567;1
11.02.2011;1620;1
14.02.2011;1688;1
15.02.2011;1803;1
16.02.2011;1930;1
17.02.2011;1997;1
18.02.2011;2004;1
21.02.2011;1980;1
22.02.2011;1919;1
23.02.2011;1845;1
24.02.2011;1813;1
25.02.2011;1812;1
28.02.2011;1820;1
01.03.2011;1829;1
02.03.2011;1858;1
03.03.2011;1929;1
04.03.2011;1983;1
07.03.2011;2015;1
08.03.2011;2048;1
09.03.2011;2095;1
10.03.2011;2120;1
11.03.2011;2132;1
14.03.2011;2126;1
15.03.2011;2116;1
16.03.2011;2114;1
17.03.2011;2110;1
18.03.2011;2094;1
21.03.2011;2085;1
22.03.2011;2079;1
23.03.2011;2080;1
24.03.2011;2077;1
25.03.2011;2078;1
28.03.2011;2082;1
29.03.2011;2063;1
30.03.2011;2014;1
31.03.2011;1968;1
01.04.2011;1925;1
04.04.2011;1889;1
05.04.2011;1839;1
06.04.2011;1788;1
07.04.2011;1737;1
08.04.2011;1696;1
11.04.2011;1664;1
12.04.2011;1629;1
13.04.2011;1586;1
14.04.2011;1548;1
15.04.2011;1514;1
18.04.2011;1490;1
19.04.2011;1456;1
20.04.2011;1415;1
21.04.2011;1377;1
26.04.2011;1364;1
27.04.2011;1392;1
28.04.2011;1450;1
03.05.2011;1558;1
04.05.2011;1644;1
05.05.2011;1723;1
06.05.2011;1769;1
09.05.2011;1801;1
10.05.2011;1824;1
11.05.2011;1814;1
12.05.2011;1770;1
13.05.2011;1720;1
16.05.2011;1675;1
17.05.2011;1622;1
18.05.2011;1597;1
19.05.2011;1615;1
20.05.2011;1666;1
23.05.2011;1711;1
24.05.2011;1755;1
25.05.2011;1832;1
26.05.2011;1868;1
27.05.2011;1865;1
31.05.2011;1830;1
01.06.2011;1809;1
02.06.2011;1795;1
03.06.2011;1791;1
06.06.2011;1792;1
07.06.2011;1812;1
08.06.2011;1858;1
09.06.2011;1903;1
10.06.2011;1927;1
13.06.2011;1950;1
14.06.2011;1975;1
15.06.2011;1978;1
16.06.2011;1952;1
17.06.2011;1914;1
20.06.2011;1883;1
21.06.2011;1850;1
22.06.2011;1820;1
23.06.2011;1796;1
24.06.2011;1764;1
27.06.2011;1727;1
28.06.2011;1672;1
29.06.2011;1633;1
30.06.2011;1604;1
01.07.2011;1590;1
04.07.2011;1582;1
05.07.2011;1594;1
06.07.2011;1626;1
07.07.2011;1663;1
08.07.2011;1684;1
11.07.2011;1692;1
12.07.2011;1677;1
13.07.2011;1641;1
14.07.2011;1606;1
15.07.2011;1578;1
18.07.2011;1555;1
19.07.2011;1541;1
20.07.2011;1536;1
21.07.2011;1534;1
22.07.2011;1535;1
25.07.2011;1540;1
26.07.2011;1538;1
27.07.2011;1532;1
28.07.2011;1524;1
29.07.2011;1511;1
01.08.2011;1502;1
02.08.2011;1490;1
03.08.2011;1481;1
04.08.2011;1475;1
05.08.2011;1478;1
08.08.2011;1476;1
09.08.2011;1474;1
10.08.2011;1481;1
11.08.2011;1501;1
12.08.2011;1520;1
15.08.2011;1541;1
16.08.2011;1568;1
17.08.2011;1585;1
18.08.2011;1597;1
19.08.2011;1609;1
22.08.2011;1627;1
23.08.2011;1644;1
24.08.2011;1659;1
25.08.2011;1662;1
26.08.2011;1651;1
30.08.2011;1636;1
31.08.2011;1628;1
01.09.2011;1624;1
02.09.2011;1630;1
05.09.2011;1634;1
06.09.2011;1645;1
07.09.2011;1657;1
08.09.2011;1670;1
09.09.2011;1685;1
12.09.2011;1695;1
13.09.2011;1711;1
14.09.2011;1735;1
15.09.2011;1748;1
16.09.2011;1746;1
19.09.2011;1734;1
20.09.2011;1705;1
21.09.2011;1665;1
22.09.2011;1642;1
23.09.2011;1641;1
26.09.2011;1652;1
27.09.2011;1664;1
28.09.2011;1681;1
29.09.2011;1705;1
30.09.2011;1726;1
03.10.2011;1742;1
04.10.2011;1771;1
05.10.2011;1819;1
06.10.2011;1869;1
07.10.2011;1913;1
10.10.2011;1942;1
11.10.2011;1982;1
12.10.2011;2026;1
13.10.2011;2062;1
14.10.2011;2084;1
17.10.2011;2095;1
18.10.2011;2099;1
19.10.2011;2086;1
20.10.2011;2058;1
21.10.2011;2026;1
24.10.2011;1999;1
25.10.2011;1976;1
26.10.2011;1961;1
27.10.2011;1945;1
28.10.2011;1939;1
31.10.2011;1931;1
01.11.2011;1912;1
02.11.2011;1889;1
03.11.2011;1866;1
04.11.2011;1836;1
07.11.2011;1811;1
08.11.2011;1787;1
09.11.2011;1770;1
10.11.2011;1761;1
11.11.2011;1761;1
14.11.2011;1763;1
15.11.2011;1769;1
16.11.2011;1784;1
17.11.2011;1806;1
18.11.2011;1831;1
21.11.2011;1840;1
22.11.2011;1848;1
23.11.2011;1841;1
24.11.2011;1822;1
25.11.2011;1794;1
28.11.2011;1770;1
29.11.2011;1750;1
30.11.2011;1727;1
01.12.2011;1710;1
02.12.2011;1701;1
05.12.2011;1693;1
06.12.2011;1690;1
07.12.2011;1687;1
08.12.2011;1693;1
09.12.2011;1713;1
12.12.2011;1733;1
13.12.2011;1751;1
14.12.2011;1765;1
15.12.2011;1772;1
16.12.2011;1775;1
19.12.2011;1775;1
20.12.2011;1758;1
21.12.2011;1720;1
22.12.2011;1676;1
23.12.2011;1645;1
03.01.2012;1619;1
04.01.2012;1599;1
05.01.2012;1571;1
06.01.2012;1537;1
09.01.2012;1506;1
10.01.2012;1455;1
11.01.2012;1393;1
12.01.2012;1338;1
13.01.2012;1264;1
16.01.2012;1206;1
17.01.2012;1161;1
18.01.2012;1105;1
19.01.2012;1058;1
20.01.2012;1020;1
23.01.2012;982;1
24.01.2012;946;1
25.01.2012;909;1
26.01.2012;863;1
27.01.2012;815;1
30.01.2012;765;1
31.01.2012;724;1
01.02.2012;694;1
02.02.2012;681;1
03.02.2012;693;1
06.02.2012;726;1
07.02.2012;770;1
08.02.2012;828;1
09.02.2012;896;1
10.02.2012;967;1
13.02.2012;1008;1
14.02.2012;1018;1
15.02.2012;1005;1
16.02.2012;974;1
17.02.2012;949;1
20.02.2012;931;1
21.02.2012;900;1
22.02.2012;871;1
23.02.2012;849;1
24.02.2012;836;1
27.02.2012;833;1
28.02.2012;833;1
29.02.2012;832;1
01.03.2012;839;1
02.03.2012;844;1
05.03.2012;854;1
06.03.2012;852;1
07.03.2012;858;1
08.03.2012;873;1
09.03.2012;889;1
12.03.2012;912;1
13.03.2012;929;1
14.03.2012;941;1
15.03.2012;957;1
16.03.2012;971;1
19.03.2012;990;1
20.03.2012;1004;1
21.03.2012;1015;1
22.03.2012;1026;1
23.03.2012;1036;1
26.03.2012;1036;1
27.03.2012;1035;1
28.03.2012;1040;1
29.03.2012;1044;1
30.03.2012;1051;1
02.04.2012;1051;1
03.04.2012;1049;1
04.04.2012;1043;1
05.04.2012;1036;1
10.04.2012;1040;1
11.04.2012;1072;1
12.04.2012;1110;1
13.04.2012;1158;1
16.04.2012;1189;1
17.04.2012;1232;1
18.04.2012;1291;1
19.04.2012;1354;1
20.04.2012;1487;1
23.04.2012;1552;1
24.04.2012;1628;1
25.04.2012;1692;1
26.04.2012;1727;1
27.04.2012;1738;1
30.04.2012;1725;1
01.05.2012;1713;1
02.05.2012;1693;1
03.05.2012;1635;1
04.05.2012;1527;1
08.05.2012;1441;1
09.05.2012;1390;1
10.05.2012;1350;1
11.05.2012;1322;1
14.05.2012;1299;1
15.05.2012;1283;1
16.05.2012;1266;1
17.05.2012;1258;1
18.05.2012;1274;1
21.05.2012;1269;1
22.05.2012;1237;1
23.05.2012;1186;1
24.05.2012;1130;1
25.05.2012;1083;1
28.05.2012;1049;1
29.05.2012;1008;1
30.05.2012;969;1
31.05.2012;923;1
01.06.2012;897;1
06.06.2012;877;1
07.06.2012;882;1
08.06.2012;914;1
11.06.2012;944;1
12.06.2012;975;1
13.06.2012;1004;1
14.06.2012;1046;1
15.06.2012;1065;1
18.06.2012;1081;1
19.06.2012;1089;1
20.06.2012;1093;1
21.06.2012;1073;1
22.06.2012;1048;1
25.06.2012;1026;1
26.06.2012;1003;1
27.06.2012;981;1
28.06.2012;968;1
29.06.2012;984;1
02.07.2012;993;1
03.07.2012;1019;1
04.07.2012;1051;1
05.07.2012;1090;1
06.07.2012;1129;1
09.07.2012;1145;1
10.07.2012;1160;1
11.07.2012;1175;1
12.07.2012;1187;1
13.07.2012;1202;1
16.07.2012;1209;1
17.07.2012;1214;1
18.07.2012;1206;1
19.07.2012;1183;1
20.07.2012;1156;1
23.07.2012;1134;1
24.07.2012;1109;1
25.07.2012;1088;1
26.07.2012;1058;1
27.07.2012;1031;1
30.07.2012;1010;1
31.07.2012;982;1
01.08.2012;954;1
02.08.2012;931;1
03.08.2012;910;1
06.08.2012;890;1
07.08.2012;868;1
08.08.2012;840;1
09.08.2012;823;1
10.08.2012;814;1
13.08.2012;804;1
14.08.2012;803;1
15.08.2012;801;1
16.08.2012;801;1
17.08.2012;806;1
20.08.2012;819;1
21.08.2012;833;1
22.08.2012;843;1
23.08.2012;840;1
24.08.2012;828;1
28.08.2012;812;1
29.08.2012;788;1
30.08.2012;758;1
31.08.2012;735;1
03.09.2012;714;1
04.09.2012;686;1
05.09.2012;647;1
06.09.2012;617;1
07.09.2012;599;1
10.09.2012;582;1
11.09.2012;566;1
12.09.2012;545;1
13.09.2012;527;1
14.09.2012;502;1
17.09.2012;483;1
18.09.2012;474;1
19.09.2012;468;1
20.09.2012;468;1
21.09.2012;467;1
24.09.2012;461;1
25.09.2012;441;1
26.09.2012;426;1
27.09.2012;418;1
28.09.2012;425;1
01.10.2012;439;1
02.10.2012;463;1
03.10.2012;496;1
04.10.2012;544;1
05.10.2012;598;1
08.10.2012;647;1
09.10.2012;712;1
10.10.2012;784;1
11.10.2012;843;1
12.10.2012;871;1
15.10.2012;885;1
16.10.2012;904;1
17.10.2012;904;1
18.10.2012;895;1
19.10.2012;879;1
22.10.2012;861;1
23.10.2012;843;1
24.10.2012;825;1
25.10.2012;811;1
26.10.2012;804;1
29.10.2012;799;1
30.10.2012;792;1
31.10.2012;782;1
01.11.2012;770;1
02.11.2012;766;1
05.11.2012;757;1
06.11.2012;747;1
07.11.2012;737;1
08.11.2012;726;1
09.11.2012;722;1
12.11.2012;720;1
13.11.2012;732;1
14.11.2012;774;1
15.11.2012;846;1
16.11.2012;886;1
19.11.2012;902;1
20.11.2012;933;1
21.11.2012;963;1
22.11.2012;991;1
23.11.2012;1013;1
26.11.2012;1021;1
27.11.2012;1023;1
28.11.2012;1009;1
29.11.2012;994;1
30.11.2012;980;1
03.12.2012;973;1
04.12.2012;962;1
05.12.2012;949;1
06.12.2012;940;1
07.12.2012;936;1
10.12.2012;928;1
11.12.2012;914;1
12.12.2012;894;1
13.12.2012;871;1
14.12.2012;839;1
17.12.2012;815;1
18.12.2012;793;1
19.12.2012;765;1
20.12.2012;734;1
21.12.2012;710;1
24.12.2012;699;1
02.01.2013;685;1
03.01.2013;675;1
04.01.2013;670;1
07.01.2013;670;1
08.01.2013;682;1
09.01.2013;717;1
10.01.2013;754;1
11.01.2013;772;1
14.01.2013;774;1
15.01.2013;768;1
16.01.2013;754;1
17.01.2013;743;1
18.01.2013;740;1
21.01.2013;736;1
22.01.2013;729;1
23.01.2013;727;1
24.01.2013;723;1
25.01.2013;718;1
28.01.2013;713;1
29.01.2013;703;1
30.01.2013;690;1
31.01.2013;677;1
01.02.2013;664;1
04.02.2013;653;1
05.02.2013;651;1
06.02.2013;657;1
07.02.2013;695;1
08.02.2013;723;1
11.02.2013;737;1
12.02.2013;749;1
13.02.2013;782;1
14.02.2013;808;1
15.02.2013;832;1
18.02.2013;845;1
19.02.2013;859;1
20.02.2013;875;1
21.02.2013;892;1
22.02.2013;909;1
25.02.2013;922;1
26.02.2013;939;1
27.02.2013;961;1
28.02.2013;990;1
01.03.2013;1036;1
04.03.2013;1058;1
05.03.2013;1080;1
06.03.2013;1090;1
07.03.2013;1112;1
08.03.2013;1124;1
11.03.2013;1128;1
12.03.2013;1131;1
13.03.2013;1138;1
14.03.2013;1147;1
15.03.2013;1162;1
18.03.2013;1172;1
19.03.2013;1184;1
20.03.2013;1190;1
21.03.2013;1202;1
22.03.2013;1208;1
25.03.2013;1210;1
26.03.2013;1204;1
27.03.2013;1191;1
28.03.2013;1176;1
02.04.2013;1155;1
03.04.2013;1129;1
04.04.2013;1106;1
05.04.2013;1094;1
08.04.2013;1084;1
09.04.2013;1077;1
10.04.2013;1080;1
11.04.2013;1095;1
12.04.2013;1112;1
15.04.2013;1125;1
16.04.2013;1143;1
17.04.2013;1167;1
18.04.2013;1180;1
19.04.2013;1196;1
22.04.2013;1202;1
23.04.2013;1193;1
24.04.2013;1165;1
25.04.2013;1121;1
26.04.2013;1082;1
29.04.2013;1058;1
30.04.2013;1028;1
01.05.2013;1018;1
02.05.2013;1010;1
03.05.2013;1006;1
07.05.2013;999;1
08.05.2013;995;1
09.05.2013;995;1
10.05.2013;994;1
13.05.2013;993;1
14.05.2013;988;1
15.05.2013;974;1
16.05.2013;951;1
17.05.2013;930;1
20.05.2013;917;1
21.05.2013;899;1
22.05.2013;880;1
23.05.2013;863;1
24.05.2013;854;1
28.05.2013;838;1
29.05.2013;821;1
30.05.2013;806;1
31.05.2013;795;1
03.06.2013;786;1
04.06.2013;776;1
05.06.2013;768;1
06.06.2013;764;1
07.06.2013;764;1
10.06.2013;766;1
11.06.2013;777;1
12.06.2013;808;1
13.06.2013;833;1
14.06.2013;859;1
17.06.2013;878;1
18.06.2013;892;1
19.06.2013;909;1
20.06.2013;920;1
21.06.2013;927;1
24.06.2013;937;1
25.06.2013;959;1
26.06.2013;976;1
27.06.2013;994;1
28.06.2013;1007;1
01.07.2013;1014;1
02.07.2013;1016;1
03.07.2013;1017;1
04.07.2013;1012;1
05.07.2013;1008;1
08.07.2013;1002;1
09.07.2013;1006;1
10.07.2013;1024;1
11.07.2013;1062;1
12.07.2013;1097;1
15.07.2013;1118;1
16.07.2013;1136;1
17.07.2013;1153;1
18.07.2013;1165;1
19.07.2013;1172;1
22.07.2013;1170;1
23.07.2013;1159;1
24.07.2013;1145;1
25.07.2013;1123;1
26.07.2013;1104;1
29.07.2013;1090;1
30.07.2013;1075;1
31.07.2013;1057;1
01.08.2013;1041;1
02.08.2013;1021;1
05.08.2013;1009;1
06.08.2013;992;1
07.08.2013;977;1
08.08.2013;962;1
09.08.2013;948;1
12.08.2013;940;1
13.08.2013;933;1
14.08.2013;928;1
15.08.2013;926;1
16.08.2013;923;1
19.08.2013;917;1
20.08.2013;912;1
21.08.2013;905;1
22.08.2013;904;1
23.08.2013;903;1
27.08.2013;904;1
28.08.2013;901;1
29.08.2013;904;1
30.08.2013;907;1
02.09.2013;912;1
03.09.2013;921;1
04.09.2013;933;1
05.09.2013;961;1
06.09.2013;1020;1
09.09.2013;1105;1
10.09.2013;1186;1
11.09.2013;1241;1
12.09.2013;1278;1
13.09.2013;1306;1
16.09.2013;1321;1
17.09.2013;1349;1
18.09.2013;1385;1
19.09.2013;1415;1
20.09.2013;1453;1
23.09.2013;1509;1
24.09.2013;1602;1
25.09.2013;1745;1
26.09.2013;1794;1
27.09.2013;1800;1
30.09.2013;1795;1
01.10.2013;1786;1
02.10.2013;1813;1
03.10.2013;1862;1
04.10.2013;1914;1
07.10.2013;1947;1
08.10.2013;1989;1
09.10.2013;2016;1
10.10.2013;2027;1
11.10.2013;2024;1
14.10.2013;2020;1
15.10.2013;2021;1
16.10.2013;2030;1
17.10.2013;2059;1
18.10.2013;2060;1
21.10.2013;2054;1
22.10.2013;2038;1
23.10.2013;2010;1
24.10.2013;1959;1
25.10.2013;1904;1
28.10.2013;1855;1
29.10.2013;1790;1
30.10.2013;1716;1
31.10.2013;1667;1
01.11.2013;1631;1
04.11.2013;1612;1
05.11.2013;1617;1
06.11.2013;1614;1
07.11.2013;1594;1
08.11.2013;1565;1
11.11.2013;1542;1
12.11.2013;1510;1
13.11.2013;1474;1
14.11.2013;1438;1
15.11.2013;1409;1
18.11.2013;1382;1
19.11.2013;1353;1
20.11.2013;1346;1
21.11.2013;1345;1
22.11.2013;1362;1
25.11.2013;1387;1
26.11.2013;1427;1
27.11.2013;1510;1
28.11.2013;1613;1
29.11.2013;1665;1
02.12.2013;1695;1
03.12.2013;1741;1
04.12.2013;1795;1
05.12.2013;1867;1
06.12.2013;1923;1
09.12.2013;1955;1
10.12.2013;1997;1
11.12.2013;2050;1
12.12.2013;2085;1
13.12.2013;2096;1
16.12.2013;2082;1
17.12.2013;2025;1
18.12.2013;1946;1
19.12.2013;1883;1
20.12.2013;1858;1
23.12.2013;1835;1
24.12.2013;1825;1
02.01.2014;1780;1
03.01.2014;1750;1
06.01.2014;1724;1
07.01.2014;1692;1
08.01.2014;1672;1
09.01.2014;1645;1
10.01.2014;1621;1
13.01.2014;1598;1
14.01.2014;1580;1
15.01.2014;1572;1
16.01.2014;1570;1
17.01.2014;1564;1
20.01.2014;1552;1
21.01.2014;1530;1
22.01.2014;1496;1
23.01.2014;1468;1
24.01.2014;1437;1
27.01.2014;1413;1
28.01.2014;1387;1
29.01.2014;1369;1
30.01.2014;1347;1
31.01.2014;1337;1
03.02.2014;1326;1
04.02.2014;1313;1
05.02.2014;1307;1
06.02.2014;1307;1
07.02.2014;1304;1
10.02.2014;1305;1
11.02.2014;1322;1
12.02.2014;1324;1
13.02.2014;1313;1
14.02.2014;1311;1
17.02.2014;1308;1
18.02.2014;1298;1
19.02.2014;1282;1
20.02.2014;1261;1
21.02.2014;1244;1
24.02.2014;1222;1
25.02.2014;1187;1
26.02.2014;1154;1
27.02.2014;1123;1
28.02.2014;1099;1
03.03.2014;1080;1
04.03.2014;1062;1
05.03.2014;1053;1
06.03.2014;1056;1
07.03.2014;1075;1
10.03.2014;1088;1
11.03.2014;1104;1
12.03.2014;1102;1
13.03.2014;1106;1
14.03.2014;1113;1
17.03.2014;1116;1
18.03.2014;1118;1
19.03.2014;1120;1
20.03.2014;1120;1
21.03.2014;1112;1
24.03.2014;1107;1
25.03.2014;1088;1
26.03.2014;1062;1
27.03.2014;1018;1
28.03.2014;978;1
31.03.2014;942;1
01.04.2014;897;1
02.04.2014;867;1
03.04.2014;836;1
04.04.2014;822;1
07.04.2014;812;1
08.04.2014;801;1
09.04.2014;794;1
10.04.2014;787;1
11.04.2014;782;1
14.04.2014;778;1
15.04.2014;777;1
16.04.2014;792;1
17.04.2014;812;1
22.04.2014;828;1
23.04.2014;840;1
24.04.2014;852;1
25.04.2014;864;1
28.04.2014;868;1
29.04.2014;872;1
30.04.2014;871;1
01.05.2014;871;1
02.05.2014;865;1
06.05.2014;866;1
07.05.2014;869;1
08.05.2014;879;1
09.05.2014;898;1
12.05.2014;910;1
13.05.2014;933;1
14.05.2014;969;1
15.05.2014;1016;1
16.05.2014;1041;1
19.05.2014;1054;1
20.05.2014;1061;1
21.05.2014;1056;1
22.05.2014;1028;1
23.05.2014;1001;1
27.05.2014;971;1
28.05.2014;940;1
29.05.2014;904;1
30.05.2014;872;1
02.06.2014;846;1
03.06.2014;816;1
04.06.2014;786;1
05.06.2014;758;1
06.06.2014;727;1
09.06.2014;713;1
10.06.2014;699;1
11.06.2014;678;1
12.06.2014;635;1
13.06.2014;582;1
16.06.2014;542;1
17.06.2014;514;1
18.06.2014;492;1
19.06.2014;474;1
20.06.2014;461;1
23.06.2014;452;1
24.06.2014;446;1
25.06.2014;433;1
26.06.2014;423;1
27.06.2014;419;1
30.06.2014;423;1
01.07.2014;446;1
02.07.2014;485;1
03.07.2014;557;1
04.07.2014;640;1
07.07.2014;680;1
08.07.2014;704;1
09.07.2014;710;1
10.07.2014;702;1
11.07.2014;679;1
14.07.2014;666;1
15.07.2014;644;1
16.07.2014;621;1
17.07.2014;603;1
18.07.2014;586;1
21.07.2014;576;1
22.07.2014;576;1
23.07.2014;584;1
24.07.2014;596;1
25.07.2014;606;1
28.07.2014;616;1
29.07.2014;624;1
30.07.2014;625;1
31.07.2014;619;1
01.08.2014;611;1
04.08.2014;610;1
05.08.2014;609;1
06.08.2014;609;1
07.08.2014;616;1
08.08.2014;624;1
11.08.2014;634;1
12.08.2014;651;1
13.08.2014;674;1
14.08.2014;739;1
15.08.2014;803;1
18.08.2014;836;1
19.08.2014;837;1
20.08.2014;828;1
21.08.2014;818;1
22.08.2014;812;1
26.08.2014;808;1
27.08.2014;811;1
28.08.2014;842;1
29.08.2014;871;1
01.09.2014;888;1
02.09.2014;903;1
03.09.2014;919;1
04.09.2014;927;1
05.09.2014;931;1
08.09.2014;940;1
09.09.2014;940;1
10.09.2014;916;1
11.09.2014;895;1
12.09.2014;875;1
15.09.2014;860;1
16.09.2014;843;1
17.09.2014;829;1
18.09.2014;819;1
19.09.2014;814;1
22.09.2014;809;1
23.09.2014;800;1
24.09.2014;798;1
25.09.2014;799;1
26.09.2014;807;1
29.09.2014;812;1
30.09.2014;826;1
01.10.2014;854;1
02.10.2014;878;1
03.10.2014;887;1
06.10.2014;889;1
07.10.2014;884;1
08.10.2014;869;1
09.10.2014;864;1
10.10.2014;865;1
13.10.2014;868;1
14.10.2014;885;1
15.10.2014;909;1
16.10.2014;940;1
17.10.2014;966;1
20.10.2014;995;1
21.10.2014;1032;1
22.10.2014;1066;1
23.10.2014;1099;1
24.10.2014;1121;1
27.10.2014;1137;1
28.10.2014;1172;1
29.10.2014;1202;1
30.10.2014;1222;1
31.10.2014;1233;1
03.11.2014;1241;1
04.11.2014;1238;1
05.11.2014;1224;1
06.11.2014;1205;1
07.11.2014;1183;1
10.11.2014;1168;1
11.11.2014;1150;1
12.11.2014;1133;1
13.11.2014;1112;1
14.11.2014;1089;1
17.11.2014;1069;1
18.11.2014;1061;1
19.11.2014;1055;1
20.11.2014;1053;1
21.11.2014;1055;1
24.11.2014;1059;1
25.11.2014;1064;1
26.11.2014;1073;1
27.11.2014;1099;1
28.11.2014;1120;1
01.12.2014;1124;1
02.12.2014;1119;1
03.12.2014;1108;1
04.12.2014;1097;1
05.12.2014;1088;1
08.12.2014;1081;1
09.12.2014;1066;1
10.12.2014;1047;1
11.12.2014;1026;1
12.12.2014;1001;1
15.12.2014;980;1
16.12.2014;961;1
17.12.2014;945;1
18.12.2014;929;1
19.12.2014;907;1
22.12.2014;891;1
23.12.2014;872;1
24.12.2014;856;1
02.01.2015;827;1
05.01.2015;811;1
06.01.2015;794;1
07.01.2015;780;1
08.01.2015;776;1
09.01.2015;764;1
12.01.2015;762;1
13.01.2015;766;1
14.01.2015;766;1
15.01.2015;766;1
16.01.2015;759;1
19.01.2015;751;1
20.01.2015;741;1
21.01.2015;725;1
22.01.2015;704;1
23.01.2015;685;1
26.01.2015;669;1
27.01.2015;648;1
28.01.2015;620;1
29.01.2015;550;1
30.01.2015;508;1
02.02.2015;480;1
03.02.2015;454;1
04.02.2015;437;1
05.02.2015;428;1
06.02.2015;430;1
09.02.2015;434;1
10.02.2015;446;1
11.02.2015;469;1
12.02.2015;489;1
13.02.2015;499;1
16.02.2015;505;1
17.02.2015;508;1
18.02.2015;514;1
19.02.2015;516;1
20.02.2015;514;1
23.02.2015;512;1
24.02.2015;514;1
25.02.2015;519;1
26.02.2015;531;1
27.02.2015;540;1
02.03.2015;551;1
03.03.2015;564;1
04.03.2015;576;1
05.03.2015;583;1
06.03.2015;587;1
09.03.2015;590;1
10.03.2015;591;1
11.03.2015;588;1
12.03.2015;586;1
13.03.2015;585;1
16.03.2015;588;1
17.03.2015;595;1
18.03.2015;604;1
19.03.2015;613;1
20.03.2015;617;1
23.03.2015;617;1
24.03.2015;609;1
25.03.2015;602;1
26.03.2015;599;1
27.03.2015;597;1
30.03.2015;600;1
31.03.2015;598;1
01.04.2015;596;1
02.04.2015;589;1
07.04.2015;584;1
08.04.2015;585;1
09.04.2015;591;1
10.04.2015;600;1
13.04.2015;609;1
14.04.2015;619;1
15.04.2015;626;1
16.04.2015;636;1
17.04.2015;642;1
20.04.2015;646;1
21.04.2015;659;1
22.04.2015;669;1
23.04.2015;680;1
24.04.2015;685;1
27.04.2015;687;1
28.04.2015;685;1
29.04.2015;673;1
30.04.2015;658;1
01.05.2015;647;1
05.05.2015;633;1
06.05.2015;618;1
07.05.2015;603;1
08.05.2015;594;1
11.05.2015;586;1
12.05.2015;583;1
13.05.2015;584;1
14.05.2015;580;1
15.05.2015;579;1
18.05.2015;578;1
19.05.2015;574;1
20.05.2015;565;1
21.05.2015;556;1
22.05.2015;549;1
26.05.2015;540;1
27.05.2015;530;1
28.05.2015;525;1
29.05.2015;524;1
01.06.2015;522;1
02.06.2015;528;1
03.06.2015;544;1
04.06.2015;570;1
05.06.2015;596;1
08.06.2015;608;1
09.06.2015;630;1
10.06.2015;662;1
11.06.2015;696;1
12.06.2015;719;1
15.06.2015;742;1
16.06.2015;772;1
17.06.2015;817;1
18.06.2015;847;1
19.06.2015;851;1
22.06.2015;845;1
23.06.2015;834;1
24.06.2015;829;1
25.06.2015;827;1
26.06.2015;833;1
29.06.2015;838;1
30.06.2015;845;1
01.07.2015;858;1
02.07.2015;883;1
03.07.2015;908;1
06.07.2015;927;1
07.07.2015;945;1
08.07.2015;973;1
09.07.2015;1016;1
10.07.2015;1052;1
13.07.2015;1076;1
14.07.2015;1096;1
15.07.2015;1122;1
16.07.2015;1149;1
17.07.2015;1162;1
20.07.2015;1170;1
21.07.2015;1179;1
22.07.2015;1179;1
23.07.2015;1161;1
24.07.2015;1137;1
27.07.2015;1115;1
28.07.2015;1095;1
29.07.2015;1069;1
30.07.2015;1044;1
31.07.2015;1023;1
03.08.2015;1006;1
04.08.2015;1001;1
05.08.2015;1005;1
06.08.2015;1013;1
07.08.2015;1021;1
10.08.2015;1028;1
11.08.2015;1043;1
12.08.2015;1053;1
13.08.2015;1054;1
14.08.2015;1057;1
17.08.2015;1057;1
18.08.2015;1052;1
19.08.2015;1049;1
20.08.2015;1052;1
21.08.2015;1054;1
24.08.2015;1052;1
25.08.2015;1047;1
26.08.2015;1031;1
27.08.2015;1000;1
28.08.2015;974;1
01.09.2015;949;1
02.09.2015;912;1
03.09.2015;870;1
04.09.2015;837;1
07.09.2015;812;1
08.09.2015;793;1
09.09.2015;776;1
10.09.2015;751;1
11.09.2015;735;1
14.09.2015;723;1
15.09.2015;720;1
16.09.2015;716;1
17.09.2015;727;1
18.09.2015;753;1
21.09.2015;769;1
22.09.2015;769;1
23.09.2015;761;1
24.09.2015;751;1
25.09.2015;744;1
28.09.2015;738;1
29.09.2015;725;1
30.09.2015;712;1
01.10.2015;704;1
02.10.2015;701;1
05.10.2015;699;1
06.10.2015;700;1
07.10.2015;709;1
08.10.2015;736;1
09.10.2015;761;1
12.10.2015;768;1
13.10.2015;770;1
14.10.2015;761;1
15.10.2015;742;1
16.10.2015;722;1
19.10.2015;710;1
20.10.2015;701;1
21.10.2015;693;1
22.10.2015;685;1
23.10.2015;683;1
26.10.2015;681;1
27.10.2015;686;1
28.10.2015;687;1
29.10.2015;682;1
30.10.2015;675;1
02.11.2015;665;1
03.11.2015;653;1
04.11.2015;636;1
05.11.2015;618;1
06.11.2015;603;1
09.11.2015;589;1
10.11.2015;575;1
11.11.2015;555;1
12.11.2015;534;1
13.11.2015;514;1
16.11.2015;500;1
17.11.2015;487;1
18.11.2015;477;1
19.11.2015;468;1
20.11.2015;463;1
23.11.2015;461;1
24.11.2015;460;1
25.11.2015;463;1
26.11.2015;459;1
27.11.2015;456;1
30.11.2015;453;1
01.12.2015;450;1
02.12.2015;446;1
03.12.2015;438;1
04.12.2015;433;1
07.12.2015;426;1
08.12.2015;420;1
09.12.2015;412;1
10.12.2015;408;1
11.12.2015;410;1
14.12.2015;410;1
15.12.2015;411;1
16.12.2015;415;1
17.12.2015;421;1
18.12.2015;426;1
21.12.2015;433;1
22.12.2015;445;1
23.12.2015;457;1
24.12.2015;462;1
04.01.2016;464;1
05.01.2016;466;1
06.01.2016;464;1
07.01.2016;450;1
08.01.2016;434;1
11.01.2016;420;1
12.01.2016;411;1
13.01.2016;399;1
14.01.2016;388;1
15.01.2016;381;1
18.01.2016;375;1
19.01.2016;369;1
20.01.2016;360;1
21.01.2016;346;1
22.01.2016;334;1
25.01.2016;325;1
26.01.2016;312;1
27.01.2016;303;1
28.01.2016;293;1
29.01.2016;287;1
01.02.2016;282;1
02.02.2016;282;1
03.02.2016;284;1
04.02.2016;289;1
05.02.2016;295;1
08.02.2016;298;1
09.02.2016;297;1
10.02.2016;301;1
11.02.2016;312;1
12.02.2016;324;1
15.02.2016;334;1
16.02.2016;346;1
17.02.2016;357;1
18.02.2016;358;1
19.02.2016;355;1
22.02.2016;350;1
23.02.2016;346;1
24.02.2016;346;1
25.02.2016;346;1
26.02.2016;352;1
29.02.2016;354;1
01.03.2016;357;1
02.03.2016;364;1
03.03.2016;374;1
04.03.2016;386;1
07.03.2016;397;1
08.03.2016;422;1
09.03.2016;447;1
10.03.2016;466;1
11.03.2016;477;1
14.03.2016;481;1
15.03.2016;481;1
16.03.2016;474;1
17.03.2016;467;1
18.03.2016;463;1
21.03.2016;459;1
22.03.2016;455;1
23.03.2016;458;1
24.03.2016;466;1
29.03.2016;471;1
30.03.2016;484;1
31.03.2016;501;1
01.04.2016;535;1
04.04.2016;563;1
05.04.2016;596;1
06.04.2016;619;1
07.04.2016;627;1
08.04.2016;643;1
11.04.2016;654;1
12.04.2016;666;1
13.04.2016;678;1
14.04.2016;700;1
15.04.2016;727;1
18.04.2016;740;1
19.04.2016;746;1
20.04.2016;747;1
21.04.2016;743;1
22.04.2016;736;1
25.04.2016;727;1
26.04.2016;718;1
27.04.2016;704;1
28.04.2016;685;1
29.04.2016;667;1
03.05.2016;640;1
04.05.2016;621;1
05.05.2016;607;1
06.05.2016;591;1
09.05.2016;584;1
10.05.2016;581;1
11.05.2016;583;1
12.05.2016;589;1
13.05.2016;597;1
16.05.2016;598;1
17.05.2016;604;1
18.05.2016;611;1
19.05.2016;617;1
20.05.2016;614;1
23.05.2016;611;1
24.05.2016;608;1
25.05.2016;596;1
26.05.2016;586;1
27.05.2016;582;1
31.05.2016;574;1
01.06.2016;568;1
02.06.2016;560;1
03.06.2016;550;1
06.06.2016;544;1
07.06.2016;542;1
08.06.2016;540;1
09.06.2016;543;1
10.06.2016;543;1
13.06.2016;542;1
14.06.2016;543;1
15.06.2016;545;1
16.06.2016;545;1
17.06.2016;546;1
20.06.2016;546;1
21.06.2016;548;1
22.06.2016;556;1
23.06.2016;569;1
24.06.2016;585;1
27.06.2016;601;1
28.06.2016;618;1
29.06.2016;634;1
30.06.2016;662;1
01.07.2016;691;1
04.07.2016;710;1
05.07.2016;735;1
06.07.2016;755;1
07.07.2016;779;1
08.07.2016;792;1
11.07.2016;799;1
12.07.2016;809;1
13.07.2016;819;1
14.07.2016;842;1
15.07.2016;863;1
18.07.2016;874;1
19.07.2016;879;1
20.07.2016;872;1
21.07.2016;850;1
22.07.2016;827;1
25.07.2016;806;1
26.07.2016;784;1
27.07.2016;752;1
28.07.2016;719;1
29.07.2016;692;1
01.08.2016;673;1
02.08.2016;658;1
03.08.2016;648;1
04.08.2016;641;1
05.08.2016;640;1
08.08.2016;638;1
09.08.2016;642;1
10.08.2016;659;1
11.08.2016;687;1
12.08.2016;703;1
15.08.2016;713;1
16.08.2016;721;1
17.08.2016;726;1
18.08.2016;727;1
19.08.2016;727;1
22.08.2016;721;1
23.08.2016;714;1
24.08.2016;706;1
25.08.2016;700;1
26.08.2016;687;1
30.08.2016;674;1
31.08.2016;660;1
01.09.2016;652;1
02.09.2016;644;1
05.09.2016;640;1
06.09.2016;641;1
07.09.2016;648;1
08.09.2016;655;1
09.09.2016;658;1
12.09.2016;659;1
13.09.2016;656;1
14.09.2016;649;1
15.09.2016;645;1
16.09.2016;646;1
19.09.2016;650;1
20.09.2016;657;1
21.09.2016;673;1
22.09.2016;700;1
23.09.2016;722;1
26.09.2016;739;1
27.09.2016;750;1
28.09.2016;751;1
29.09.2016;741;1
30.09.2016;726;1
03.10.2016;713;1
04.10.2016;705;1
05.10.2016;699;1
06.10.2016;704;1
07.10.2016;717;1
10.10.2016;729;1
11.10.2016;745;1
12.10.2016;763;1
13.10.2016;790;1
14.10.2016;819;1
17.10.2016;838;1
18.10.2016;860;1
19.10.2016;885;1
20.10.2016;905;1
21.10.2016;915;1
24.10.2016;923;1
25.10.2016;925;1
26.10.2016;925;1
27.10.2016;921;1
28.10.2016;913;1
31.10.2016;905;1
01.11.2016;895;1
02.11.2016;885;1
03.11.2016;886;1
04.11.2016;885;1
07.11.2016;889;1
08.11.2016;903;1
09.11.2016;927;1
10.11.2016;956;1
11.11.2016;1011;1
14.11.2016;1058;1
15.11.2016;1162;1
16.11.2016;1263;1
17.11.2016;1353;1
18.11.2016;1388;1
21.11.2016;1387;1
22.11.2016;1382;1
23.11.2016;1387;1
24.11.2016;1385;1
25.11.2016;1389;1
28.11.2016;1400;1
29.11.2016;1424;1
30.11.2016;1465;1
01.12.2016;1486;1
02.12.2016;1508;1
05.12.2016;1541;1
06.12.2016;1563;1
07.12.2016;1565;1
08.12.2016;1547;1
09.12.2016;1508;1
12.12.2016;1469;1
13.12.2016;1419;1
14.12.2016;1332;1
15.12.2016;1234;1
16.12.2016;1126;1
19.12.2016;1037;1
20.12.2016;976;1
21.12.2016;905;1
22.12.2016;866;1
23.12.2016;852;1
03.01.2017;811;1
04.01.2017;807;1
05.01.2017;837;1
06.01.2017;892;1
09.01.2017;927;1
10.01.2017;973;1
11.01.2017;1021;1
12.01.2017;1038;1
13.01.2017;1042;1
16.01.2017;1039;1
17.01.2017;1019;1
18.01.2017;998;1
19.01.2017;981;1
20.01.2017;970;1
23.01.2017;962;1
24.01.2017;964;1
25.01.2017;972;1
26.01.2017;973;1
27.01.2017;968;1
30.01.2017;964;1
31.01.2017;951;1
01.02.2017;933;1
02.02.2017;926;1
03.02.2017;922;1
06.02.2017;922;1
07.02.2017;931;1
08.02.2017;934;1
09.02.2017;940;1
10.02.2017;943;1
13.02.2017;944;1
14.02.2017;939;1
15.02.2017;933;1
16.02.2017;923;1
17.02.2017;917;1
20.02.2017;909;1
21.02.2017;906;1
22.02.2017;908;1
23.02.2017;927;1
24.02.2017;947;1
27.02.2017;966;1
28.02.2017;995;1
01.03.2017;1041;1
02.03.2017;1084;1
03.03.2017;1118;1
06.03.2017;1154;1
07.03.2017;1194;1
08.03.2017;1220;1
09.03.2017;1220;1
10.03.2017;1211;1
13.03.2017;1207;1
14.03.2017;1185;1
15.03.2017;1150;1
16.03.2017;1129;1
17.03.2017;1108;1
20.03.2017;1103;1
21.03.2017;1101;1
22.03.2017;1119;1
23.03.2017;1170;1
24.03.2017;1218;1
27.03.2017;1253;1
28.03.2017;1306;1
29.03.2017;1346;1
30.03.2017;1366;1
31.03.2017;1374;1
03.04.2017;1379;1
04.04.2017;1377;1
05.04.2017;1371;1
06.04.2017;1387;1
07.04.2017;1427;1
10.04.2017;1466;1
11.04.2017;1533;1
12.04.2017;1583;1
13.04.2017;1611;1
18.04.2017;1621;1
19.04.2017;1612;1
20.04.2017;1553;1
21.04.2017;1494;1
24.04.2017;1429;1
25.04.2017;1371;1
26.04.2017;1320;1
27.04.2017;1260;1
28.04.2017;1187;1
02.05.2017;1140;1
03.05.2017;1096;1
04.05.2017;1048;1
05.05.2017;1023;1
08.05.2017;1009;1
09.05.2017;1007;1
10.05.2017;1011;1
11.05.2017;1006;1
12.05.2017;992;1
15.05.2017;978;1
16.05.2017;956;1
17.05.2017;925;1
18.05.2017;894;1
19.05.2017;870;1
22.05.2017;854;1
23.05.2017;850;1
24.05.2017;849;1
25.05.2017;848;1
26.05.2017;845;1
30.05.2017;842;1
31.05.2017;829;1
01.06.2017;810;1
02.06.2017;792;1
05.06.2017;789;1
06.06.2017;783;1
07.06.2017;783;1
08.06.2017;793;1
09.06.2017;813;1
12.06.2017;833;1
13.06.2017;865;1
14.06.2017;903;1
15.06.2017;938;1
16.06.2017;964;1
19.06.2017;984;1
20.06.2017;1017;1
21.06.2017;1070;1
22.06.2017;1109;1
23.06.2017;1138;1
26.06.2017;1145;1
27.06.2017;1151;1
28.06.2017;1150;1
29.06.2017;1119;1
30.06.2017;1091;1
03.07.2017;1068;1
04.07.2017;1062;1
05.07.2017;1060;1
06.07.2017;1063;1
07.07.2017;1062;1
10.07.2017;1061;1
11.07.2017;1069;1
12.07.2017;1098;1
13.07.2017;1141;1
14.07.2017;1173;1
17.07.2017;1202;1
18.07.2017;1226;1
19.07.2017;1252;1
20.07.2017;1260;1
21.07.2017;1258;1
24.07.2017;1248;1
25.07.2017;1225;1
26.07.2017;1192;1
27.07.2017;1146;1
28.07.2017;1109;1
31.07.2017;1095;1
01.08.2017;1098;1
02.08.2017;1118;1
03.08.2017;1143;1
04.08.2017;1153;1
07.08.2017;1158;1
08.08.2017;1170;1
09.08.2017;1192;1
10.08.2017;1228;1
11.08.2017;1256;1
14.08.2017;1272;1
15.08.2017;1289;1
16.08.2017;1310;1
17.08.2017;1336;1
18.08.2017;1345;1
21.08.2017;1349;1
22.08.2017;1345;1
23.08.2017;1311;1
24.08.2017;1259;1
25.08.2017;1235;1
29.08.2017;1215;1
30.08.2017;1195;1
31.08.2017;1189;1
01.09.2017;1198;1
04.09.2017;1227;1
05.09.2017;1275;1
06.09.2017;1314;1
07.09.2017;1351;1
08.09.2017;1375;1
11.09.2017;1394;1
12.09.2017;1429;1
13.09.2017;1464;1
14.09.2017;1499;1
15.09.2017;1521;1
18.09.2017;1529;1
19.09.2017;1536;1
20.09.2017;1531;1
21.09.2017;1514;1
22.09.2017;1493;1
25.09.2017;1474;1
26.09.2017;1446;1
27.09.2017;1406;1
28.09.2017;1352;1
29.09.2017;1308;1
02.10.2017;1268;1
03.10.2017;1247;1
04.10.2017;1276;1
05.10.2017;1345;1
06.10.2017;1406;1
09.10.2017;1438;1
10.10.2017;1465;1
11.10.2017;1504;1
12.10.2017;1556;1
13.10.2017;1606;1
16.10.2017;1637;1
17.10.2017;1651;1
18.10.2017;1646;1
19.10.2017;1648;1
20.10.2017;1643;1
23.10.2017;1642;1
24.10.2017;1626;1
25.10.2017;1592;1
26.10.2017;1553;1
27.10.2017;1517;1
30.10.2017;1498;1
31.10.2017;1492;1
01.11.2017;1503;1
02.11.2017;1539;1
03.11.2017;1562;1
06.11.2017;1567;1
07.11.2017;1558;1
08.11.2017;1515;1
09.11.2017;1468;1
10.11.2017;1418;1
13.11.2017;1387;1
14.11.2017;1346;1
15.11.2017;1320;1
16.11.2017;1298;1
17.11.2017;1285;1
20.11.2017;1280;1
21.11.2017;1275;1
22.11.2017;1281;1
23.11.2017;1284;1
24.11.2017;1295;1
27.11.2017;1299;1
28.11.2017;1320;1
29.11.2017;1368;1
30.11.2017;1433;1
01.12.2017;1494;1
04.12.2017;1559;1
05.12.2017;1571;1
06.12.2017;1563;1
07.12.2017;1564;1
08.12.2017;1588;1
11.12.2017;1624;1
12.12.2017;1672;1
13.12.2017;1718;1
14.12.2017;1714;1
15.12.2017;1677;1
18.12.2017;1643;1
19.12.2017;1593;1
20.12.2017;1546;1
21.12.2017;1445;1
22.12.2017;1395;1
02.01.2018;1340;1
03.01.2018;1332;1
04.01.2018;1365;1
05.01.2018;1400;1
08.01.2018;1424;1
09.01.2018;1428;1
10.01.2018;1404;1
11.01.2018;1371;1
12.01.2018;1348;1
15.01.2018;1340;1
16.01.2018;1329;1
17.01.2018;1317;1
18.01.2018;1311;1
19.01.2018;1333;1
22.01.2018;1362;1
23.01.2018;1404;1
24.01.2018;1456;1
25.01.2018;1481;1
26.01.2018;1492;1
29.01.2018;1485;1
30.01.2018;1450;1
31.01.2018;1411;1
01.02.2018;1378;1
02.02.2018;1359;1
05.02.2018;1339;1
06.02.2018;1316;1
07.02.2018;1293;1
08.02.2018;1263;1
09.02.2018;1250;1
12.02.2018;1237;1
13.02.2018;1228;1
14.02.2018;1231;1
15.02.2018;1251;1
16.02.2018;1273;1
19.02.2018;1294;1
20.02.2018;1333;1
21.02.2018;1388;1
22.02.2018;1438;1
23.02.2018;1481;1
26.02.2018;1504;1
27.02.2018;1513;1
28.02.2018;1513;1
01.03.2018;1505;1
02.03.2018;1500;1
05.03.2018;1502;1
06.03.2018;1528;1
07.03.2018;1553;1
08.03.2018;1590;1
09.03.2018;1615;1
12.03.2018;1624;1
13.03.2018;1623;1
14.03.2018;1623;1
15.03.2018;1619;1
16.03.2018;1618;1
19.03.2018;1621;1
20.03.2018;1615;1
21.03.2018;1606;1
22.03.2018;1593;1
23.03.2018;1587;1
26.03.2018;1575;1
27.03.2018;1552;1
28.03.2018;1520;1
29.03.2018;1495;1
03.04.2018;1455;1
04.04.2018;1397;1
05.04.2018;1343;1
06.04.2018;1317;1
09.04.2018;1315;1
10.04.2018;1319;1
11.04.2018;1325;1
12.04.2018;1335;1
13.04.2018;1351;1
16.04.2018;1359;1
17.04.2018;1353;1
18.04.2018;1329;1
19.04.2018;1306;1
20.04.2018;1289;1
23.04.2018;1281;1
24.04.2018;1269;1
25.04.2018;1264;1
26.04.2018;1272;1
27.04.2018;1275;1
30.04.2018;1276;1
01.05.2018;1271;1
02.05.2018;1271;1
03.05.2018;1266;1
04.05.2018;1265;1
08.05.2018;1257;1
09.05.2018;1253;1
10.05.2018;1246;1
11.05.2018;1245;1
14.05.2018;1240;1
15.05.2018;1237;1
16.05.2018;1237;1
17.05.2018;1239;1
18.05.2018;1241;1
21.05.2018;1243;1
22.05.2018;1239;1
23.05.2018;1222;1
24.05.2018;1202;1
25.05.2018;1187;1
29.05.2018;1163;1
30.05.2018;1149;1
31.05.2018;1160;1
01.06.2018;1192;1
04.06.2018;1217;1
05.06.2018;1250;1
06.06.2018;1290;1
07.06.2018;1344;1
08.06.2018;1418;1
11.06.2018;1451;1
12.06.2018;1474;1
13.06.2018;1488;1
14.06.2018;1498;1
15.06.2018;1495;1
18.06.2018;1482;1
19.06.2018;1458;1
20.06.2018;1419;1
21.06.2018;1382;1
22.06.2018;1355;1
25.06.2018;1339;1
26.06.2018;1321;1
27.06.2018;1324;1
28.06.2018;1331;1
29.06.2018;1336;1
02.07.2018;1338;1
03.07.2018;1336;1
04.07.2018;1334;1
05.07.2018;1339;1
06.07.2018;1347;1
09.07.2018;1367;1
10.07.2018;1431;1
11.07.2018;1498;1
12.07.2018;1517;1
13.07.2018;1527;1
16.07.2018;1529;1
17.07.2018;1530;1
18.07.2018;1529;1
19.07.2018;1538;1
20.07.2018;1557;1
23.07.2018;1566;1
24.07.2018;1581;1
25.07.2018;1588;1
26.07.2018;1583;1
27.07.2018;1588;1
30.07.2018;1587;1
31.07.2018;1570;1
01.08.2018;1539;1
02.08.2018;1491;1
03.08.2018;1447;1
06.08.2018;1420;1
07.08.2018;1386;1
08.08.2018;1365;1
09.08.2018;1349;1
10.08.2018;1339;1
13.08.2018;1339;1
14.08.2018;1362;1
15.08.2018;1403;1
16.08.2018;1447;1
17.08.2018;1485;1
20.08.2018;1506;1
21.08.2018;1530;1
22.08.2018;1560;1
23.08.2018;1607;1
24.08.2018;1630;1
28.08.2018;1643;1
29.08.2018;1639;1
30.08.2018;1608;1
31.08.2018;1571;1
03.09.2018;1540;1
04.09.2018;1517;1
05.09.2018;1504;1
06.09.2018;1516;1
07.09.2018;1528;1
10.09.2018;1544;1
11.09.2018;1556;1
12.09.2018;1550;1
13.09.2018;1534;1
14.09.2018;1523;1
17.09.2018;1518;1
18.09.2018;1525;1
19.09.2018;1530;1
20.09.2018;1557;1
21.09.2018;1586;1
24.09.2018;1609;1
25.09.2018;1639;1
26.09.2018;1677;1
27.09.2018;1689;1
28.09.2018;1695;1
01.10.2018;1692;1
02.10.2018;1678;1
03.10.2018;1679;1
04.10.2018;1706;1
05.10.2018;1727;1
08.10.2018;1749;1
09.10.2018;1747;1
10.10.2018;1749;1
11.10.2018;1763;1
12.10.2018;1775;1
15.10.2018;1779;1
16.10.2018;1793;1
17.10.2018;1796;1
18.10.2018;1789;1
19.10.2018;1775;1
22.10.2018;1756;1
23.10.2018;1715;1
24.10.2018;1669;1
25.10.2018;1622;1
26.10.2018;1583;1
29.10.2018;1556;1
30.10.2018;1530;1
31.10.2018;1524;1
01.11.2018;1526;1
02.11.2018;1530;1
05.11.2018;1531;1
06.11.2018;1528;1
07.11.2018;1511;1
08.11.2018;1496;1
09.11.2018;1495;1
12.11.2018;1496;1
13.11.2018;1498;1
14.11.2018;1484;1
15.11.2018;1466;1
16.11.2018;1453;1
19.11.2018;1437;1
20.11.2018;1416;1
21.11.2018;1393;1
22.11.2018;1378;1
23.11.2018;1376;1
26.11.2018;1389;1
27.11.2018;1416;1
28.11.2018;1444;1
29.11.2018;1455;1
30.11.2018;1463;1
03.12.2018;1469;1
04.12.2018;1474;1
05.12.2018;1472;1
06.12.2018;1473;1
07.12.2018;1469;1
10.12.2018;1464;1
11.12.2018;1454;1
12.12.2018;1445;1
13.12.2018;1459;1
14.12.2018;1478;1
17.12.2018;1490;1
18.12.2018;1494;1
19.12.2018;1492;1
20.12.2018;1473;1
21.12.2018;1437;1
24.12.2018;1421;1
02.01.2019;1391;1
03.01.2019;1365;1
04.01.2019;1331;1
07.01.2019;1300;1
08.01.2019;1257;1
09.01.2019;1218;1
10.01.2019;1170;1
11.01.2019;1137;1
14.01.2019;1118;1
15.01.2019;1104;1
16.01.2019;1079;1
17.01.2019;1045;1
18.01.2019;1018;1
21.01.2019;991;1
22.01.2019;950;1
23.01.2019;893;1
24.01.2019;828;1
25.01.2019;748;1
28.01.2019;687;1
29.01.2019;644;1
30.01.2019;612;1
31.01.2019;574;1
01.02.2019;560;1
04.02.2019;552;1
05.02.2019;553;1
06.02.2019;553;1
07.02.2019;561;1
08.02.2019;574;1
11.02.2019;586;1
12.02.2019;600;1
13.02.2019;611;1
14.02.2019;619;1
15.02.2019;624;1
18.02.2019;628;1
19.02.2019;639;1
20.02.2019;649;1
21.02.2019;657;1
22.02.2019;666;1
25.02.2019;685;1
26.02.2019;713;1
27.02.2019;752;1
28.02.2019;813;1
01.03.2019;863;1
04.03.2019;900;1
05.03.2019;924;1
06.03.2019;938;1
07.03.2019;926;1
08.03.2019;894;1
11.03.2019;866;1
12.03.2019;839;1
13.03.2019;823;1
14.03.2019;841;1
15.03.2019;883;1
18.03.2019;905;1
19.03.2019;922;1
20.03.2019;962;1
21.03.2019;1009;1
22.03.2019;1027;1
25.03.2019;1036;1
26.03.2019;1053;1
27.03.2019;1056;1
28.03.2019;1087;1
29.03.2019;1102;1
01.04.2019;1110;1
02.04.2019;1120;1
03.04.2019;1127;1
04.04.2019;1124;1
05.04.2019;1114;1
08.04.2019;1101;1
09.04.2019;1085;1
10.04.2019;1074;1
11.04.2019;1071;1
12.04.2019;1073;1
15.04.2019;1092;1
16.04.2019;1119;1
17.04.2019;1147;1
18.04.2019;1162;1
23.04.2019;1171;1
24.04.2019;1177;1
25.04.2019;1182;1
26.04.2019;1186;1
29.04.2019;1189;1
30.04.2019;1188;1
01.05.2019;1187;1
02.05.2019;1189;1
03.05.2019;1190;1
07.05.2019;1189;1
08.05.2019;1188;1
09.05.2019;1193;1
10.05.2019;1198;1
13.05.2019;1211;1
14.05.2019;1229;1
15.05.2019;1243;1
16.05.2019;1252;1
17.05.2019;1255;1
20.05.2019;1256;1
21.05.2019;1258;1
22.05.2019;1268;1
23.05.2019;1287;1
24.05.2019;1304;1
28.05.2019;1322;1
29.05.2019;1337;1
30.05.2019;1340;1
31.05.2019;1335;1
03.06.2019;1325;1
04.06.2019;1304;1
05.06.2019;1285;1
06.06.2019;1246;1
07.06.2019;1213;1
10.06.2019;1187;1
11.06.2019;1166;1
12.06.2019;1149;1
13.06.2019;1137;1
14.06.2019;1131;1
17.06.2019;1125;1
18.06.2019;1117;1
19.06.2019;1110;1
20.06.2019;1101;1
21.06.2019;1096;1
24.06.2019;1111;1
25.06.2019;1150;1
26.06.2019;1191;1
27.06.2019;1243;1
28.06.2019;1286;1
01.07.2019;1317;1
02.07.2019;1370;1
03.07.2019;1433;1
04.07.2019;1569;1
05.07.2019;1665;1
08.07.2019;1695;1
09.07.2019;1739;1
10.07.2019;1791;1
11.07.2019;1881;1
12.07.2019;1945;1
15.07.2019;1992;1
16.07.2019;2052;1
17.07.2019;2085;1
18.07.2019;2134;1
19.07.2019;2170;1
22.07.2019;2201;1
23.07.2019;2219;1
24.07.2019;2209;1
25.07.2019;2180;1
26.07.2019;2109;1
29.07.2019;2050;1
30.07.2019;1969;1
31.07.2019;1891;1
01.08.2019;1818;1
02.08.2019;1779;1
05.08.2019;1753;1
06.08.2019;1759;1
07.08.2019;1791;1
08.08.2019;1839;1
09.08.2019;1898;1
12.08.2019;1932;1
13.08.2019;1999;1
14.08.2019;2089;1
15.08.2019;2150;1
16.08.2019;2169;1
19.08.2019;2174;1
20.08.2019;2161;1
21.08.2019;2163;1
22.08.2019;2181;1
23.08.2019;2196;1
27.08.2019;2218;1
28.08.2019;2235;1
29.08.2019;2249;1
30.08.2019;2260;1
02.09.2019;2262;1
03.09.2019;2261;1
04.09.2019;2250;1
05.09.2019;2234;1
06.09.2019;2216;1
09.09.2019;2191;1
10.09.2019;2161;1
11.09.2019;2144;1
12.09.2019;2129;1
13.09.2019;2133;1
16.09.2019;2133;1
17.09.2019;2121;1
18.09.2019;2089;1
19.09.2019;2052;1
20.09.2019;2013;1
23.09.2019;1978;1
24.09.2019;1939;1
25.09.2019;1900;1
26.09.2019;1846;1
27.09.2019;1804;1
30.09.2019;1766;1
01.10.2019;1745;1
02.10.2019;1725;1
03.10.2019;1722;1
04.10.2019;1731;1
07.10.2019;1748;1
08.10.2019;1804;1
09.10.2019;1852;1
10.10.2019;1899;1
11.10.2019;1916;1
14.10.2019;1928;1
15.10.2019;1918;1
16.10.2019;1888;1
17.10.2019;1861;1
18.10.2019;1840;1
21.10.2019;1819;1
22.10.2019;1795;1
23.10.2019;1770;1
24.10.2019;1748;1
25.10.2019;1695;1
28.10.2019;1646;1
29.10.2019;1608;1
30.10.2019;1574;1
31.10.2019;1543;1
01.11.2019;1513;1
04.11.2019;1477;1
05.11.2019;1436;1
06.11.2019;1385;1
07.11.2019;1340;1
08.11.2019;1290;1
11.11.2019;1246;1
12.11.2019;1207;1
13.11.2019;1170;1
14.11.2019;1137;1
15.11.2019;1118;1
18.11.2019;1112;1
19.11.2019;1116;1
20.11.2019;1127;1
21.11.2019;1129;1
22.11.2019;1129;1
25.11.2019;1119;1
26.11.2019;1111;1
27.11.2019;1121;1
28.11.2019;1167;1
29.11.2019;1225;1
02.12.2019;1282;1
03.12.2019;1315;1
04.12.2019;1326;1
05.12.2019;1336;1
06.12.2019;1347;1
09.12.2019;1359;1
10.12.2019;1395;1
11.12.2019;1443;1
12.12.2019;1459;1
13.12.2019;1467;1
16.12.2019;1465;1
17.12.2019;1421;1
18.12.2019;1340;1
19.12.2019;1265;1
20.12.2019;1201;1
23.12.2019;1154;1
24.12.2019;1117;1
02.01.2020;1003;1
03.01.2020;949;1
06.01.2020;890;1
07.01.2020;845;1
08.01.2020;803;1
09.01.2020;785;1
10.01.2020;771;1
13.01.2020;759;1
14.01.2020;767;1
15.01.2020;825;1
16.01.2020;859;1
17.01.2020;870;1
20.01.2020;866;1
21.01.2020;824;1
22.01.2020;760;1
23.01.2020;714;1
24.01.2020;691;1
27.01.2020;673;1
28.01.2020;651;1
29.01.2020;627;1
30.01.2020;595;1
31.01.2020;574;1
03.02.2020;546;1
04.02.2020;526;1
05.02.2020;520;1
06.02.2020;530;1
07.02.2020;541;1
10.02.2020;546;1
11.02.2020;557;1
12.02.2020;582;1
13.02.2020;612;1
14.02.2020;636;1
17.02.2020;657;1
18.02.2020;690;1
19.02.2020;722;1
20.02.2020;755;1
21.02.2020;787;1
24.02.2020;811;1
25.02.2020;830;1
26.02.2020;859;1
27.02.2020;886;1
28.02.2020;905;1
02.03.2020;915;1
03.03.2020;935;1
04.03.2020;961;1
05.03.2020;1026;1
06.03.2020;1068;1
09.03.2020;1067;1
10.03.2020;1064;1
11.03.2020;1057;1
12.03.2020;1035;1
13.03.2020;1007;1
16.03.2020;970;1
17.03.2020;930;1
18.03.2020;886;1
19.03.2020;850;1
20.03.2020;807;1
23.03.2020;774;1
24.03.2020;746;1
25.03.2020;720;1
26.03.2020;715;1
27.03.2020;729;1
30.03.2020;732;1
31.03.2020;757;1
01.04.2020;783;1
02.04.2020;792;1
03.04.2020;797;1
06.04.2020;801;1
07.04.2020;800;1
08.04.2020;805;1
09.04.2020;813;1
14.04.2020;818;1
15.04.2020;820;1
16.04.2020;821;1
17.04.2020;825;1
20.04.2020;822;1
21.04.2020;804;1
22.04.2020;778;1
23.04.2020;759;1
24.04.2020;747;1
27.04.2020;741;1
28.04.2020;731;1
29.04.2020;720;1
30.04.2020;711;1
01.05.2020;704;1
04.05.2020;702;1
05.05.2020;692;1
06.05.2020;678;1
07.05.2020;667;1
11.05.2020;658;1
12.05.2020;645;1
13.05.2020;628;1
14.05.2020;614;1
15.05.2020;603;1
18.05.2020;599;1
19.05.2020;599;1
20.05.2020;607;1
21.05.2020;623;1
22.05.2020;635;1
26.05.2020;656;1
27.05.2020;689;1
28.05.2020;720;1
29.05.2020;754;1
01.06.2020;777;1
02.06.2020;795;1
03.06.2020;809;1
04.06.2020;815;1
05.06.2020;814;1
08.06.2020;809;1
09.06.2020;799;1
10.06.2020;796;1
11.06.2020;821;1
12.06.2020;852;1
15.06.2020;884;1
16.06.2020;949;1
17.06.2020;1019;1
18.06.2020;1117;1
19.06.2020;1178;1
22.06.2020;1204;1
23.06.2020;1222;1
24.06.2020;1245;1
25.06.2020;1253;1
26.06.2020;1256;1
29.06.2020;1256;1
30.06.2020;1257;1
01.07.2020;1255;1
02.07.2020;1257;1
03.07.2020;1316;1
06.07.2020;1376;1
07.07.2020;1457;1
08.07.2020;1517;1
09.07.2020;1557;1
10.07.2020;1587;1
13.07.2020;1597;1
14.07.2020;1597;1
15.07.2020;1579;1
16.07.2020;1544;1
17.07.2020;1504;1
20.07.2020;1465;1
21.07.2020;1415;1
22.07.2020;1335;1
23.07.2020;1263;1
24.07.2020;1198;1
27.07.2020;1161;1
28.07.2020;1136;1
29.07.2020;1166;1
30.07.2020;1203;1
31.07.2020;1227;1
03.08.2020;1254;1
04.08.2020;1316;1
05.08.2020;1410;1
06.08.2020;1494;1
07.08.2020;1563;1
10.08.2020;1600;1
11.08.2020;1671;1
12.08.2020;1747;1
13.08.2020;1797;1
14.08.2020;1824;1
17.08.2020;1819;1
18.08.2020;1798;1
19.08.2020;1757;1
20.08.2020;1700;1
21.08.2020;1653;1
24.08.2020;1632;1
25.08.2020;1629;1
26.08.2020;1616;1
27.08.2020;1619;1
28.08.2020;1617;1
01.09.2020;1604;1
02.09.2020;1568;1
03.09.2020;1515;1
04.09.2020;1473;1
07.09.2020;1449;1
08.09.2020;1414;1
09.09.2020;1370;1
10.09.2020;1337;1
11.09.2020;1313;1
14.09.2020;1300;1
15.09.2020;1296;1
16.09.2020;1299;1
17.09.2020;1305;1
18.09.2020;1315;1
21.09.2020;1321;1
22.09.2020;1326;1
23.09.2020;1339;1
24.09.2020;1361;1
25.09.2020;1380;1
28.09.2020;1390;1
29.09.2020;1391;1
30.09.2020;1374;1
01.10.2020;1364;1
02.10.2020;1373;1
05.10.2020;1383;1
06.10.2020;1394;1
07.10.2020;1410;1
08.10.2020;1428;1
09.10.2020;1439;1
12.10.2020;1443;1
13.10.2020;1436;1
14.10.2020;1413;1
15.10.2020;1365;1
16.10.2020;1323;1
19.10.2020;1298;1
20.10.2020;1273;1
21.10.2020;1257;1
22.10.2020;1255;1
23.10.2020;1274;1
26.10.2020;1291;1
27.10.2020;1295;1
28.10.2020;1300;1
29.10.2020;1297;1
30.10.2020;1289;1
02.11.2020;1275;1
03.11.2020;1250;1
04.11.2020;1231;1
05.11.2020;1209;1
06.11.2020;1190;1
09.11.2020;1181;1
10.11.2020;1170;1
11.11.2020;1165;1
12.11.2020;1177;1
13.11.2020;1198;1
16.11.2020;1214;1
17.11.2020;1252;1
18.11.2020;1291;1
19.11.2020;1326;1
20.11.2020;1353;1
23.11.2020;1384;1
24.11.2020;1398;1
25.11.2020;1413;1
26.11.2020;1426;1
27.11.2020;1429;1
30.11.2020;1427;1
01.12.2020;1410;1
02.12.2020;1379;1
03.12.2020;1345;1
04.12.2020;1331;1
07.12.2020;1325;1
08.12.2020;1344;1
09.12.2020;1388;1
10.12.2020;1427;1
11.12.2020;1465;1
14.12.2020;1485;1
15.12.2020;1491;1
16.12.2020;1466;1
17.12.2020;1433;1
18.12.2020;1402;1
21.12.2020;1377;1
22.12.2020;1352;1
23.12.2020;1333;1
24.12.2020;1325;1
04.01.2021;1364;1
05.01.2021;1422;1
06.01.2021;1463;1
07.01.2021;1504;1
08.01.2021;1559;1
11.01.2021;1620;1
12.01.2021;1645;1
13.01.2021;1645;1
14.01.2021;1618;1
15.01.2021;1616;1
18.01.2021;1618;1
19.01.2021;1612;1
20.01.2021;1617;1
21.01.2021;1639;1
22.01.2021;1659;1
25.01.2021;1665;1
26.01.2021;1660;1
27.01.2021;1645;1
28.01.2021;1631;1
29.01.2021;1633;1
01.02.2021;1630;1
02.02.2021;1624;1
03.02.2021;1623;1
04.02.2021;1629;1
05.02.2021;1662;1
08.02.2021;1689;1
09.02.2021;1740;1
10.02.2021;1797;1
11.02.2021;1871;1
12.02.2021;1944;1
15.02.2021;1997;1
16.02.2021;2172;1
17.02.2021;2518;1
18.02.2021;2471;1
19.02.2021;2332;1
22.02.2021;2321;1
23.02.2021;2306;1
24.02.2021;2276;1
25.02.2021;2208;1
26.02.2021;2140;1
01.03.2021;2086;1
02.03.2021;2100;1
03.03.2021;2161;1
04.03.2021;2212;1
05.03.2021;2241;1
08.03.2021;2258;1
09.03.2021;2238;1
10.03.2021;2218;1
11.03.2021;2217;1
12.03.2021;2242;1
15.03.2021;2272;1
16.03.2021;2372;1
17.03.2021;2583;1
18.03.2021;2822;1
19.03.2021;2975;1
22.03.2021;3058;1
23.03.2021;2983;1
24.03.2021;2858;1
25.03.2021;2834;1
26.03.2021;2827;1
29.03.2021;2812;1
30.03.2021;2723;1
31.03.2021;2576;1
01.04.2021;2484;1
06.04.2021;2431;1
07.04.2021;2358;1
08.04.2021;2160;1
09.04.2021;2003;1
12.04.2021;1928;1
13.04.2021;1898;1
14.04.2021;2017;1
15.04.2021;2234;1
16.04.2021;2347;1
19.04.2021;2441;1
20.04.2021;2557;1
21.04.2021;2690;1
22.04.2021;2686;1
23.04.2021;2630;1
26.04.2021;2586;1
27.04.2021;2550;1
28.04.2021;2584;1
29.04.2021;2643;1
30.04.2021;2672;1
04.05.2021;2724;1
05.05.2021;2848;1
06.05.2021;2909;1
07.05.2021;2955;1
10.05.2021;3014;1
11.05.2021;3082;1
12.05.2021;3067;1
13.05.2021;3017;1
14.05.2021;2961;1
17.05.2021;2909;1
18.05.2021;2854;1
19.05.2021;2857;1
20.05.2021;2870;1
21.05.2021;2855;1
24.05.2021;2840;1
25.05.2021;2809;1
26.05.2021;2767;1
27.05.2021;2735;1
28.05.2021;2760;1
01.06.2021;2801;1
02.06.2021;2855;1
03.06.2021;2896;1
04.06.2021;2933;1
07.06.2021;2954;1
08.06.2021;2993;1
09.06.2021;3065;1
10.06.2021;3204;1
11.06.2021;3302;1
14.06.2021;3343;1
15.06.2021;3407;1
16.06.2021;3519;1
17.06.2021;3558;1
18.06.2021;3544;1
21.06.2021;3505;1
22.06.2021;3432;1
23.06.2021;3418;1
24.06.2021;3515;1
25.06.2021;3642;1
28.06.2021;3827;1
29.06.2021;4010;1
30.06.2021;4119;1
01.07.2021;4237;1
02.07.2021;4269;1
05.07.2021;4241;1
06.07.2021;4160;1
07.07.2021;4150;1
08.07.2021;4128;1
09.07.2021;4101;1
12.07.2021;4070;1
13.07.2021;3970;1
14.07.2021;3848;1
15.07.2021;3708;1
16.07.2021;3635;1
19.07.2021;3623;1
20.07.2021;3600;1
21.07.2021;3577;1
22.07.2021;3560;1
23.07.2021;3528;1
26.07.2021;3513;1
27.07.2021;3467;1
28.07.2021;3404;1
29.07.2021;3342;1
30.07.2021;3304;1
02.08.2021;3290;1
03.08.2021;3307;1
04.08.2021;3358;1
05.08.2021;3418;1
06.08.2021;3449;1
09.08.2021;3458;1
10.08.2021;3476;1
11.08.2021;3516;1
12.08.2021;3550;1
13.08.2021;3566;1
16.08.2021;3584;1
17.08.2021;3617;1
18.08.2021;3707;1
19.08.2021;3754;1
20.08.2021;3785;1
23.08.2021;3809;1
24.08.2021;3846;1
25.08.2021;3885;1
26.08.2021;3911;1
27.08.2021;3874;1
31.08.2021;3781;1
01.09.2021;3706;1
02.09.2021;3649;1
03.09.2021;3605;1
06.09.2021;3544;1
07.09.2021;3496;1
08.09.2021;3473;1
09.09.2021;3510;1
10.09.2021;3595;1
13.09.2021;3694;1
14.09.2021;3756;1
15.09.2021;3800;1
16.09.2021;3852;1
17.09.2021;3904;1
20.09.2021;3916;1
21.09.2021;3930;1
22.09.2021;3961;1
23.09.2021;3994;1
24.09.2021;4012;1
27.09.2021;4020;1
28.09.2021;4030;1
29.09.2021;4037;1
30.09.2021;4013;1
01.10.2021;3992;1
04.10.2021;3961;1
05.10.2021;3918;1
06.10.2021;3903;1
07.10.2021;3884;1
08.10.2021;3866;1
11.10.2021;3877;1
12.10.2021;3906;1
13.10.2021;3958;1
14.10.2021;4023;1
15.10.2021;4065;1
18.10.2021;4091;1
19.10.2021;4166;1
20.10.2021;4236;1
21.10.2021;4304;1
22.10.2021;4327;1
25.10.2021;4328;1
26.10.2021;4231;1
27.10.2021;4083;1
28.10.2021;3965;1
29.10.2021;3896;1
01.11.2021;3815;1
02.11.2021;3644;1
03.11.2021;3355;1
04.11.2021;3166;1
05.11.2021;3071;1
08.11.2021;3063;1
09.11.2021;3084;1
10.11.2021;3079;1
11.11.2021;3026;1
12.11.2021;2930;1
15.11.2021;2850;1
16.11.2021;2675;1
17.11.2021;2475;1
18.11.2021;2336;1
19.11.2021;2282;1
22.11.2021;2291;1
23.11.2021;2333;1
24.11.2021;2378;1
25.11.2021;2489;1
26.11.2021;2621;1
29.11.2021;2735;1
30.11.2021;2811;1
01.12.2021;2897;1
02.12.2021;3030;1
03.12.2021;3128;1
06.12.2021;3212;1
07.12.2021;3253;1
08.12.2021;3221;1
09.12.2021;3145;1
10.12.2021;3068;1
13.12.2021;2995;1
14.12.2021;2879;1
15.12.2021;2744;1
16.12.2021;2626;1
17.12.2021;2444;1
20.12.2021;2356;1
21.12.2021;2311;1
22.12.2021;2384;1
23.12.2021;2515;1
24.12.2021;2573;1
04.01.2022;2874;1
05.01.2022;3003;1
06.01.2022;3013;1
07.01.2022;2957;1
10.01.2022;2849;1
11.01.2022;2715;1
12.01.2022;2565;1
13.01.2022;2452;1
14.01.2022;2375;1
17.01.2022;2326;1
18.01.2022;2223;1
19.01.2022;2095;1
20.01.2022;2024;1
21.01.2022;2010;1
24.01.2022;2013;1
25.01.2022;1988;1
26.01.2022;1914;1
27.01.2022;1846;1
28.01.2022;1840;1
31.01.2022;1828;1
01.02.2022;1811;1
02.02.2022;1765;1
03.02.2022;1771;1
04.02.2022;1796;1
07.02.2022;1855;1
08.02.2022;1971;1
09.02.2022;2153;1
10.02.2022;2333;1
11.02.2022;2403;1
14.02.2022;2418;1
15.02.2022;2400;1
16.02.2022;2375;1
17.02.2022;2365;1
18.02.2022;2375;1
21.02.2022;2441;1
22.02.2022;2596;1
23.02.2022;2699;1
24.02.2022;2689;1
25.02.2022;2658;1
28.02.2022;2599;1
01.03.2022;2601;1
02.03.2022;2634;1
03.03.2022;2699;1
04.03.2022;2785;1
07.03.2022;2901;1
08.03.2022;3041;1
09.03.2022;3194;1
10.03.2022;3233;1
11.03.2022;3187;1
14.03.2022;3092;1
15.03.2022;2946;1
16.03.2022;2847;1
17.03.2022;2850;1
18.03.2022;2874;1
21.03.2022;2951;1
22.03.2022;3111;1
23.03.2022;3272;1
24.03.2022;3379;1
25.03.2022;3413;1
28.03.2022;3416;1
29.03.2022;3337;1
30.03.2022;3236;1
31.03.2022;3141;1
01.04.2022;3073;1
04.04.2022;3015;1
05.04.2022;2951;1
06.04.2022;2868;1
07.04.2022;2778;1
08.04.2022;2777;1
11.04.2022;2785;1
12.04.2022;2862;1
13.04.2022;2968;1
14.04.2022;3042;1
19.04.2022;3079;1
20.04.2022;3087;1
21.04.2022;3047;1
22.04.2022;3004;1
25.04.2022;2967;1
26.04.2022;2919;1
27.04.2022;2904;1
28.04.2022;2914;1
29.04.2022;2938;1
03.05.2022;2955;1
04.05.2022;3013;1
05.05.2022;3110;1
06.05.2022;3175;1
09.05.2022;3233;1
10.05.2022;3277;1
11.05.2022;3316;1
12.05.2022;3310;1
13.05.2022;3283;1
16.05.2022;3241;1
17.05.2022;3254;1
18.05.2022;3327;1
19.05.2022;3370;1
20.05.2022;3382;1
23.05.2022;3377;1
24.05.2022;3321;1
25.05.2022;3218;1
26.05.2022;3140;1
27.05.2022;3048;1
30.05.2022;2944;1
31.05.2022;2873;1
01.06.2022;2851;1
06.06.2022;2841;1
07.06.2022;2815;1
08.06.2022;2747;1
09.06.2022;2674;1
10.06.2022;2629;1
13.06.2022;2600;1
14.06.2022;2629;1
15.06.2022;2706;1
16.06.2022;2790;1
17.06.2022;2862;1
20.06.2022;2872;1
21.06.2022;2851;1
22.06.2022;2797;1
23.06.2022;2732;1
24.06.2022;2695;1
27.06.2022;2652;1
28.06.2022;2566;1
29.06.2022;2510;1
30.06.2022;2485;1
01.07.2022;2477;1
04.07.2022;2469;1
05.07.2022;2441;1
06.07.2022;2363;1
07.07.2022;2278;1
08.07.2022;2223;1
11.07.2022;2172;1
12.07.2022;2096;1
13.07.2022;2008;1
14.07.2022;1920;1
15.07.2022;1885;1
18.07.2022;1872;1
19.07.2022;1889;1
20.07.2022;1972;1
21.07.2022;2051;1
22.07.2022;2093;1
25.07.2022;2100;1
26.07.2022;2088;1
27.07.2022;2076;1
28.07.2022;2065;1
29.07.2022;2051;1
01.08.2022;2044;1
02.08.2022;2026;1
03.08.2022;2005;1
04.08.2022;1983;1
05.08.2022;1967;1
08.08.2022;1958;1
09.08.2022;1938;1
10.08.2022;1932;1
11.08.2022;1927;1
12.08.2022;1907;1
15.08.2022;1885;1
16.08.2022;1850;1
17.08.2022;1805;1
18.08.2022;1749;1
19.08.2022;1688;1
22.08.2022;1645;1
23.08.2022;1572;1
24.08.2022;1491;1
25.08.2022;1424;1
26.08.2022;1372;1
30.08.2022;1284;1
31.08.2022;1217;1
01.09.2022;1230;1
02.09.2022;1271;1
05.09.2022;1327;1
06.09.2022;1413;1
07.09.2022;1577;1
08.09.2022;1757;1
09.09.2022;1865;1
12.09.2022;1922;1
13.09.2022;2074;1
14.09.2022;2145;1
15.09.2022;2090;1
16.09.2022;1990;1
20.09.2022;2023;1
21.09.2022;2021;1
22.09.2022;1998;1
23.09.2022;1995;1
26.09.2022;1992;1
27.09.2022;1998;1
28.09.2022;2022;1
29.09.2022;2063;1
30.09.2022;2082;1
03.10.2022;2082;1
04.10.2022;2110;1
05.10.2022;2205;1
06.10.2022;2232;1
07.10.2022;2235;1
10.10.2022;2228;1
11.10.2022;2196;1
12.10.2022;2147;1
13.10.2022;2088;1
14.10.2022;2081;1
17.10.2022;2088;1
18.10.2022;2136;1
19.10.2022;2164;1
20.10.2022;2161;1
21.10.2022;2144;1
24.10.2022;2113;1
25.10.2022;2073;1
26.10.2022;2007;1
27.10.2022;1900;1
28.10.2022;1817;1
31.10.2022;1745;1
01.11.2022;1696;1
02.11.2022;1683;1
03.11.2022;1699;1
04.11.2022;1700;1
07.11.2022;1696;1
08.11.2022;1669;1
09.11.2022;1641;1
10.11.2022;1619;1
11.11.2022;1637;1
14.11.2022;1667;1
15.11.2022;1681;1
16.11.2022;1688;1
17.11.2022;1650;1
18.11.2022;1594;1
21.11.2022;1549;1
22.11.2022;1496;1
23.11.2022;1464;1
24.11.2022;1466;1
25.11.2022;1479;1
28.11.2022;1496;1
29.11.2022;1524;1
30.11.2022;1568;1
01.12.2022;1602;1
02.12.2022;1618;1
05.12.2022;1638;1
06.12.2022;1657;1
07.12.2022;1659;1
08.12.2022;1661;1
09.12.2022;1659;1
12.12.2022;1643;1
13.12.2022;1633;1
14.12.2022;1643;1
15.12.2022;1658;1
16.12.2022;1652;1
19.12.2022;1645;1
20.12.2022;1622;1
21.12.2022;1598;1
22.12.2022;1563;1
23.12.2022;1535;1
03.01.2023;1438;1
04.01.2023;1378;1
05.01.2023;1332;1
06.01.2023;1299;1
09.01.2023;1250;1
10.01.2023;1189;1
11.01.2023;1126;1
12.01.2023;1084;1
13.01.2023;1069;1
16.01.2023;1071;1
17.01.2023;1078;1
18.01.2023;1075;1
19.01.2023;1071;1
20.01.2023;1060;1
23.01.2023;1048;1
24.01.2023;1035;1
25.01.2023;1035;1
26.01.2023;1045;1
27.01.2023;1054;1
30.01.2023;1060;1
31.01.2023;1052;1
01.02.2023;1029;1
02.02.2023;988;1
03.02.2023;940;1
06.02.2023;907;1
07.02.2023;867;1
08.02.2023;856;1
09.02.2023;861;1
10.02.2023;864;1
13.02.2023;863;1
14.02.2023;848;1
15.02.2023;830;1
16.02.2023;818;1
17.02.2023;811;1
20.02.2023;809;1
21.02.2023;843;1
22.02.2023;951;1
23.02.2023;1169;1
24.02.2023;1271;1
27.02.2023;1317;1
28.02.2023;1421;1
01.03.2023;1515;1
02.03.2023;1556;1
03.03.2023;1565;1
06.03.2023;1582;1
07.03.2023;1580;1
08.03.2023;1592;1
09.03.2023;1624;1
10.03.2023;1654;1
13.03.2023;1680;1
14.03.2023;1743;1
15.03.2023;1768;1
16.03.2023;1746;1
17.03.2023;1723;1
20.03.2023;1697;1
21.03.2023;1658;1
22.03.2023;1606;1
23.03.2023;1584;1
24.03.2023;1572;1
27.03.2023;1565;1
28.03.2023;1561;1
29.03.2023;1598;1
30.03.2023;1625;1
31.03.2023;1635;1
03.04.2023;1664;1
04.04.2023;1724;1
05.04.2023;1813;1
06.04.2023;1851;1
11.04.2023;1852;1
12.04.2023;1812;1
13.04.2023;1747;1
14.04.2023;1702;1
17.04.2023;1675;1
18.04.2023;1644;1
19.04.2023;1657;1
20.04.2023;1677;1
21.04.2023;1692;1
24.04.2023;1687;1
25.04.2023;1667;1
26.04.2023;1640;1
27.04.2023;1612;1
28.04.2023;1586;1
02.05.2023;1563;1
03.05.2023;1540;1
04.05.2023;1514;1
05.05.2023;1501;1
09.05.2023;1494;1
10.05.2023;1481;1
11.05.2023;1445;1
12.05.2023;1402;1
15.05.2023;1366;1
16.05.2023;1314;1
17.05.2023;1260;1
18.05.2023;1235;1
19.05.2023;1222;1
22.05.2023;1220;1
23.05.2023;1212;1
24.05.2023;1184;1
25.05.2023;1141;1
26.05.2023;1119;1
30.05.2023;1090;1
31.05.2023;1045;1
01.06.2023;1030;1
02.06.2023;1030;1
05.06.2023;1048;1
06.06.2023;1108;1
07.06.2023;1139;1
08.06.2023;1146;1
09.06.2023;1146;1
12.06.2023;1144;1
13.06.2023;1144;1
14.06.2023;1163;1
15.06.2023;1184;1
16.06.2023;1193;1
19.06.2023;1193;1
20.06.2023;1174;1
21.06.2023;1157;1
22.06.2023;1140;1
23.06.2023;1127;1
26.06.2023;1113;1
27.06.2023;1089;1
28.06.2023;1058;1
29.06.2023;1041;1
30.06.2023;1030;1
03.07.2023;1014;1
04.07.2023;988;1
05.07.2023;969;1
06.07.2023;971;1
07.07.2023;984;1
10.07.2023;996;1
11.07.2023;1027;1
12.07.2023;1086;1
13.07.2023;1101;1
14.07.2023;1095;1
17.07.2023;1084;1
18.07.2023;1052;1
19.07.2023;993;1
20.07.2023;945;1
21.07.2023;924;1
24.07.2023;910;1
25.07.2023;895;1
26.07.2023;916;1
27.07.2023;955;1
28.07.2023;975;1
31.07.2023;996;1
01.08.2023;1034;1
02.08.2023;1082;1
03.08.2023;1112;1
04.08.2023;1133;1
07.08.2023;1153;1
08.08.2023;1195;1
09.08.2023;1233;1
10.08.2023;1292;1
11.08.2023;1337;1
14.08.2023;1365;1
15.08.2023;1412;1
16.08.2023;1486;1
17.08.2023;1522;1
18.08.2023;1542;1
21.08.2023;1541;1
22.08.2023;1516;1
23.08.2023;1474;1
24.08.2023;1456;1
25.08.2023;1449;1
29.08.2023;1498;1
30.08.2023;1521;1
31.08.2023;1503;1
01.09.2023;1478;1
04.09.2023;1478;1
05.09.2023;1481;1
06.09.2023;1466;1
07.09.2023;1473;1
08.09.2023;1489;1
11.09.2023;1508;1
12.09.2023;1575;1
13.09.2023;1623;1
14.09.2023;1642;1
15.09.2023;1656;1
18.09.2023;1666;1
19.09.2023;1693;1
20.09.2023;1707;1
21.09.2023;1696;1
22.09.2023;1685;1
25.09.2023;1685;1
26.09.2023;1694;1
27.09.2023;1711;1
28.09.2023;1709;1
29.09.2023;1701;1
02.10.2023;1684;1
03.10.2023;1656;1
04.10.2023;1625;1
05.10.2023;1592;1
06.10.2023;1572;1
09.10.2023;1586;1
10.10.2023;1612;1
11.10.2023;1614;1
12.10.2023;1593;1
13.10.2023;1567;1
16.10.2023;1553;1
17.10.2023;1565;1
18.10.2023;1619;1
19.10.2023;1635;1
20.10.2023;1638;1
23.10.2023;1638;1
24.10.2023;1648;1
25.10.2023;1649;1
26.10.2023;1628;1
27.10.2023;1605;1
30.10.2023;1575;1
31.10.2023;1534;1
01.11.2023;1489;1
02.11.2023;1461;1
03.11.2023;1448;1
06.11.2023;1448;1
07.11.2023;1453;1
08.11.2023;1470;1
09.11.2023;1500;1
10.11.2023;1530;1
13.11.2023;1548;1
14.11.2023;1607;1
15.11.2023;1693;1
16.11.2023;1800;1
17.11.2023;1874;1
20.11.2023;1915;1
21.11.2023;1969;1
22.11.2023;2008;1
23.11.2023;2034;1
24.11.2023;2064;1
27.11.2023;2095;1
28.11.2023;2106;1
29.11.2023;2131;1
30.11.2023;2219;1
01.12.2023;2341;1
04.12.2023;2441;1
05.12.2023;2425;1
06.12.2023;2311;1
07.12.2023;2197;1
08.12.2023;2104;1
11.12.2023;2049;1
12.12.2023;1996;1
13.12.2023;1953;1
14.12.2023;1915;1
15.12.2023;1900;1
18.12.2023;1906;1
19.12.2023;1915;1
20.12.2023;1917;1
21.12.2023;1915;1
22.12.2023;1909;1
02.01.2024;1872;1
03.01.2024;1808;1
04.01.2024;1727;1
05.01.2024;1666;1
08.01.2024;1605;1
09.01.2024;1534;1
10.01.2024;1464;1
11.01.2024;1421;1
12.01.2024;1410;1
15.01.2024;1412;1
16.01.2024;1421;1
17.01.2024;1446;1
18.01.2024;1492;1
19.01.2024;1550;1
22.01.2024;1576;1
23.01.2024;1613;1
24.01.2024;1663;1
25.01.2024;1690;1
26.01.2024;1696;1
29.01.2024;1686;1
30.01.2024;1636;1
31.01.2024;1566;1
01.02.2024;1497;1
02.02.2024;1444;1
05.02.2024;1419;1
06.02.2024;1428;1
07.02.2024;1445;1
08.02.2024;1474;1
09.02.2024;1509;1
12.02.2024;1526;1
