"","Capesize.Bulkcarrier.Fleet...Average.Age..Years.","Panamax.Bulkcarrier.Fleet...Average.Age..Years.","Handymax.Bulkcarrier.Fleet...Average.Age..Years.","Handysize.Bulkcarrier.Fleet...Average.Age..Years."
"31-01-2006",11.0381174337112,11.577050876115,11.2311948073392,19.075963405517
"07-02-2006",11.0393777764868,11.5835322902619,11.2345181344445,19.0819584200076
"14-02-2006",11.0411001709561,11.5961707039099,11.2409416619443,19.0901175052031
"21-02-2006",11.0432846188446,11.6149661297121,11.2504653962706,19.1004406692697
"28-02-2006",11.0459311223383,11.639918586483,11.2630893469562,19.1129279225443
"07-03-2006",11.0499940900242,11.6548176600804,11.2704264816385,19.1199445649195
"14-03-2006",11.0554735259713,11.6596633654201,11.2724768076638,19.1214906034222
"21-03-2006",11.0623694356627,11.6544557073518,11.2692403270831,19.1175660395973
"29-03-2006",11.0706818260022,11.6391946806626,11.2607170366569,19.1081708695152
"05-04-2006",11.0804107053106,11.6138802700757,11.246906927853,19.0933050837732
"12-04-2006",11.081585975179,11.5936224074447,11.2368401178549,19.084428739814
"19-04-2006",11.0742076367793,11.5784210724876,11.2305165965824,19.0815418287392
"26-04-2006",11.0582756827307,11.5682762499906,11.2279363577091,19.0846443476721
"03-05-2006",11.0337900970805,11.5631879297961,11.2290993986486,19.0937362997114
"10-05-2006",11.0165872907131,11.5599192891563,11.2326385660847,19.1008456960597
"17-05-2006",11.0066672464099,11.558470324802,11.2385538635627,19.1059725438379
"24-05-2006",11.0040299542379,11.5588410352809,11.2468452970014,19.1091168481739
"31-05-2006",11.008675411559,11.5610314209647,11.2575128747026,19.1102786122188
"07-06-2006",11.0206036230223,11.5650414840455,11.270556607344,19.1094578371342
"14-06-2006",11.0259094564059,11.5667969150066,11.2801274530201,19.10943039218
"21-06-2006",11.024592917022,11.5662977156063,11.2862254213128,19.110196277333
"28-06-2006",11.0166540035514,11.5635438853429,11.2888505183243,19.1117554933565
"05-07-2006",11.002092708047,11.5585354214605,11.2880027466838,19.1141080418117
"12-07-2006",10.9984591073517,11.5550778688989,11.2873425396658,19.1172538428165
"19-07-2006",11.005753197827,11.5531712241967,11.2868698966097,19.1211928995162
"26-07-2006",11.0239749867754,11.5528154854446,11.2865848170416,19.1259252158578
"02-08-2006",11.0531244924355,11.5540106522864,11.2864873006757,19.1314507965736
"09-08-2006",11.0730856099303,11.5560180708851,11.2900942135037,19.1372858833159
"16-08-2006",11.083858359241,11.5588377432495,11.2974055591359,19.1434304819236
"23-08-2006",11.0854427511494,11.5624696722007,11.3084213448898,19.1498845985436
"30-08-2006",11.0778387872444,11.566913861378,11.3231415817952,19.1566482396433
"06-09-2006",11.0610464599126,11.5721703152273,11.3415662845858,19.1637214119899
"13-09-2006",11.0542469474177,11.5718687713834,11.3568376445397,19.1700861130168
"20-09-2006",11.0574402429539,11.5660092295448,11.3689556769447,19.1757423490999
"27-09-2006",11.0706263497165,11.5545916838448,11.3779203939305,19.1806901258952
"04-10-2006",11.093805280906,11.5376161228553,11.3837318044719,19.1849294483594
"11-10-2006",11.1038987372786,11.5291474527054,11.3888316444195,19.1931253935049
"18-10-2006",11.1009067289336,11.529185664914,11.3932199188741,19.2052779695289
"25-10-2006",11.084829252881,11.537730759524,11.3968966322337,19.2213871886057
"31-10-2006",11.0556662930239,11.5547827450869,11.3998617881763,19.2414530668537
"07-11-2006",11.0358107519504,11.5682705425395,11.402586417129,19.2543427317418
"14-11-2006",11.0252626097876,11.5781941653868,11.4050705218229,19.2600561961759
"21-11-2006",11.0240218559732,11.5845536235602,11.4073141047415,19.2585934658686
"28-11-2006",11.0320884892661,11.587348923427,11.4093171681317,19.2499545393609
"05-12-2006",11.0494625177402,11.5865800677831,11.4110797139973,19.2341394080004
"12-12-2006",11.0647831145702,11.587928497525,11.4150848445149,19.2276135945916
"19-12-2006",11.0780502950949,11.5913942140034,11.4213325636954,19.2303770926036
"26-12-2006",11.0892640725919,11.5969772206853,11.42982287779,19.2424299047997
"02-01-2007",11.098424458291,11.6046775231632,11.4405557953023,19.2637720432496
"09-01-2007",11.1010310365784,11.6112157890509,11.4519082965226,19.2751875960715
"16-01-2007",11.0970838100649,11.6165920248948,11.4638803928176,19.2766765746957
"23-01-2007",11.0865827747983,11.6208062360761,11.4764720961704,19.2682389806109
"30-01-2007",11.0695279202681,11.6238584268147,11.4896834191877,19.2498748053742
"06-02-2007",11.0459192294014,11.6257486001661,11.5035143750944,19.2215840306005
"13-02-2007",11.0313960676537,11.6290092276706,11.5150890018518,19.2052821154094
"20-02-2007",11.025958420488,11.633640312594,11.5244073110473,19.2009690434863
"27-02-2007",11.0296062824579,11.63964185957,11.531469312007,19.2086448105067
"06-03-2007",11.0423396572192,11.6470138746095,11.5362750118039,19.2283094241629
"13-03-2007",11.0523811394779,11.6540131273137,11.5430952833842,19.2460754912538
"20-03-2007",11.0597307392913,11.6606396246949,11.5519301335803,19.2619430295784
"28-03-2007",11.0643884640126,11.6668933733824,11.5627795712323,19.2759120550074
"04-04-2007",11.0663543183072,11.6727743796393,11.5756436072043,19.2879825815352
"11-04-2007",11.0650469336837,11.6756930291212,11.5849757743932,19.2973977550834
"18-04-2007",11.0604663088351,11.6756493247526,11.5907760821436,19.3041575850837
"25-04-2007",11.0526124391751,11.6726432664875,11.5930445362597,19.3082620783007
"02-05-2007",11.0414853168406,11.6666748513169,11.5917811390126,19.3097112388393
"09-05-2007",11.0349829299578,11.6654419304069,11.5908541562321,19.3117630076814
"16-05-2007",11.0331052720126,11.6689445025201,11.5902635869862,19.3144173868686
"23-05-2007",11.0358523411301,11.6771825711656,11.5900094306878,19.3176743790695
"30-05-2007",11.0432241400589,11.6901561445898,11.5900916870813,19.3215339875406
"06-06-2007",11.0552206761775,11.7078652357791,11.5905103562479,19.3259962161455
"13-06-2007",11.0681750135743,11.7214467715584,11.5908456812562,19.3305146188624
"20-06-2007",11.0820871652162,11.7309007655234,11.5910976624408,19.3350892002121
"27-06-2007",11.0969571450311,11.7362272271381,11.5912663000543,19.3397199647769
"04-07-2007",11.1127849679045,11.7374261617347,11.5913515942671,19.3444069171916
"11-07-2007",11.1194101074969,11.7396192696824,11.5892930754899,19.346818930301
"18-07-2007",11.1168325704403,11.7428065531752,11.5850907416622,19.3469560065186
"25-07-2007",11.1050523541573,11.7469880154066,11.5787445885798,19.3448181459869
"01-08-2007",11.084069446851,11.7521636605587,11.5702546098859,19.3404053465611
"08-08-2007",11.0717156381689,11.7573555640928,11.566885969059,19.3383276110655
"15-08-2007",11.0679909157443,11.7625637312049,11.5686386627263,19.3385849374241
"22-08-2007",11.072895275847,11.7677881671083,11.5755126926413,19.3411773258882
"29-08-2007",11.0864287233898,11.7730288770353,11.587508065688,19.3461047790623
"05-09-2007",11.1085912719172,11.7782858662297,11.6046247938714,19.3533673018714
"12-09-2007",11.1260477742952,11.7845823121601,11.6172335617367,19.3568253888962
"19-09-2007",11.1387982479978,11.7919182211289,11.6253343819051,19.3564790435992
"26-09-2007",11.1468427057895,11.8002936004809,11.6289272624864,19.3523282656326
"03-10-2007",11.1501811557216,11.8097084585985,11.628012207076,19.3443730508398
"10-10-2007",11.1564425861804,11.819821265207,11.6294791257869,19.3385746844429
"17-10-2007",11.1656270034296,11.8306320304265,11.6333280200838,19.3349331606291
"24-10-2007",11.1777344166625,11.8421407650782,11.6395588938183,19.3334484757512
"30-10-2007",11.1927648380047,11.8543474806877,11.6481717532336,19.3341206283346
"06-11-2007",11.2107182824967,11.8672521894693,11.6591666069457,19.336949619041
"13-11-2007",11.2223963420787,11.876657192838,11.666733902209,19.3375413676368
"20-11-2007",11.2277990284389,11.8825625002062,11.6708736465952,19.33589587471
"27-11-2007",11.2269263469867,11.8849681174866,11.6715858442506,19.3320131386165
"04-12-2007",11.2197782968476,11.883874047086,11.6688704958867,19.3258931554652
"11-12-2007",11.215331760008,11.8850107992987,11.6710081566305,19.3228239012498
"18-12-2007",11.2135867320172,11.8883783752637,11.6779988286227,19.322805372897
"25-12-2007",11.2145432111268,11.8939767783501,11.6898425188594,19.3258375703869
"01-01-2008",11.2182011982969,11.901806014164,11.706539239199,19.3319204967588
"08-01-2008",11.2217548896703,11.9088416234856,11.7173277832432,19.327789341922
"15-01-2008",11.2252042888065,11.9150836133592,11.7222081617926,19.3134441017475
"22-01-2008",11.228549399156,11.9205319900314,11.7211803797317,19.2888847618679
"29-01-2008",11.2317902240712,11.9251867589599,11.7142444360343,19.2541112977054
"05-02-2008",11.2349267667925,11.9290479248005,11.7014003237536,19.2091236744455
"12-02-2008",11.2419946732324,11.9347172181979,11.6931585530039,19.1809271677946
"19-02-2008",11.2529939504669,11.9421946448269,11.6895191155358,19.1695217495288
"26-02-2008",11.2679246095086,11.951480212175,11.6904820077068,19.1749074082335
"04-03-2008",11.2867866653002,11.9625739295344,11.6960472304786,19.1970841492952
"11-03-2008",11.3009448148817,11.9686698421137,11.6987944263032,19.2147611776052
"18-03-2008",11.3103990724251,11.9697679560152,11.6987235979302,19.2279385108582
"25-03-2008",11.3151494473935,11.9658682723368,11.6958347452881,19.2366161622432
"02-04-2008",11.3151959445447,11.9569707871766,11.6901278654866,19.240794140452
"09-04-2008",11.3183527036809,11.955641846528,11.6901349574935,19.2413295951368
"16-04-2008",11.3246197279586,11.9618814490574,11.6958560213129,19.2382225268283
"23-04-2008",11.3339970236567,11.9756896010155,11.707291062677,19.2314729324232
"30-04-2008",11.3464846001602,11.9970663162227,11.7244400930301,19.2210808051643
"07-05-2008",11.3620824699694,12.0260116160781,11.747303129539,19.2070461346462
"14-05-2008",11.3780406218818,12.0462730803168,11.7628710852652,19.1885978222566
"21-05-2008",11.3943590718717,12.0578507292216,11.771143975792,19.1657358495254
"28-05-2008",11.411037836276,12.0607445743823,11.7721218094023,19.1384601935722
"04-06-2008",11.42807693179,12.054954618696,11.7658045870738,19.1067708270894
"11-06-2008",11.4395457920965,12.054136788854,11.7583878671351,19.0847867596916
"18-06-2008",11.4454444286762,12.0582910840386,11.7498716421612,19.0725079693721
"25-06-2008",11.4457728474356,12.0674175084095,11.740255903628,19.0699344438441
"02-07-2008",11.4405310487024,12.0815160711018,11.7295406419093,19.0770661805253
"09-07-2008",11.4415023845646,12.0956713240277,11.7239378532437,19.0798255029767
"16-07-2008",11.448686855996,12.1098832813577,11.7234475320228,19.0782124139601
"23-07-2008",11.4620844701869,12.1241519573188,11.7280696777553,19.0722269118578
"30-07-2008",11.481695240549,12.1384773661935,11.7378042950681,19.061868990679
"06-08-2008",11.507519186716,12.1528595223251,11.7526513937074,19.0471386400606
"13-08-2008",11.5293290799803,12.163872570671,11.7645776700019,19.0346950497851
"20-08-2008",11.54712494218,12.1715165222614,11.7735831358948,19.0245382074072
"27-08-2008",11.5609067911263,12.1757913847446,11.7796678003981,19.0166681027542
"03-09-2008",11.5706746406171,12.1766971624019,11.7828316696038,19.011084727949
"10-09-2008",11.5855799161918,12.182204605287,11.7860725478148,19.0061454892562
"17-09-2008",11.6056226327725,12.1923137189133,11.789390438276,19.0018503817305
"24-09-2008",11.6308028104198,12.2070245133987,11.7927853443058,18.9981994010691
"01-10-2008",11.661120474344,12.2263370034719,11.7962572693066,18.9951925436217
"08-10-2008",11.6823466745149,12.2433439855655,11.8009639105766,18.9918759815788
"15-10-2008",11.6944814321779,12.2580454767006,11.8069052728247,18.9882497116106
"22-10-2008",11.6975247594845,12.2704414915974,11.814081362002,18.9843137300964
"28-10-2008",11.6914766594773,12.2805320426627,11.8224921852888,18.9800680330898
"04-11-2008",11.6763371261036,12.288317139998,11.8321377511065,18.9755126163408
"11-11-2008",11.6566144726432,12.2916083217354,11.8356128758692,18.9736174037881
"18-11-2008",11.6323086793531,12.2904055911698,11.8329175630563,18.9743823935333
"25-11-2008",11.6034197218998,12.2847089470957,11.8240518099678,18.9778075863374
"02-12-2008",11.5699475713689,12.2745183838136,11.8090156077327,18.9838929856403
"09-12-2008",11.5409646236702,12.2647860133858,11.7948086150968,18.9717874534279
"16-12-2008",11.5164708497977,12.2555118260768,11.7814308178446,18.9414909775962
"23-12-2008",11.4964662252278,12.2466958125981,11.768882202581,18.8930035278086
"30-12-2008",11.4809507299341,12.2383379641242,11.7571627567438,18.8263250555264
"06-01-2009",11.4699243483879,12.2304382722909,11.7462724686028,18.7414554940071
"13-01-2009",11.4621000600085,12.2166910941063,11.7262953768126,18.6676735076132
"20-01-2009",11.4574778569674,12.1970964158114,11.697231461379,18.6049790224933
"27-01-2009",11.4560577346348,12.1716542177894,11.6590806932043,18.5533719758839
"03-02-2009",11.4578396915914,12.1403644745733,11.6118430341006,18.5128523161267
"10-02-2009",11.462556595082,12.1200987964968,11.5774187727656,18.4644155508074
"17-02-2009",11.4702084498318,12.1108571632754,11.555807874742,18.408061631447
"24-02-2009",11.4807952634966,12.1126395656555,11.547010318393,18.3437905016217
"03-03-2009",11.494317046679,12.1254460054243,11.5510260949159,18.2716020970043
"10-03-2009",11.5050509361876,12.1381181728336,11.5533299665773,18.2056339287535
"17-03-2009",11.5129969427653,12.150656080566,11.5539219356823,18.1458859308259
"24-03-2009",11.5181550743712,12.163059741178,11.5528020028277,18.0923580434209
"01-04-2009",11.5205253361639,12.1753291670809,11.549970166888,18.0450502129457
"08-04-2009",11.5215066327003,12.1852065815655,11.5454792110668,17.9994087782386
"15-04-2009",11.5210989649605,12.1926919945167,11.539329130866,17.9554336936086
"22-04-2009",11.5193023325394,12.1977854134313,11.5315199201326,17.9131249150375
"29-04-2009",11.5161167336342,12.2004868434037,11.5220515710445,17.872482400167
"06-05-2009",11.5115421650599,12.2007962871421,11.5109240741278,17.8335061083161
"13-05-2009",11.5101514719827,12.1991615507927,11.5011994504361,17.7926611688788
"20-05-2009",11.5119446530119,12.1955826327202,11.492877690236,17.7499475409694
"27-05-2009",11.5169217099435,12.1900595293429,11.485958785198,17.7053651818314
"03-06-2009",11.5250826477597,12.1825922351323,11.4804427283964,17.6589140468355
"10-06-2009",11.5296579618505,12.1756364268246,11.4744312173745,17.614811995941
"17-06-2009",11.5306476567986,12.1691920974595,11.4679242461186,17.573058985004
"24-06-2009",11.5280517335935,12.1632592405851,11.4609218081127,17.5336549722252
"01-07-2009",11.5218701896376,12.1578378502628,11.4534238963483,17.4965999181623
"08-07-2009",11.5098843809918,12.1560826927525,11.4481414696794,17.4621749366453
"15-07-2009",11.4920942956583,12.1579937662972,11.4450745228187,17.4303799932136
"22-07-2009",11.4684999158295,12.1635710728112,11.4442230526962,17.4012150560444
"29-07-2009",11.439101217883,12.1728146178753,11.4455870584575,17.3746800959336
"05-08-2009",11.403898172391,12.1857244107431,11.4491665414695,17.3507750863192
"12-08-2009",11.3824896945729,12.2002785561442,11.4460757203015,17.3189270646824
"19-08-2009",11.374875762996,12.2164770686459,11.4363145918586,17.2791359991393
"26-08-2009",11.3810563700384,12.2343199644639,11.419883146369,17.2314018498551
"02-09-2009",11.4010315218884,12.2538072614613,11.3967813673859,17.1757245690475
"09-09-2009",11.4089387150273,12.267244086322,11.3784151484132,17.1279698198537
"16-09-2009",11.4047779573747,12.2746304525005,11.3647844710696,17.0881375544753
"23-09-2009",11.388549244763,12.2759663673897,11.3558893217078,17.0562277330343
"30-09-2009",11.360252560947,12.2712518323265,11.351729691424,17.0322403235888
"07-10-2009",11.3198878776009,12.2604868425928,11.3523055760545,17.0161753021253
"14-10-2009",11.2875668685927,12.2555981115193,11.3502897007519,16.9917591857445
"21-10-2009",11.2632895015737,12.2565856342174,11.3456820635037,16.9589919500139
"27-10-2009",11.2470557522337,12.2634494116713,11.3384826596909,16.9178735621174
"03-11-2009",11.2388656043279,12.2761894507552,11.328691482112,16.8684039809086
"10-11-2009",11.230243307793,12.2858656815497,11.3165224245642,16.8195865804295
"17-11-2009",11.2211888539985,12.2924781137422,11.3019754748669,16.7714213118138
"24-11-2009",11.2117022338821,12.2960267539538,11.2850506184587,16.723908126851
"01-12-2009",11.2017834379427,12.2965116057333,11.2657478383941,16.6770469779688
"08-12-2009",11.1917506880534,12.3001736264853,11.2517594976688,16.6360921880081
"15-12-2009",11.1816039741719,12.3070128198774,11.2430855822812,16.6010437159748
"22-12-2009",11.1713432861429,12.3170291927573,11.2397260835497,16.5719015267875
"29-12-2009",11.1609686136869,12.3302227551452,11.2416809981045,16.5486655912572
"05-01-2010",11.1504799464267,12.3465935202553,11.2489503279101,16.5313358861402
"12-01-2010",11.1304885119088,12.3546244150119,11.2414619338931,16.4998576668087
"19-01-2010",11.1009942901214,12.3543154474549,11.219215808558,16.4542309017512
"26-01-2010",11.0619972515426,12.345666617277,11.182211929638,16.3944555452999
"02-02-2010",11.0134973571331,12.3286779158193,11.1304502600895,16.3205315376149
"09-02-2010",10.978318472789,12.3158072749373,11.0920135061374,16.2600453484219
"16-02-2010",10.9564605632998,12.3070546817505,11.0669016293099,16.2129969171811
"23-02-2010",10.9479236067807,12.3024201274946,11.0551146044652,16.1793861967865
"02-03-2010",10.9527075946873,12.3019036075308,11.0566524198049,16.1592131535966
"09-03-2010",10.9447126998095,12.3035419437893,11.0529232269059,16.1414533562129
"16-03-2010",10.9239389141423,12.3073351379095,11.043927022033,16.1261067868527
"23-03-2010",10.8903862168922,12.313283193689,11.0296637961824,16.1131734301592
"31-03-2010",10.8440545744689,12.3213861170807,11.0101335350738,16.1026532731789
"07-04-2010",10.7849439404932,12.3316439161967,10.9853362191576,16.0945463053832
"14-04-2010",10.7394701320999,12.3320654701366,10.961626816885,16.081457003159
"21-04-2010",10.7076331037719,12.322650779327,10.939005304526,16.0633853534125
"28-04-2010",10.6894328236342,12.3033998343388,10.917471659431,16.0403313380436
"05-05-2010",10.6848692734704,12.2743126159035,10.8970258600466,16.0122949339777
"12-05-2010",10.6752081493626,12.2588366885516,10.8748052075739,15.9846224125758
"19-05-2010",10.6604494416399,12.2569720367905,10.850809679769,15.9573137461333
"26-05-2010",10.6405931355289,12.2687186587559,10.8250392526125,15.9303689073167
"02-06-2010",10.6156392111532,12.2940765662061,10.7974939003076,15.9037878691537
"09-06-2010",10.5935549618932,12.3096738695983,10.7745827648853,15.8799003999046
"16-06-2010",10.5743403656488,12.3155105845526,10.7563058234178,15.8587064756699
"23-06-2010",10.5579954031808,12.3115867169085,10.7426630576042,15.8402060752257
"30-06-2010",10.5445200581278,12.2979022627374,10.7336544537886,15.8243991800527
"07-07-2010",10.533914317001,12.274457208342,10.7292800029535,15.8112857743306
"14-07-2010",10.503442310991,12.2571643112867,10.7188742272504,15.7900181137707
"21-07-2010",10.4531040095924,12.2460235542598,10.7024371162614,15.7605961770832
"28-07-2010",10.3828993624165,12.2410349261109,10.6799686535347,15.723019934818
"04-08-2010",10.2928282991862,12.2421984218465,10.6514688165792,15.6772893493612
"11-08-2010",10.2257765854758,12.243400450796,10.6312613644488,15.6375773947083
"18-08-2010",10.1817441541651,12.2446410141652,10.6193462769173,15.6038840311076
"25-08-2010",10.1607309611759,12.2459201131943,10.6157235420568,15.5762092248297
"01-09-2010",10.1627369854738,12.2472377491656,10.6203931562421,15.5545529481735
"08-09-2010",10.1597932549498,12.2452171323786,10.6164071798651,15.5363740854048
"15-09-2010",10.1518997666581,12.2398582608114,10.6037656089367,15.5216726183274
"22-09-2010",10.1390565127002,12.2311611291015,10.5824684308055,15.5104485322269
"29-09-2010",10.1212634802154,12.2191257285404,10.5525156241478,15.5027018158649
"06-10-2010",10.0985206513927,12.2037520470802,10.5139071589804,15.4984324614849
"13-10-2010",10.0712152734295,12.1942817598129,10.4852929226423,15.4869437416111
"20-10-2010",10.0393473189938,12.1907148572585,10.4666728864908,15.468235644745
"27-10-2010",10.0029167561844,12.1930513358484,10.458047031887,15.4423081521597
"02-11-2010",9.96192354852859,12.2012911979171,10.4594153501915,15.4091612378939
"09-11-2010",9.93023686098413,12.2001586650832,10.4554965399283,15.3767019932091
"16-11-2010",9.90785666182948,12.1896537362127,10.4462905971733,15.3449303856103
"23-11-2010",9.89478292865859,12.169776400787,10.431797512708,15.3138463832876
"30-11-2010",9.89101564838899,12.1405266389119,10.4120172720284,15.2834499551354
"07-12-2010",9.88627810000405,12.1182926128322,10.3968553436773,15.2598467679539
"14-12-2010",9.88057027876346,12.1030743002905,10.3863117124777,15.2430367981199
"21-12-2010",9.87389217895452,12.0948716860545,10.3803863678767,15.2330200288076
"28-12-2010",9.86624379388893,12.0936847619103,10.3790793039395,15.229796449984
"04-01-2011",9.85762511591453,12.0995135266731,10.3823905193615,15.2333660584315
"11-01-2011",9.8243276174959,12.0918316271063,10.3687108063344,15.2153434896183
"18-01-2011",9.76635126529973,12.0706390555204,10.3380401511614,15.1757287255093
"25-01-2011",9.68369600129041,12.0359357906999,10.2903785231431,15.1145217264427
"01-02-2011",9.5763617427269,11.9877217979065,10.2257258745668,15.0317224311543
"08-02-2011",9.49671137930613,11.9535474973262,10.1841464838114,14.9730257675431
"15-02-2011",9.44474483129449,11.9334128547488,10.1656403092533,14.9384316768522
"22-02-2011",9.4204620466718,11.9273178500182,10.1702073323679,14.9279401244504
"01-03-2011",9.42386300112671,11.935262477032,10.1978475577242,14.9415510998307
"08-03-2011",9.41383523963527,11.9383591704131,10.207778278835,14.9359063225867
"15-03-2011",9.39037875215646,11.9366079332581,10.1999995056389,14.9110057870615
"22-03-2011",9.35349351521029,11.9300087638165,10.1745112303502,14.8668494683312
"30-03-2011",9.3031794918711,11.9185616554791,10.1313134274517,14.803437322188
"06-04-2011",9.23943663177634,11.9022665967916,10.0704060537049,14.7207692851647
"13-04-2011",9.18858085919154,11.8819379451781,10.0228967051619,14.6558063870305
"20-04-2011",9.15061212320969,11.85757568029,9.98878533426513,14.6085485627602
"27-04-2011",9.12553038582509,11.8291797777423,9.96807190687079,14.5789957650495
"04-05-2011",9.11333562192261,11.7967502091038,9.96075640223697,14.5671479643039
"11-05-2011",9.08945548071468,11.7652583136752,9.94519564810241,14.54593366984
"18-05-2011",9.05388993829761,11.7347040599326,9.92138962889118,14.5153528604232
"25-05-2011",9.00663895906333,11.7050874172863,9.88933832076739,14.4754055054323
"01-06-2011",8.94770249571516,11.6764083560905,9.84904169165016,14.4260915648845
"08-06-2011",8.89006368299684,11.647529258212,9.81463297824403,14.3792867377765
"15-06-2011",8.83372246320949,11.6184500947418,9.78611214610478,14.334990977255
"22-06-2011",8.77867877995236,11.5891708365691,9.76347916668142,14.2932042389753
"29-06-2011",8.72493257812571,11.5596914543865,9.74673401731885,14.25392648111
"06-07-2011",8.67248380392626,11.530011918682,9.73587668125251,14.2171576643411
"13-07-2011",8.62815879404789,11.4918593568714,9.72073508233226,14.1814510896618
"20-07-2011",8.59195750412104,11.4452337307637,9.70130920540191,14.1468067213314
"27-07-2011",8.56387989790493,11.3901349936831,9.67759903101341,14.113224524667
"03-08-2011",8.54392594729092,11.3265630904729,9.64960453543045,14.08070446605
"10-08-2011",8.52753249640229,11.2754364008989,9.62793366815486,14.052358340261
"17-08-2011",8.51469952882204,11.2367548737768,9.61258640748689,14.0281861189145
"24-08-2011",8.50542703170871,11.2105184703871,9.60356273806717,14.0081877778214
"31-08-2011",8.49971499577552,11.1967271644638,9.60086265085985,13.9923632969539
"07-09-2011",8.49756341530712,11.1953809422019,9.60448614316256,13.980712660476
"14-09-2011",8.47992542737487,11.1782820865519,9.59862508670166,13.9533193569807
"21-09-2011",8.44680101432409,11.1454305803966,9.58327947561022,13.9101833590486
"28-09-2011",8.39819014299521,11.0968263908503,9.55844929452664,13.8513046234986
"05-10-2011",8.33409276472565,11.0324694692569,9.52413451859366,13.7766830913863
"12-10-2011",8.28810872873142,10.9824669365084,9.49472681501221,13.715721271134
"19-10-2011",8.26023798897688,10.9468187425463,9.47022615433955,13.6684191017108
"26-10-2011",8.2504805175655,10.9255248516877,9.45063251205329,13.6347765357682
"01-11-2011",8.25883630472476,10.9185852426124,9.43594586853429,13.614793539623
"08-11-2011",8.25978012364135,10.9101716341821,9.41972609228003,13.592738673826
"15-11-2011",8.2533119752574,10.9002840179717,9.4019731670513,13.5686119162965
"22-11-2011",8.23943185310242,10.8889223840863,9.38268707508003,13.5424132428898
"29-11-2011",8.2181397432772,10.8760867211495,9.36186779705722,13.5141426273706
"06-12-2011",8.18943562446719,10.8617770163121,9.33951531214061,13.4838000414404
"13-12-2011",8.17163173497564,10.8500823334433,9.32415220030683,13.4538750054276
"20-12-2011",8.16472805698302,10.8410026608387,9.31577844617964,13.42436748938
"27-12-2011",8.16872458357378,10.8345379894058,9.31439404137239,13.3952774637511
"03-01-2012",8.18362131874824,10.8306883126722,9.31999898449883,13.3666048994225
"10-01-2012",8.18524748583461,10.8116611279546,9.31148937362353,13.3301779329337
"17-01-2012",8.17360308645675,10.7774564162003,9.28886520022388,13.2859965278109
"24-01-2012",8.14868810896002,10.7280741431718,9.25212644165377,13.2340606398329
"31-01-2012",8.11050252840249,10.663514259434,9.20127306113558,13.1743702170043
"07-02-2012",8.07787662884858,10.606825792904,9.1605431331319,13.124332486009
"14-02-2012",8.05081037763956,10.5580086868341,9.12993661687126,13.0839473967567
"21-02-2012",8.02930374767828,10.5170628923544,9.10945348171301,13.0532149088152
"28-02-2012",8.01335671743552,10.4839883684761,9.09909370715194,13.0321349914214
"06-03-2012",8.00296927094884,10.4587850820919,9.09885728281892,13.0207076234754
"13-03-2012",7.98891859137528,10.4218217543805,9.08439980861925,12.9998136383134
"20-03-2012",7.97120466464518,10.3730983483372,9.05572127007611,12.9694530150158
"28-03-2012",7.94982747302945,10.3126148151898,9.01282163848496,12.929625723193
"04-04-2012",7.92478699512651,10.2403710943897,8.95570087089797,12.8803317229753
"11-04-2012",7.89792401954315,10.1807451968954,8.9095242375212,12.8349854560013
"18-04-2012",7.869238519388,10.1337370630176,8.87429169212992,12.7935868768738
"25-04-2012",7.83873046594687,10.0993466457001,8.85000319945524,12.7561359441567
"02-05-2012",7.80639982867886,10.0775739105161,8.83665873518192,12.7226326203567
"09-05-2012",7.77443457676515,10.0515140861487,8.82272932988441,12.6952328221081
"16-05-2012",7.74283467820564,10.0211671465087,8.8082149696167,12.6739365219776
"23-05-2012",7.71160010136744,9.98653306121908,8.79311563984959,12.658743698648
"30-05-2012",7.68073081498435,9.9476117956086,8.77743132546857,12.6496543369139
"06-06-2012",7.65022678815231,9.90440331071411,8.76116201077097,12.6466684276696
"13-06-2012",7.61599847966436,9.85996661483618,8.73532549447375,12.6051147175653
"20-06-2012",7.57804585525364,9.81430166348868,8.6999217507112,12.5249931649993
"27-06-2012",7.53636887692846,9.76740841095933,8.65495074404293,12.4063036897655
"04-07-2012",7.4909675029684,9.71928681030614,8.60041242945056,12.2490461730524
"11-07-2012",7.45417596974792,9.68144346383296,8.55988015071672,12.1338687505786
"18-07-2012",7.42599424044431,9.65387833366368,8.53335386727304,12.0607713070607
"25-07-2012",7.40642228684009,9.63659139219766,8.52083355255976,12.029753769311
"01-08-2012",7.39546008934726,9.62958262213417,8.5223191940473,12.0408161062901
"08-08-2012",7.3902514704445,9.61826509135826,8.52272471629753,12.0413307509846
"15-08-2012",7.39079642492393,9.60263878854549,8.52205011972085,12.0312977039203
"22-08-2012",7.39709495332531,9.58270369804779,8.52029540363795,12.0107169550432
"29-08-2012",7.40914706195914,9.55845979991297,8.51746056629634,11.979588483761
"05-09-2012",7.42695276288486,9.5299070698699,8.51354560485382,11.9379122589045
"12-09-2012",7.4292899384796,9.4993631653914,8.50403338365596,11.901056883365
"19-09-2012",7.41615859108373,9.46682805590286,8.48892389318236,11.8690223202475
"26-09-2012",7.38755870755025,9.43230170883418,8.46821711830616,11.8418085374821
"03-10-2012",7.3434902592514,9.39578408962366,8.44191303829928,11.8194155078319
"10-10-2012",7.30976349250476,9.36342428065898,8.42211275163352,11.7969526329337
"17-10-2012",7.28637837354907,9.33522224954702,8.40881623848867,11.7744198903037
"24-10-2012",7.27333487897304,9.31117796805477,8.40202348555219,11.7518172573821
"30-10-2012",7.27063299572232,9.29129141211488,8.4017344860267,11.7291447115492
"06-11-2012",7.27827272109055,9.27556256181886,8.40794923962227,11.7064022301023
"13-11-2012",7.28037152230476,9.25500200774646,8.40420344808248,11.6817563580075
"20-11-2012",7.27692940147033,9.22960972931994,8.39049710766196,11.6552070706001
"27-11-2012",7.26794635513707,9.19938570111645,8.36683020463589,11.6267543412945
"04-12-2012",7.2534223743118,9.16432989287919,8.33320271531222,11.5963981416056
"11-12-2012",7.24871183363375,9.1383076245542,8.31323064208858,11.574340415301
"18-12-2012",7.2538147283852,9.1213188700902,8.30691396497006,11.5605811402939
"25-12-2012",7.26873106367292,9.11336361247941,8.31425267763226,11.5551203028071
"01-01-2013",7.29346085442893,9.11444184375794,8.33524678742164,11.5579578973761
"08-01-2013",7.30753052883776,9.10091551299943,8.34388464268669,11.5487697308261
"15-01-2013",7.31094010098323,9.07278460666177,8.34016625207323,11.5275557939593
"22-01-2013",7.30368957428074,9.03004909658759,8.32409161186135,11.4943160655431
"29-01-2013",7.2857789414674,8.97270893999189,8.29566070595582,11.4490505122933
"05-02-2013",7.25720818461887,8.90076407947907,8.25487350589934,11.3917590889089
"12-02-2013",7.23676861744632,8.84612052909915,8.22697723618763,11.3495469036053
"19-02-2013",7.22446021949513,8.80877823415651,8.21197186890058,11.3224139141409
"26-02-2013",7.22028297843878,8.78873715726427,8.20985738901155,11.3103600933425
"05-03-2013",7.22423689010072,8.7859972783661,8.22063379440965,11.3133854291533
"12-03-2013",7.22317569975862,8.7752584216361,8.22309083840794,11.3039733977729
"19-03-2013",7.21709940635115,8.75652057632564,8.21722852346778,11.2821239897808
"26-03-2013",7.20600800379146,8.72978372367369,8.20304684371606,11.2478371832972
"03-04-2013",7.18990148098139,8.69504783691921,8.18054578496124,11.2011129440092
"10-04-2013",7.17895828442469,8.6727343573744,8.16231105617429,11.1670300864825
"17-04-2013",7.17317840316971,8.66284326270398,8.14834263910347,11.1455885766062
"24-04-2013",7.17256183142439,8.66537454300272,8.13864051976081,11.1367883929043
"01-05-2013",7.1771085685761,8.68032820080573,8.13320468843785,11.1406295265747
"08-05-2013",7.18014979317584,8.68932797453653,8.12777060474512,11.1395577140462
"15-05-2013",7.18168550826944,8.69237387320492,8.12233826324471,11.1335729542452
"22-05-2013",7.18171571539659,8.68946589986136,8.11690765850076,11.1226752411853
"29-05-2013",7.18024041458252,8.68060405159076,8.11147878507179,11.1068645639496
"05-06-2013",7.17725960435212,8.66578831952337,8.10605163752549,11.0861409067136
"12-06-2013",7.17738343814749,8.65381070459955,8.10370812436216,11.0653110915723
"19-06-2013",7.18061191608869,8.64467119482431,8.10444824323244,11.0443750976667
"26-06-2013",7.18694504141039,8.63836978105192,8.1082719948786,11.023332904046
"03-07-2013",7.19638282045268,8.63490645697479,8.11517938313033,11.0021844896432
"10-07-2013",7.20512599850356,8.63070818406434,8.12019072827925,10.9808541760981
"17-07-2013",7.21317458431846,8.62577495812002,8.12330603534482,10.959341942062
"24-07-2013",7.22052858595294,8.62010677420171,8.1245253074444,10.9376477659985
"31-07-2013",7.22718801077304,8.61370362663981,8.12384854580214,10.9157716261981
"07-08-2013",7.23315286543937,8.6065655090193,8.12127574973565,10.8937135007527
"14-08-2013",7.23942965795712,8.60120006087115,8.12126833116138,10.8766448583172
"21-08-2013",7.24601839461168,8.59760727682622,8.12382629007449,10.8645656818074
"28-08-2013",7.25291908199488,8.59578715328531,8.1289496290313,10.8574759591281
"04-09-2013",7.26013172701804,8.59573968842836,8.13663835316385,10.855375683185
"11-09-2013",7.26625609126482,8.59544882728533,8.14138649947041,10.8493973029167
"18-09-2013",7.27129218086281,8.59491456956179,8.1431940727007,10.8395408123318
"25-09-2013",7.2752400008561,8.59413691472588,8.14206107466672,10.8258062015694
"02-10-2013",7.27809955519494,8.59311586199662,8.13798750423288,10.8081934568772
"09-10-2013",7.28320943905421,8.58971387340301,8.13209384793021,10.7904412336823
"16-10-2013",7.29056965754671,8.58393094553691,8.12438009985603,10.7725495142119
"23-10-2013",7.30018021804223,8.57576707261075,8.11484625229041,10.7545182805588
"29-10-2013",7.3120411301615,8.56522224645274,8.10349229569029,10.7363475146692
"05-11-2013",7.32615240577663,8.55229645650575,8.09031821868765,10.7180371983567
"12-11-2013",7.33209995155124,8.54058356366507,8.07807330644674,10.7001582013919
"19-11-2013",7.32988377344207,8.53008355620725,8.06675754671124,10.6827105058851
"26-11-2013",7.31950386922852,8.52079642362055,8.05637092815271,10.6656940943651
"03-12-2013",7.30096022852079,8.51272215660797,8.04691344037383,10.6491089498006
"10-12-2013",7.29321868362367,8.50897558860223,8.04136107150156,10.6395193161549
"17-12-2013",7.29627922678548,8.50955671585161,8.03971381597588,10.6369251838276
"24-12-2013",7.31014186106966,8.51446553893748,8.04197167214784,10.6413265502173
"31-12-2013",7.3348066003548,8.52370206277331,8.0481346422782,10.6527234197345
"07-01-2014",7.35261730859528,8.52706230824021,8.05209246446506,10.6558509996949
"14-01-2014",7.36357400362052,8.5245462787018,8.05384514266976,10.6507092932303
"21-01-2014",7.36767669639583,8.51615397163648,8.05339267864515,10.6372982951877
"28-01-2014",7.36492539103254,8.50188537864615,8.05073507194088,10.6156179921501
"04-02-2014",7.3553200847746,8.48174048544749,8.04587231989611,10.5856683624108
"11-02-2014",7.34657393265421,8.46841033997945,8.0465622902196,10.5684331729061
"18-02-2014",7.33868692591276,8.46189492889566,8.05280498359847,10.5639124063777
"25-02-2014",7.33165905665997,8.46219424567802,8.06460040628714,10.5721060583076
"04-03-2014",7.32549031785884,8.46930829062459,8.0819485700912,10.5930141368971
"11-03-2014",7.32358269572315,8.47519458953005,8.09326440251624,10.604507708764
"18-03-2014",7.32593618834315,8.47985314828689,8.09854791489039,10.6065867854128
"25-03-2014",7.33255079807614,8.48328397155962,8.09779911250355,10.5992513689293
"02-04-2014",7.3434265315418,8.48548706278041,8.09101799460368,10.582501451966
"09-04-2014",7.35159276007347,8.48622184258659,8.08613044010589,10.569001139655
"16-04-2014",7.35704949184218,8.48548831170998,8.08313644411226,10.5587504184777
"23-04-2014",7.35979673231244,8.48328646941837,8.0820360036288,10.5517492781734
"30-04-2014",7.35983448422902,8.47961631350276,8.08282911754831,10.5479977117258
"07-05-2014",7.35716274763842,8.47447784029765,8.08551578667346,10.5474957153952
"14-05-2014",7.3558809544492,8.46929931749196,8.08902013781813,10.5457366317108
"21-05-2014",7.3559891033784,8.46408073990343,8.09334217449064,10.5427204589132
"28-05-2014",7.35748719453558,8.45882210230882,8.09848190101942,10.5384471939844
"04-06-2014",7.36037522942063,8.45352339944336,8.10443932254858,10.5329168326484
"11-06-2014",7.36533234891769,8.4515745591598,8.11097855880909,10.5217699611953
"18-06-2014",7.37235855799111,8.45297557950836,8.11809961634932,10.5050065684697
"25-06-2014",7.38145386367133,8.45772646188935,8.12580250229374,10.4826266376891
"02-07-2014",7.39261827506455,8.46582721105885,8.13408722435509,10.4546301464494
"09-07-2014",7.40288590455608,8.47187077895998,8.13674277899437,10.4311593804802
"16-07-2014",7.41225676242293,8.4758571716409,8.13376916886834,10.412214316284
"23-07-2014",7.42073085804669,8.47778639309268,8.12516639100138,10.3977949348981
"30-07-2014",7.4283081999077,8.47765844524487,8.11093443677886,10.3879012218838
"06-08-2014",7.4349887955937,8.47547332797093,8.09107329195639,10.3825331673402
"13-08-2014",7.44295751151209,8.47440195029719,8.07903552248612,10.3782286806331
"20-08-2014",7.45221435564449,8.47444431115406,8.07482111632124,10.3749877574614
"27-08-2014",7.46275933725295,8.47560041058022,8.07843006923955,10.3728103945697
"03-09-2014",7.47459246689537,8.4778702497359,8.08986238485465,10.3716965897893
"10-09-2014",7.48374072768421,8.47745808597861,8.0987303529772,10.3723404314629
"17-09-2014",7.4902041287784,8.47436391889722,8.10503398248521,10.3747419202385
"24-09-2014",7.49398267664491,8.46858774539111,8.10877327968553,10.3789010585153
"01-10-2014",7.49507637506772,8.46012955967994,8.10994824832305,10.3848178504599
"08-10-2014",7.49880662692087,8.45294058192134,8.11165116912552,10.3873042829813
"15-10-2014",7.5051734359365,8.44702080491752,8.11388204379425,10.3863603585682
"22-10-2014",7.51417680848941,8.44237022274314,8.11664087456473,10.3819860762765
"28-10-2014",7.52581675359085,8.43898883074269,8.11992766419743,10.3741814317239
"04-11-2014",7.54009328289371,8.43687662553009,8.12374241598244,10.3629464171002
"11-11-2014",7.55132257614318,8.43364509496407,8.12400735052763,10.3541698485602
"18-11-2014",7.55950464457725,8.42929423580537,8.12072246809458,10.3478517173111
"25-11-2014",7.56463949638653,8.42382404369998,8.11388776539539,10.3439920170302
"02-12-2014",7.56672713671282,8.4172345131729,8.10350323558976,10.3425907438555
"09-12-2014",7.57420916545943,8.41659361830975,8.0966001659255,10.3433299201048
"16-12-2014",7.58708559012002,8.42190135847281,8.09317854949691,10.346209546525
"23-12-2014",7.60535642357905,8.43315773897077,8.09323838287245,10.3512296259899
"30-12-2014",7.62902168412866,8.45036277107373,8.09677966611538,10.358390163526
"06-01-2015",7.65808139546217,8.47351647200683,8.10380240277279,10.367691166311
"13-01-2015",7.6730367157361,8.48520735887258,8.10478653643766,10.3680991015845
"20-01-2015",7.67388765992514,8.48543544337695,8.09973206809845,10.3596139697621
"27-01-2015",7.66063422887705,8.47420072574393,8.0886389926914,10.3422357623438
"03-02-2015",7.63327640932785,8.45150319473117,8.07150729911488,10.3159644619386
"10-02-2015",7.61031872882771,8.43816291017402,8.05821970830479,10.2896061702026
"17-02-2015",7.59176116439384,8.43417985871796,8.04877620695791,10.2631608607499
"24-02-2015",7.57760369744836,8.43955403637405,8.04317678562007,10.2366285071046
"03-03-2015",7.56784631382204,8.45428544852533,8.04142143868929,10.2100090827125
"10-03-2015",7.56071683814843,8.46543582875342,8.03713072684308,10.1883496902159
"17-03-2015",7.55621526328999,8.47300518822035,8.03030464578549,10.1716503079313
"24-03-2015",7.55434158473959,8.47699353450131,8.0209431886826,10.1599109191393
"01-04-2015",7.55509580062092,8.47740087158935,8.00904634616259,10.1531315120897
"08-04-2015",7.54780896629296,8.47341932654426,8.00210634208439,10.1437489383703
"15-04-2015",7.53248107445823,8.46504889537753,8.00012316949861,10.1317631885826
"22-04-2015",7.50911210977686,8.45228956971328,8.00309682642304,10.1171742507377
"29-04-2015",7.4777020488501,8.43514133677452,8.01102731583025,10.0999821102184
"06-05-2015",7.43825086023805,8.41360417939771,8.02391464566124,10.0801867498246
"13-05-2015",7.40919405420079,8.39929965112321,8.02988371703364,10.0636099137117
"20-05-2015",7.39053160165032,8.39222773763121,8.02893453592228,10.0502515852841
"27-05-2015",7.38226348391041,8.3923884318475,8.02106710138263,10.0401117511807
"03-06-2015",7.38438969269623,8.39978173392532,8.00628140553078,10.033190401238
"10-06-2015",7.38641229813141,8.40251036028857,7.99673856923044,10.0218577068819
"17-06-2015",7.38833130223655,8.40057431366558,7.99243858292517,10.006113656761
"24-06-2015",7.39014670693414,8.39397359211929,7.99338144231168,9.98595823511867
"01-07-2015",7.39185851404386,8.38270818904392,7.99956714833631,9.96139142178005
"08-07-2015",7.39469978661387,8.3759309439842,8.00451321092163,9.94260767203029
"15-07-2015",7.39867052749303,8.37364185016001,8.00821963502377,9.92960696707167
"22-07-2015",7.4037707406526,8.37584090527678,8.01068642434996,9.92238929388167
"29-07-2015",7.41000043119643,8.38252811153393,8.01191358136714,9.92095464523681
"05-08-2015",7.41735960536702,8.39370347563156,8.01190110731067,9.92530301970669
"12-08-2015",7.42267943042943,8.40299622655486,8.0146756730954,9.92693316106819
"19-08-2015",7.42595991171117,8.41040637360769,8.02023728150125,9.92584507095489
"26-08-2015",7.42720105249209,8.41593392420493,8.02858593809157,9.92203874827097
"02-09-2015",7.42640285401898,8.41957888388423,8.03972165122926,9.91551418921134
"09-09-2015",7.42662554080265,8.42338413984658,8.04573409201377,9.91065836552164
"16-09-2015",7.42786911306747,8.42734969590217,8.0466232664658,9.90747127234181
"23-09-2015",7.43013357206173,8.43147555602486,8.04238917547906,9.90595290648902
"30-09-2015",7.43341892004806,8.43576172434101,8.03303181481071,9.90610326643411
"07-10-2015",7.43772516031799,8.44020820514227,8.01855117509603,9.90792235233293
"14-10-2015",7.44052559104696,8.44686751185083,8.0092744532934,9.9075090461887
"21-10-2015",7.44182021504155,8.45573965113459,8.00520164011889,9.90486334759188
"27-10-2015",7.44160903359568,8.4668246318737,8.00633273149385,9.89998525389075
"03-11-2015",7.43989204649889,8.48012246516593,8.01266772855148,9.89287476020499
"10-11-2015",7.44105243219145,8.49014460772764,8.01796263340742,9.89218865834781
"17-11-2015",7.44509019183607,8.49689106959245,8.02221745136364,9.89792694763553
"24-11-2015",7.45200532947487,8.50036185751464,8.02543218667921,9.91008963381304
"01-12-2015",7.46179785202593,8.50055697496442,8.0276068425685,9.92867672904602
"08-12-2015",7.47155464298354,8.500912789635,8.03181745610101,9.94238858557724
"15-12-2015",7.48127571210688,8.50142930187722,8.03806403148508,9.95122521711544
"22-12-2015",7.49096106913299,8.50210651221184,8.04634657497868,9.95518663251921
"29-12-2015",7.50061072375313,8.50294442131372,8.0566650948693,9.95427283574667
"05-01-2016",7.51022468563055,8.50394303002432,8.06901960148905,9.94848382588841
"12-01-2016",7.5097963973486,8.49283726826911,8.07239356275143,9.93960669634165
"19-01-2016",7.49932585847962,8.46962712493139,8.06678698203465,9.92764143822108
"26-01-2016",7.47881305854105,8.43431257677467,8.05219985372483,9.91258803954706
"02-02-2016",7.4482579770012,8.38689358845169,8.02863216322232,9.89444648525632
"09-02-2016",7.41825276854851,8.35412057267959,8.0136162283928,9.87748727780829
"16-02-2016",7.38879740314528,8.33599349665078,8.00715203420304,9.86171040022411
"23-02-2016",7.35989185130646,8.33251234221919,8.00923957418346,9.84711583671345
"01-03-2016",7.33153608409597,8.34367710590024,8.01987885042315,9.83370357266498
"08-03-2016",7.30546169835882,8.34823770982602,8.02591127279251,9.82208405566232
"15-03-2016",7.28166866799146,8.34619415855952,8.02733684732839,9.812257274069
"22-03-2016",7.26015696917558,8.33754645005579,8.02415557545812,9.80422321804684
"30-03-2016",7.24092658037846,8.32229457565829,8.01636745399781,9.79798187955694
"06-04-2016",7.22397748234708,8.30043852009783,8.00397247514866,9.79353325234782
"13-04-2016",7.21133085609378,8.28442069726595,7.99201749948805,9.78682850410495
"20-04-2016",7.20298668896264,8.27424109113249,7.98050251505261,9.7778676281224
"27-04-2016",7.19894497259411,8.26989969150115,7.96942751030816,9.76665061542115
"04-05-2016",7.19920570294605,8.27139649402957,7.95879247417236,9.75317745477815
"11-05-2016",7.19649571556337,8.2727366167748,7.95225747291065,9.74481321228666
"18-05-2016",7.19081500772995,8.27392006107631,7.9498224999782,9.74155787956909
"25-05-2016",7.18216357376263,8.27494682812178,7.95148755294099,9.74341145337185
"01-06-2016",7.17054140499955,8.27581691893714,7.95725263346364,9.75037393555036
"08-06-2016",7.16181997504554,8.27764023295583,7.96343951058792,9.75502418995637
"15-06-2016",7.15599927516882,8.2804167720022,7.97004819050625,9.75736222124197
"22-06-2016",7.15307929954207,8.28414653885519,7.9770786798334,9.7573880317479
"29-06-2016",7.15306004524305,8.28882953724858,7.98453098560751,9.7551016215027
"06-07-2016",7.15594151225227,8.29446577187076,7.99240511528899,9.75050298821515
"13-07-2016",7.16136549118538,8.30008195416174,7.99952471755759,9.74869834023696
"20-07-2016",7.16933198747305,8.30567808974515,8.00588979954158,9.74968767576383
"27-07-2016",7.17984100908888,8.31125418422166,8.01150036761133,9.75347099578468
"03-08-2016",7.19289256655372,8.31681024317372,8.01635642738432,9.76004830408599
"10-08-2016",7.20582269397563,8.32414570581392,8.02258284533765,9.76628487763482
"17-08-2016",7.21863140430068,8.33326057948769,8.03017962770662,9.77218072267581
"24-08-2016",7.23131871034721,8.34415487331536,8.03914678209253,9.77773584510631
"31-08-2016",7.24388462482221,8.35682859820833,8.0494843174779,9.78295025049712
"07-09-2016",7.25632916029882,8.37128176684914,8.06119224420567,9.78782394405791
"14-09-2016",7.26564730601897,8.38201032256896,8.06933851349373,9.79183184193993
"21-09-2016",7.2718390713101,8.38901427610648,8.07392313349622,9.79497394815355
"28-09-2016",7.27490446237175,8.39229363447452,8.07494610880383,9.79725026584841
"05-10-2016",7.27484348227232,8.39184840095616,8.07240744044075,9.79866079730044
"12-10-2016",7.27576969676131,8.39301894641879,8.07119699739231,9.80229668891941
"19-10-2016",7.27768310676499,8.39580527203329,8.07131477844563,9.80815794434043
"26-10-2016",7.28058371420035,8.40020738059104,8.07276078372084,9.81624456943622
"01-11-2016",7.28447152196848,8.40622527649535,8.07553501466165,9.82655657229708
"08-11-2016",7.29054504014512,8.41091540220258,8.07758837514267,9.83630842350192
"15-11-2016",7.29880427480789,8.41427776240426,8.07892086721691,9.84550013280724
"22-11-2016",7.30924923422504,8.41631236046762,8.0795324922185,9.85413170941857
"29-11-2016",7.32187992885463,8.41701919843056,8.07942325076147,9.86220316197834
"06-12-2016",7.33669637133524,8.41639827699637,8.07859314273223,9.86971449855607
"13-12-2016",7.35286839156529,8.42092659484389,8.08381183921178,9.87941722869339
"20-12-2016",7.3703960057272,8.43060415650079,8.09507934541877,9.89131136208931
"27-12-2016",7.38927923136912,8.44543097165606,8.11239567263433,9.90539691065639
"03-01-2017",7.40951808739721,8.46540705515568,8.13576083819605,9.92167388849947
"10-01-2017",7.41686239246406,8.47596266215283,8.14752656441427,9.93155511993128
"17-01-2017",7.41131215392287,8.47709780321473,8.14769286306759,9.93504061484449
"24-01-2017",7.39286736621631,8.46881247947742,8.13625973432226,9.93213037672665
"31-01-2017",7.36152801088121,8.45110668264691,8.11322716673313,9.92282440266514
"07-02-2017",7.34225307283488,8.44045369548243,8.10125127789179,9.91858825358877
"14-02-2017",7.33504253278093,8.43685350731834,8.10033205580907,9.91942192525174
"21-02-2017",7.33989638350258,8.44030611455183,8.11046949956546,9.92532541849338
"28-02-2017",7.35681462985677,8.45081152063704,8.1316636193074,9.93629873921843
"07-03-2017",7.36849508837284,8.4595463374943,8.14833226319612,9.94442070953447
"14-03-2017",7.37493777074496,8.46651057386775,8.16047544791814,9.94969133757316
"21-03-2017",7.37614268342018,8.47170423672775,8.16809318562769,9.95211062860946
"29-03-2017",7.37210982760583,8.47512733127327,8.17118548395139,9.95167858506524
"05-04-2017",7.36283919926714,8.4767798609342,8.16975234598713,9.94839520651376
"12-04-2017",7.35889926966106,8.47933292705468,8.17006215207469,9.94341577514473
"19-04-2017",7.36029003484972,8.48278653219665,8.17211490253108,9.93674028598781
"26-04-2017",7.36701149622065,8.4871406798132,8.17591059940596,9.92836873235143
"03-05-2017",7.37906366050482,8.49239537426401,8.18144924650105,9.91830110585913
"10-05-2017",7.39066381894557,8.49975887176054,8.18623375505644,9.91126702051489
"17-05-2017",7.40181198315945,8.50923117967717,8.19026412986503,9.90726646928602
"24-05-2017",7.41250816430324,8.5208123074935,8.19354037495841,9.90629944816192
"31-05-2017",7.42275237308713,8.53450226680505,8.19606249361957,9.90836595617822
"07-06-2017",7.43254461976228,8.55030107131305,8.19783048836913,9.91346599539958
"14-06-2017",7.44236366560987,8.56229215896979,8.19835349078397,9.91850761040929
"21-06-2017",7.4522095204587,8.57047554177967,8.1976315013871,9.92349080625646
"28-06-2017",7.46208219416705,8.57485122793591,8.19566451945754,9.92841558793161
"05-07-2017",7.47198169661442,8.57541922181539,8.19245254302376,9.93328196035864
"12-07-2017",7.48256481358309,8.57375473169853,8.19033073619432,9.93917572213531
"19-07-2017",7.49383155566444,8.56985775591673,8.18929909684338,9.94609687915536
"26-07-2017",7.50578193413799,8.56372829056917,8.18935762393905,9.95404543834907
"02-08-2017",7.51841596096668,8.55536632952067,8.19050631753976,9.96302140767456
"09-08-2017",7.5322414734035,8.55242376719983,8.19346658219077,9.97142653428289
"16-08-2017",7.54725848528407,8.55490060065713,8.19823842085084,9.97926082658041
"23-08-2017",7.56346701164228,8.56279683237201,8.20482183829721,9.98652429241294
"30-08-2017",7.58086706870366,8.57611247025089,8.21321684112147,9.99321693905001
"06-09-2017",7.59945867388888,8.59484752762403,8.22342343772932,9.99933877319598
"13-09-2017",7.61144384106998,8.61055053196747,8.23534069514436,10.0066279938116
"20-09-2017",7.61682258224452,8.62322149900069,8.24896862529713,10.0150846081919
"27-09-2017",7.61559490279541,8.632860441406,8.26430724182752,10.0247086247989
"04-10-2017",7.60776080149611,8.6394673688352,8.28135656009325,10.0355000532718
"11-10-2017",7.60767483964587,8.64621518888164,8.29630965608798,10.0479605969501
"18-10-2017",7.61533701715655,8.65310390829828,8.30916654477892,10.0620902683015
"25-10-2017",7.63074734170042,8.66013353398368,8.31992723903858,10.0778890814752
"31-10-2017",7.65390582870351,8.66730407297369,8.32859174963821,10.0953570522861
"07-11-2017",7.67219360275972,8.67593831730164,8.33804856018848,10.1106692637682
"14-11-2017",7.68561068218217,8.68603627561578,8.34829768016238,10.123825731259
"21-11-2017",7.6941570803954,8.69759795801912,8.35933911981284,10.134826467919
"28-11-2017",7.69783280595967,8.71062337608968,8.37117289019809,10.1436714847689
"05-12-2017",7.69663786255237,8.72511254286443,8.38379900316167,10.1503607906593
"12-12-2017",7.70132073723741,8.74054318461224,8.39899383922133,10.1595401919099
"19-12-2017",7.71188143469874,8.75691531677561,8.41675741358315,10.1712096977036
"26-12-2017",7.72831996551426,8.77422895574983,8.43708974403606,10.1853693197329
"02-01-2018",7.7506363461341,8.79248411886129,8.45999085092771,10.2020190721615
"09-01-2018",7.76643544000709,8.80811565975459,8.47715868047479,10.2152141714688
"16-01-2018",7.77571726294647,8.82112359407528,8.48859324986169,10.2249546308574
"23-01-2018",7.77848182424519,8.83150793484692,8.49429457053531,10.2312404600833
"30-01-2018",7.77472912666784,8.83926869246223,8.49426264820114,10.2340716654304
"06-02-2018",7.76445916646195,8.84440587469287,8.48849748283051,10.2334482497425
"13-02-2018",7.76198351625398,8.85386239254255,8.48826842311077,10.2392595800174
"20-02-2018",7.76730217356492,8.86763825547703,8.49357546881197,10.2515056620729
"27-02-2018",7.78041514371944,8.88573347728746,8.504418625247,10.2701865081668
"06-03-2018",7.80132243984774,8.90814807609041,8.52079790327389,10.2953021370062
"13-03-2018",7.81898437384399,8.9273826758659,8.53645844540828,10.3154275241641
"20-03-2018",7.83340096339002,8.94343729586979,8.55140026732779,10.3305626897912
"28-03-2018",7.84457222291595,8.95631195217201,8.56562338398829,10.3407076490336
"04-04-2018",7.85249816360887,8.96600665766409,8.57912780963253,10.3458624120542
"11-04-2018",7.86367326852261,8.97763787077896,8.59354644872772,10.3531793485604
"18-04-2018",7.87809754884755,8.99120560316218,8.60887931571089,10.3626584658816
"25-04-2018",7.89577101902284,9.00670986839554,8.62512642593098,10.3742997735061
"02-05-2018",7.91669369674016,9.02415068200007,8.64228779565158,10.3881032830885
"09-05-2018",7.93460909886653,9.03952590737915,8.65806902016526,10.4001117086319
"16-05-2018",7.94951724333582,9.05283555992446,8.67247011526995,10.4103250621551
"23-05-2018",7.96141814507203,9.06407965295921,8.68549109538137,10.4187433538847
"30-05-2018",7.97031181598821,9.07325819773888,8.69713197353393,10.4253665922464
"06-06-2018",7.97619826498785,9.08037120345299,8.7073927613816,10.4301947838711
"13-06-2018",7.98469753407659,9.08951991957417,8.71932396582881,10.4369441434014
"20-06-2018",7.99580963176333,9.10070435526103,8.73292559881915,10.4456146775951
"27-06-2018",8.00953456917107,9.11392452170996,8.74819767396899,10.4562063951306
"04-07-2018",8.0258723600407,9.12918043215612,8.76514020656716,10.4687193066123
"11-07-2018",8.04071052509526,9.14383861619485,8.78109312909344,10.4808727425127
"18-07-2018",8.05404907919031,9.15789908850133,8.79605645751928,10.4926667150012
"25-07-2018",8.06588803567463,9.1713618631478,8.81003020682055,10.5041012358759
"01-08-2018",8.07622740640348,9.18422695361412,8.82301439098868,10.5151763165911
"08-08-2018",8.08706773187736,9.19854774925426,8.83690537462368,10.5266747690403
"15-08-2018",8.09840902294854,9.21432426440446,8.8517031716314,10.5385966047348
"22-08-2018",8.11025129097199,9.23155651485984,8.86740779682717,10.5509418356122
"29-08-2018",8.12259454780056,9.25024451786842,8.88401926593036,10.563710474027
"05-09-2018",8.13543880579056,9.27038829213809,8.90153759556932,10.5769025327625
"12-09-2018",8.14820498028886,9.28847447614448,8.91731388147582,10.5904543363327
"19-09-2018",8.16089308407356,9.30450308799135,8.93134813944048,10.6043658983038
"26-09-2018",8.17350312984825,9.31847414372632,8.94364038351523,10.618637232604
"03-10-2018",8.18603513023654,9.33038765733475,8.95419062600509,10.6332683535217
"10-10-2018",8.19902983797427,9.34293749019046,8.96529058224785,10.6458343167815
"17-10-2018",8.21248726607455,9.35612365485987,8.97694026335987,10.6563351349733
"24-10-2018",8.22640742800708,9.36994616454151,8.98913968100158,10.6647708186029
"30-10-2018",8.24079033770947,9.38440503307497,9.00188884738722,10.6711413761236
"06-11-2018",8.25563600957621,9.39950027493079,9.01518777527649,10.6754468139036
"13-11-2018",8.26899986795086,9.41439825426282,9.02858822960339,10.6836542589534
"20-11-2018",8.28088192621555,9.42909898598831,9.04209022378592,10.6957637194978
"27-11-2018",8.29128219625852,9.44360248481823,9.05569377133508,10.7117752076476
"04-12-2018",8.30020068849461,9.45790876527373,9.06939888587149,10.7316887394363
"11-12-2018",8.31041980474575,9.47356776337303,9.08488536940749,10.7495866476206
"18-12-2018",8.32193955524219,9.49057949479187,9.10215323744595,10.7654689501169
"25-12-2018",8.33475995151686,9.50894397656062,9.12120250727431,10.7793356628257
"01-01-2019",8.34888100640184,9.52866122706114,9.14203319795959,10.7911867996253
"08-01-2019",8.36119127354493,9.54415203518506,9.16010023107736,10.8012956610524
"15-01-2019",8.37169076527045,9.55541641643944,9.17540362471502,10.8096622572258
"22-01-2019",8.38037949208788,9.56245438210048,9.18794339419065,10.816286596523
"29-01-2019",8.38725746269669,9.5652659392146,9.19771955205926,10.8211686855752
"05-02-2019",8.39232468397976,9.56385109059378,9.20473210810392,10.8243085292671
"12-02-2019",8.39958969504568,9.56770071245529,9.21572828137878,10.8285210528235
"19-02-2019",8.4090525031637,9.57681480864852,9.23070808288719,10.8338062604533
"26-02-2019",8.42071311781008,9.59119338830131,9.24967152762855,10.8401641574554
"05-03-2019",8.43457155065645,9.61083646580518,9.27261863458491,10.8475947501918
"12-03-2019",8.44576629819639,9.62572710350788,9.29151001448402,10.8576810818978
"19-03-2019",8.45429737163377,9.63586531631278,9.3063456862357,10.8704231626618
"26-03-2019",8.46016477951391,9.64125111437439,9.31712566469573,10.8858210052512
"03-04-2019",8.46336852770903,9.64188450308111,9.32384996065382,10.9038746250775
"10-04-2019",8.46598261465374,9.64574405507648,9.33255969021718,10.9189182157476
"17-04-2019",8.46800704296601,9.65282977422471,9.34325486210528,10.9309517923247
"24-04-2019",8.46944181467188,9.66314166761788,9.35593548702418,10.9399753668517
"01-05-2019",8.47028693120649,9.67667974557903,9.37060157766667,10.945988948364
"08-05-2019",8.47330275375773,9.68758384077051,9.38412921875845,10.9529909964771
"15-05-2019",8.47848928534123,9.69585396410485,9.39651842383778,10.9609815181965
"22-05-2019",8.48584653114852,9.70149012386158,9.40776920530678,10.9699605215215
"29-05-2019",8.49537449854411,9.7044923256818,9.41788157442814,10.9799280154379
"05-06-2019",8.50707319707133,9.70486057257559,9.42685554132884,10.9908840099354
"12-06-2019",8.5186993918389,9.70911963977885,9.43654690663219,11.0013887985415
"19-06-2019",8.5302530944939,9.71726953156366,9.44695568004827,11.0114423917908
"26-06-2019",8.54173431659758,9.72931025608365,9.45808187199267,11.0210447997356
"03-07-2019",8.55314306964319,9.74524182539221,9.46992549360265,11.0301960319896
"10-07-2019",8.56384417093398,9.75721964589402,9.48155342234219,11.04080263172
"17-07-2019",8.57383763118033,9.76524372957595,9.49296566984935,11.0528646095401
"24-07-2019",8.58312346038908,9.76931408447507,9.50416224755146,11.0663819775313
"31-07-2019",8.59170166785184,9.76943071466074,9.51514316665212,11.0813547492166
"07-08-2019",8.59957226216013,9.76559362025451,9.52590843814913,11.0977829395911
"14-08-2019",8.60753559102288,9.76676933329879,9.53563516672241,11.1117490331582
"21-08-2019",8.61559166241569,9.77295785497328,9.54432336211229,11.1232530439056
"28-08-2019",8.62374048440074,9.78415919147148,9.55197303301483,11.1322949833438
"04-09-2019",8.63198206513687,9.80037335400768,9.5585841870882,11.1388748605262
"11-09-2019",8.64224986603429,9.81418167074789,9.56578697021781,11.1479048624235
"18-09-2019",8.65454389737189,9.82558415551663,9.57358138961417,11.1593849980753
"25-09-2019",8.66886417145661,9.83458081972743,9.58196745307988,11.1733152789736
"02-10-2019",8.68521070262346,9.84117167238592,9.59094516900893,11.1896957190632
"09-10-2019",8.69655878553482,9.84764667579453,9.60054772732692,11.2032120000594
"16-10-2019",8.70290843154407,9.85400583642911,9.61077513763957,11.2138641354814
"23-10-2019",8.70425964701191,9.86024916065957,9.62162741018981,11.221652135998
"29-10-2019",8.7006124332876,9.86637665473231,9.63310455583659,11.2265760094025
"05-11-2019",8.69196678672244,9.87238832478324,9.64520658607247,11.2286357606268
"12-11-2019",8.68751381521587,9.88003365890027,9.6551807589583,11.2349213532956
"19-11-2019",8.68725351431128,9.88931266473536,9.6630270844787,11.2454327937017
"26-11-2019",8.69118588374881,9.90022535157948,9.66874557048884,11.2601700923723
"03-12-2019",8.69931092746343,9.91277173035506,9.67233622271229,11.2791332640552
"10-12-2019",8.70708057011071,9.92644558276597,9.67907799082699,11.2943372198725
"17-12-2019",8.71449481946958,9.94124692250261,9.68897088158298,11.3057819750471
"24-12-2019",8.72155368295824,9.95717576437751,9.70201490487941,11.3134675410285
"31-12-2019",8.72825716764563,9.97423212433908,9.71821007377716,11.3173939255149
"07-01-2020",8.73054961768242,9.98596976602076,9.7317651303985,11.3227811318981
"14-01-2020",8.72843103536054,9.99238870117006,9.74268008831022,11.3296291655643
"21-01-2020",8.72190141856303,9.99348893621557,9.75095495844179,11.3379380333773
"28-01-2020",8.71096076074958,9.98927047225534,9.75658974907334,11.3477077436475
"04-02-2020",8.69560905096896,9.97973330506791,9.75958446584644,11.3589383061552
"11-02-2020",8.68580875101997,9.9774691165722,9.7645245635511,11.3697792033121
"18-02-2020",8.6815598510885,9.98247790449824,9.77141004712877,11.3802304459624
"25-02-2020",8.68286234692125,9.99475967386034,9.78024092347233,11.3902920445691
"03-03-2020",8.68971623982428,10.0143144369545,9.79101720142402,11.3999640092088
"10-03-2020",8.69575529811569,10.0307225595139,9.80069282730359,11.4103751860978
"17-03-2020",8.70097952783797,10.0439840579602,9.80926781079357,11.4215255856523
"24-03-2020",8.70538893422268,10.0540989455712,9.81674216047946,11.4334152190412
"01-04-2020",8.70898352168523,10.0610672324734,9.8231158838452,11.4460440981652
"08-04-2020",8.71221743267486,10.0670795635786,9.82925127003156,11.4588900034742
"15-04-2020",8.71509067043123,10.0721359449077,9.83514832518219,11.4719529478337
"22-04-2020",8.71760323782824,10.0762363815198,9.84080705519768,11.4852329443157
"29-04-2020",8.71975513738223,10.0793808775217,9.84622746574455,11.4987300062148
"06-05-2020",8.72154637124554,10.0815694360587,9.8514095622471,11.5124441470393
"13-05-2020",8.72526431423935,10.0850850831577,9.86085457079534,11.5267481373356
"20-05-2020",8.73090897008548,10.089927822339,9.87456250084471,11.5416419914237
"27-05-2020",8.73848034442962,10.0960976584447,9.89253336611257,11.5571257242023
"03-06-2020",8.7479784448551,10.1035945976558,9.91476718459255,11.5731993511799
"10-06-2020",8.74922230728535,10.1073475327723,9.92951383151411,11.5861650553175
"17-06-2020",8.74221193296936,10.1073564675559,9.93677332164377,11.5960228496014
"24-06-2020",8.72694731488883,10.1036214020146,9.9365456622484,11.6027727438988
"01-07-2020",8.7034284377598,10.0961423324059,9.92883085309584,11.6064147449591
"08-07-2020",8.68766189926482,10.0935697149583,9.92410323789825,11.6124770539729
"15-07-2020",8.67964768362103,10.0959035470972,9.92236281192344,11.6209596770064
"22-07-2020",8.67938578280266,10.1031438311544,9.92360957342527,11.6318626225473
"29-07-2020",8.68687619655014,10.1152905743823,9.92784352365574,11.6451859015133
"05-08-2020",8.70211893236341,10.1323437889398,9.93506466685362,11.6609295272444
"12-08-2020",8.71683644642843,10.1470395520664,9.9432472531987,11.6751911596473
"19-08-2020",8.73102875348168,10.1593778784763,9.95239129088499,11.687970813005
"26-08-2020",8.74469586772933,10.1693587805193,9.96249678906514,11.6992685001077
"02-09-2020",8.75783780285237,10.176982268187,9.97356375785539,11.7090842322648
"09-09-2020",8.76644681460002,10.1839934398951,9.98387379527442,11.7154835365017
"16-09-2020",8.77052291158841,10.1903923026609,9.99342691164202,11.7184664192195
"23-09-2020",8.77006609789485,10.1961788628871,10.002223116518,11.7180328834002
"30-09-2020",8.76507637306578,10.2013531263702,10.0102624187113,11.7141829286155
"07-10-2020",8.75555373210442,10.2059150982878,10.0175448262679,11.7069165510103
"14-10-2020",8.74995918528583,10.2127418440968,10.026863853916,11.704571380246
"21-10-2020",8.74829272700856,10.2218333706299,10.0382195109829,11.7071474139752
"27-10-2020",8.75055435560087,10.2331896869855,10.0516118088331,11.7146446547695
"03-11-2020",8.75674407333347,10.2468108045378,10.0670407608792,11.7270631101482
"10-11-2020",8.76499032675981,10.2596469233969,10.0815400301815,11.7391492422235
"17-11-2020",8.77529312413481,10.2716980564138,10.0951096312554,11.7509030630962
"24-11-2020",8.78765247577178,10.2829642156512,10.1077495776834,11.7623245845328
"01-12-2020",8.80206839404468,10.2934454123882,10.1194598821207,11.7734138179675
"08-12-2020",8.81035675028641,10.3044321492584,10.1303800558467,11.7846899716696
"15-12-2020",8.81251755279675,10.3159244372624,10.140510109796,11.7961530569305
"22-12-2020",8.80855080373639,10.3279222879018,10.1498500541067,11.8078030852222
"29-12-2020",8.79845649913667,10.3404257131892,10.1583998981303,11.8196400682112
"05-01-2021",8.78223462889182,10.3534347256411,10.1661596504251,11.8316640177451
"12-01-2021",8.76865203577237,10.3635844355723,10.1741636871436,11.8421759853508
"19-01-2021",8.75770870617828,10.3708748531405,10.1824120162939,11.8511759815509
"26-01-2021",8.74940462916004,10.3753059856484,10.1909046461394,11.8586640153595
"02-02-2021",8.74373979640064,10.3768778375282,10.1996415851768,11.8646400942678
"09-02-2021",8.73974194657144,10.3816634405524,10.2102597212186,11.8729064837591
"16-02-2021",8.73741107566863,10.38966279951,10.2227590648929,11.8834631921027
"23-02-2021",8.73674718135851,10.4008759224085,10.2371396287116,11.8963102298675
"02-03-2021",8.73775026297758,10.4153028204729,10.2534014270706,11.9114476099168
"09-03-2021",8.74094423498629,10.428080555289,10.2670819599863,11.9225868902992
"16-03-2021",8.74632910058381,10.4392091396477,10.2781812411547,11.9297280821678
"23-03-2021",8.75390486515899,10.4486885846894,10.2866992816851,11.9328711926703
"31-03-2021",8.76367153629422,10.4565188999014,10.2926360901043,11.932016224948
"07-04-2021",8.77562912376978,10.4627000931256,10.2959916723574,11.9271631781531
"14-04-2021",8.78535650460591,10.4704205291459,10.3027052326186,11.9242006894663
"21-04-2021",8.79285368854175,10.4796802156924,10.3127767776098,11.9231287559253
"28-04-2021",8.79812068308127,10.4904791620341,10.3262063174127,11.9239473764525
"05-05-2021",8.80115749349614,10.5028173789804,10.34299386547,11.9266565518693
"12-05-2021",8.80724121691427,10.5155417077601,10.3588353306711,11.930557599218
"19-05-2021",8.81637185942483,10.5286521611093,10.3737307288735,11.9356505224014
"26-05-2021",8.82854943016545,10.5421487521515,10.3876800749866,11.9419353265125
"02-06-2021",8.84377394132949,10.5560314943998,10.4006833829761,11.9494120178506
"09-06-2021",8.85747770174803,10.5670649844962,10.4130816821005,11.9569223534096
"16-06-2021",8.86966072513634,10.5752492334841,10.4248749847692,11.9644663407023
"23-06-2021",8.88032302369488,10.5805842495602,10.4360633027919,11.9720439872888
"30-06-2021",8.88946460809106,10.5830700380595,10.4466466473616,11.9796553007472
"07-07-2021",8.89708548748206,10.5827066014764,10.4566250290807,11.9873002887024
"14-07-2021",8.90434764064418,10.5866985838164,10.4668943649643,11.9962301638014
"21-07-2021",8.91125107485485,10.5950459890823,10.4774546653007,12.0064449349945
"28-07-2021",8.91779579701512,10.6077488256217,10.4883059406512,12.0179446124932
"04-08-2021",8.92398181368421,10.6248071061577,10.4994482018862,12.0307292078207
"11-08-2021",8.93462748910237,10.6395915687357,10.5113538195893,12.0419713573502
"18-08-2021",8.94973283392891,10.6521022281583,10.5240228056813,12.0516710723368
"25-08-2021",8.9692978632852,10.6623390969491,10.5374551728443,12.0598283624939
"01-09-2021",8.99332259675539,10.670302185354,10.551650934523,12.0664432359851
"08-09-2021",9.01274430110262,10.6790956763665,10.5642060727983,12.0744448573107
"15-09-2021",9.02756299576867,10.6887195787897,10.5751206002383,12.0838332344801
"22-09-2021",9.03777869558699,10.6991739022562,10.5843945277677,12.0946083768906
"29-09-2021",9.04339141078485,10.7104586572319,10.592027864671,12.1067702953307
"06-10-2021",9.0444011469806,10.7225738550142,10.5980206185903,12.1203190019723
"13-10-2021",9.05036057918849,10.7356823854607,10.607281467759,12.1328108776947
"20-10-2021",9.06126971337494,10.7497842616952,10.61981042145,12.1442459350016
"27-10-2021",9.07712856045704,10.7648794978309,10.6356074922016,12.1546241853338
"02-11-2021",9.09793713631653,10.7809681089844,10.6546726958329,12.1639456390931
"09-11-2021",9.11412170449498,10.7952403028895,10.6713016908721,12.1747279594151
"16-11-2021",9.12568228119597,10.8076960938351,10.6854944939677,12.1869711570972
"23-11-2021",9.132618877993,10.8183354942911,10.6972511193278,12.2006752443959
"30-11-2021",9.13493150182838,10.8271585149067,10.7065715787204,12.215840235028
"07-12-2021",9.14052993309841,10.8383028874225,10.7178514046784,12.2303276609129
"14-12-2021",9.14941417740916,10.8517686229976,10.7310906084965,12.2441375365556
"21-12-2021",9.16158424365291,10.8675557351102,10.7462892034256,12.2572698757783
"28-12-2021",9.17704014401041,10.8856642395621,10.7634472046789,12.2697246917234
"04-01-2022",9.19578189395556,10.9060941544825,10.7825646294337,12.2815019968622
"11-01-2022",9.21165382869499,10.9223124509624,10.7971937406901,12.2924401147834
"18-01-2022",9.22465596411604,10.9343191452352,10.8073345530904,12.3025390564342
"25-01-2022",9.23478831323287,10.9421142493197,10.812987076786,12.3117988319196
"01-02-2022",9.24205088619101,10.9456977710212,10.8141513174364,12.3202194505179
"08-02-2022",9.25073555640826,10.9531840671551,10.8199044833825,12.3304159124684
"15-02-2022",9.26084233257917,10.9645731452168,10.8302465803849,12.342388227978
"22-02-2022",9.27237122482231,10.9798650166073,10.8451776187968,12.3561364090375
"01-03-2022",9.28532224467787,10.9990596966344,10.8646976135638,12.3716604694072
"08-03-2022",9.29682968522997,11.0152421012447,10.8825006947057,12.3854973723585
"15-03-2022",9.30689355799811,11.0284122466365,10.898586880044,12.3976471317412
"22-03-2022",9.31551387305721,11.0385701459951,10.912956185682,12.4081097597217
"30-03-2022",9.32269063903787,11.0457158094904,10.9256086260057,12.4168852667738
"06-04-2022",9.32842386312103,11.0498492442711,10.9365442136766,12.4239736616775
"13-04-2022",9.33674760308159,11.0561629170981,10.9490647568505,12.4319755508735
"20-04-2022",9.34766186724714,11.0646568342863,10.9631702680552,12.4408909423642
"27-04-2022",9.36116666654876,11.0753310043432,10.9788607614166,12.4507198450822
"04-05-2022",9.37726201450171,11.0881854379518,10.9961362526384,12.46146226886
"11-05-2022",9.39192334068707,11.0994090307596,11.0128799397439,12.4734943246755
"18-05-2022",9.40515065978362,11.1090017940044,11.029091839497,12.4868160245756
"25-05-2022",9.41694398502846,11.1169637372848,11.0447719681216,12.5014273818899
"01-06-2022",9.42730332823053,11.1232948685747,11.0599203413183,12.5173284112499
"08-06-2022",9.43903715855193,11.1300817118435,11.0743244319964,12.5307693137649
"15-06-2022",9.45214548773767,11.1373242738856,11.0879842545746,12.5417501028899
"22-06-2022",9.4666283289096,11.1450225619495,11.1008998227259,12.5502707896157
"29-06-2022",9.48248569656664,11.1531765837435,11.1130711493814,12.5563313824742
"06-07-2022",9.49971760658265,11.1617863474294,11.1244982467242,12.559931887532
"13-07-2022",9.51472732066611,11.1724037084171,11.1362577810527,12.5651273317828
"20-07-2022",9.52751485383992,11.1850286773333,11.148349764137,12.5719177204229
"27-07-2022",9.53808021891004,11.1996612668193,11.1607742080856,12.5803030602582
"03-08-2022",9.54642342644702,11.2163014915189,11.1735311253308,12.5902833596738
"10-08-2022",9.55693916505751,11.2306537209019,11.1859317934188,12.599320162964
"17-08-2022",9.56962744526467,11.2427179693319,11.1979762247591,12.6074134791693
"24-08-2022",9.5844882797725,11.2524942488883,11.2096644314124,12.6145633163933
"31-08-2022",9.60152168345715,11.2599825693572,11.2209964250778,12.6207696817967
"07-09-2022",9.62072767336976,11.2651829382345,11.2319722170991,12.6260325815905
"14-09-2022",9.63818699142247,11.270621907745,11.2424056418998,12.6327527053613
"21-09-2022",9.65389965509483,11.2762994833351,11.2522967099257,12.6409300598409
"28-09-2022",9.66786568011394,11.282215670686,11.2616454310763,12.6505646532094
"05-10-2022",9.68008508046215,11.288370475722,11.2704518147119,12.6616564951183
"12-10-2022",9.69265080209349,11.2956722036789,11.2801496373389,12.6695186302241
"19-10-2022",9.70556285758408,11.3041208618638,11.2907389086634,12.6741510663925
"26-10-2022",9.71882125986034,11.3137164587351,11.3022196392861,12.6755538082638
"01-11-2022",9.73242602219386,11.3244590038976,11.3145918406997,12.673726857239
"08-11-2022",9.74533438833125,11.3335280191991,11.3266499722738,12.6735416670651
"15-11-2022",9.7575463711916,11.340923513716,11.3383940460772,12.6749982375526
"22-11-2022",9.76906198300025,11.3466454948528,11.349824073867,12.6780965701589
"29-11-2022",9.7798812352849,11.3506939683362,11.3609400670843,12.6828366679877
"06-12-2022",9.79000413887626,11.3530689382198,11.3717420368574,12.6892185357824
"13-12-2022",9.80153163885124,11.3585393478369,11.3811940054274,12.6971718644485
"20-12-2022",9.81446374675218,11.3671052026656,11.3892959822585,12.7066966619505
"27-12-2022",9.8288004755215,11.378766511278,11.3960479754576,12.7177929378199
"03-01-2023",9.84454183951145,11.393523285349,11.4014499917854,12.730460703164
"10-01-2023",9.85774564294787,11.4062326746807,11.4070627987713,12.7416155226042
"17-01-2023",9.86841189904927,11.4168946919982,11.412886402036,12.7512574073083
"24-01-2023",9.87654061849142,11.4255093479723,11.4189208074078,12.7593863669239
"31-01-2023",9.88213180940943,11.4320766512257,11.4251660209241,12.7660024095886
"07-02-2023",9.89125955709168,11.4383689089159,11.4335936935259,12.7741518585883
"14-02-2023",9.90392387067102,11.4443861273389,11.4442038336451,12.7838347220756
"21-02-2023",9.92012476282688,11.4501283125189,11.4569964519045,12.7950510097461
"28-02-2023",9.9398622497751,11.4555954702029,11.4719715611087,12.8078007328235
"07-03-2023",9.95532292048246,11.4622201761729,11.4849962162405,12.8195304026572
"14-03-2023",9.96650679042578,11.4700024370607,11.4960704303392,12.8302400309881
"21-03-2023",9.97341387079879,11.4789422606556,11.5051942144884,12.8399296285339
"29-03-2023",9.97604416851777,11.4890396559073,11.5123675778228,12.8485992049978
"05-04-2023",9.9743976862141,11.5002946329237,11.5175905275227,12.856248769056
"12-04-2023",9.9765920173255,11.5098627659419,11.5249354925063,12.8617850844994
"19-04-2023",9.98262716404502,11.5177440645361,11.5344024801221,12.8652081568648
"26-04-2023",9.99250313241537,11.5239385365984,11.5459914998491,12.8665179895799
"03-05-2023",10.0062199323238,11.5284461883301,11.5597025632896,12.8657145839573
"10-05-2023",10.0194558394044,11.5333434633195,11.5715199458838,12.8677692327563
"17-05-2023",10.0322108669072,11.5386303664697,11.5814436594621,12.8726819380343
"24-05-2023",10.0444850275989,11.5443069030721,11.5894737139572,12.8804527047063
"31-05-2023",10.056278333769,11.5503730788112,11.59561011741,12.8910815405539
"07-06-2023",10.0675907972208,11.556828899757,11.5998528759611,12.9045684562143
"14-06-2023",10.0808474568827,11.5623676655516,11.6045688265886,12.9157118346495
"21-06-2023",10.0960483260273,11.566989381741,11.6097579740155,12.924511687016
"28-06-2023",10.1131934198704,11.5706940529517,11.6154203234361,12.9309680221225
"05-07-2023",10.132282755573,11.5734816828899,11.6215558805159,12.9350808464295
"12-07-2023",10.1499253789404,11.5766320600971,11.6289637473076,12.9412296343008
"19-07-2023",10.1661213076301,11.5801451877241,11.6376439312233,12.9494143918861
"26-07-2023",10.1808705578577,11.5840210692898,11.6475964409543,12.9596351273859
"02-08-2023",10.194173144386,11.5882597086728,11.6588212864628,12.9718918510246
"09-08-2023",10.2059736431445,11.5926615978416,11.6668783825026,12.9822122429207
"16-08-2023",10.2162720659478,11.5972267412044,11.6717677371418,12.9905963134068
"23-08-2023",10.2250684231037,11.6019551433294,11.6734893552729,12.9970440708728
"30-08-2023",10.2323627234188,11.6068468089519,11.6720432386208,13.0015555217774
"06-09-2023",10.2381549741924,11.6119017429654,11.6674293857354,13.0041306706284
"13-09-2023",10.2477938796165,11.6174150165801,11.6674400898196,13.0092644590948
"20-09-2023",10.261279449338,11.6233866353136,11.672075350883,13.0169568923094
"27-09-2023",10.2786116968543,11.6298166051416,11.6813351735634,13.027207977968
"04-10-2023",10.2997906395181,11.6367049325018,11.6952195671314,13.0400177263379
"11-10-2023",10.3180259519452,11.6458102856673,11.7078654915021,13.0534585283625
"18-10-2023",10.3333176523857,11.6571326737478,11.7192729593294,13.0675303974885
"25-10-2023",10.3456657561484,11.6706721080799,11.7294419820344,13.0822333478052
"31-10-2023",10.3550702755976,11.6864286022184,11.7383725697993,13.0975673940372
"07-11-2023",10.3663624573767,11.6972621920769,11.7464947153756,13.1107150594259
"14-11-2023",10.3795423127923,11.7031728885026,11.7538084268966,13.1216763571406
"21-11-2023",10.3946098550387,11.7041606974116,11.7603137116833,13.1304512981543
"28-11-2023",10.411565099197,11.7002256197919,11.7660105762468,13.1370398912459
"05-12-2023",10.4304080622415,11.691367651706,11.770899026291,13.1414421430145
"12-12-2023",10.4495900129281,11.6900214037108,11.7771947925003,13.1485221827042
"19-12-2023",10.4691109704573,11.6961868744589,11.7848978811763,13.1582800174024
"26-12-2023",10.4889709543715,11.7098640701225,11.7940083000309,13.1707156568763
"02-01-2024",10.5091699845516,11.7310530043934,11.8045260581843,13.1858291135757
"09-01-2024",10.5263719914882,11.7487442081978,11.8153659144793,13.2004660526849
"16-01-2024",10.5405769924024,11.7629376992473,11.8265278797679,13.2146264888566
"23-01-2024",10.5517850015145,11.7736334917497,11.8380119652243,13.2283104362686
"30-01-2024",10.5599960300432,11.7808315964117,11.8498181823437,13.2415179086149
"06-02-2024",10.565210086209,11.7845320204399,11.8619465429457,13.2542489191218
"13-02-2024",10.5685760347519,11.7868206105447,11.869743723936,13.2633949801193
"20-02-2024",10.5700938790404,11.7876973690167,11.8732097331198,13.2689561007614
