Shipping Intelligence Network Timeseries;;;;;;;;
Created 23 February 2024 11:55;;;;;;;;
;;;;;;;;
Date;No;No;No;No;DWT million;DWT million;DWT million;DWT million
;Handysize Bulkcarrier Fleet Development;Handymax Bulkcarrier Fleet Development;Panamax Bulkcarrier Fleet Development;Capesize Bulkcarrier Fleet Development;Handysize Bulkcarrier Fleet Development;Handymax Bulkcarrier Fleet Development;Panamax Bulkcarrier Fleet Development;Capesize Bulkcarrier Fleet Development
Jan-1970;1 675;272;95;39;36,79;13,38;7,02;5,63
Feb-1970;1 777;288;103;44;39,31;14,18;7,57;6,23
Mar-1970;1 782;288;103;44;39,45;14,18;7,57;6,23
Apr-1970;1 787;288;103;46;39,56;14,18;7,57;6,49
May-1970;1 790;288;103;47;39,63;14,18;7,57;6,62
Jun-1970;1 795;288;103;48;39,78;14,18;7,57;6,73
Jul-1970;1 801;288;103;48;39,91;14,18;7,57;6,73
Aug-1970;1 802;288;103;48;39,94;14,18;7,57;6,73
Sep-1970;1 806;289;103;48;40,03;14,24;7,57;6,73
Oct-1970;1 812;290;103;49;40,16;14,30;7,57;6,86
Nov-1970;1 814;290;104;49;40,22;14,30;7,64;6,86
Dec-1970;1 816;292;104;49;40,29;14,40;7,64;6,86
Jan-1971;1 804;292;104;50;40,07;14,39;7,64;6,98
Feb-1971;1 914;302;116;62;42,85;14,89;8,48;8,54
Mar-1971;1 917;302;116;63;42,92;14,89;8,48;8,65
Apr-1971;1 920;302;117;63;43,01;14,89;8,55;8,65
May-1971;1 921;302;117;64;43,04;14,89;8,55;8,80
Jun-1971;1 928;302;117;65;43,22;14,89;8,55;8,92
Jul-1971;1 935;303;118;66;43,37;14,93;8,63;9,04
Aug-1971;1 937;304;118;66;43,45;14,97;8,63;9,04
Sep-1971;1 941;305;118;67;43,54;15,02;8,63;9,14
Oct-1971;1 944;306;118;68;43,63;15,07;8,63;9,31
Nov-1971;1 949;307;118;68;43,77;15,13;8,63;9,31
Dec-1971;1 951;307;119;68;43,83;15,13;8,69;9,31
Jan-1972;1 958;307;119;68;44,02;15,13;8,69;9,31
Feb-1972;1 992;311;126;72;44,91;15,33;9,16;9,86
Mar-1972;1 995;311;126;74;45,00;15,33;9,16;10,16
Apr-1972;1 998;311;127;75;45,12;15,33;9,24;10,29
May-1972;2 009;313;129;75;45,40;15,44;9,37;10,29
Jun-1972;2 011;315;132;75;45,48;15,53;9,58;10,29
Jul-1972;2 035;317;133;78;46,12;15,63;9,65;10,64
Aug-1972;2 047;318;134;78;46,46;15,69;9,72;10,64
Sep-1972;2 060;318;135;79;46,78;15,69;9,78;10,76
Oct-1972;2 077;318;135;82;47,29;15,69;9,78;11,09
Nov-1972;2 095;319;137;82;47,73;15,74;9,92;11,09
Dec-1972;2 113;321;141;84;48,23;15,83;10,22;11,36
Jan-1973;2 139;322;141;86;48,98;15,89;10,22;11,61
Feb-1973;2 156;322;144;89;49,44;15,89;10,43;11,95
Mar-1973;2 161;322;145;91;49,59;15,89;10,49;12,22
Apr-1973;2 173;324;146;93;49,97;15,98;10,56;12,51
May-1973;2 184;326;148;93;50,32;16,09;10,69;12,51
Jun-1973;2 196;329;151;94;50,64;16,24;10,89;12,64
Jul-1973;2 205;330;153;98;50,88;16,29;11,03;13,27
Aug-1973;2 224;330;153;99;51,36;16,29;11,03;13,39
Sep-1973;2 231;334;155;101;51,60;16,49;11,16;13,66
Oct-1973;2 247;337;158;103;52,07;16,64;11,35;13,92
Nov-1973;2 255;339;160;104;52,30;16,74;11,48;14,05
Dec-1973;2 265;341;165;107;52,63;16,85;11,82;14,44
Jan-1974;2 276;343;168;110;53,02;16,94;12,04;14,81
Feb-1974;2 283;346;169;111;53,23;17,08;12,11;14,94
Mar-1974;2 292;347;173;111;53,50;17,13;12,38;14,94
Apr-1974;2 302;348;176;112;53,75;17,19;12,58;15,07
May-1974;2 312;351;176;113;54,02;17,33;12,58;15,17
Jun-1974;2 318;353;178;114;54,19;17,43;12,72;15,30
Jul-1974;2 335;357;180;114;54,58;17,63;12,86;15,30
Aug-1974;2 354;361;183;116;55,07;17,83;13,05;15,55
Sep-1974;2 365;361;183;116;55,35;17,83;13,05;15,55
Oct-1974;2 374;363;185;116;55,63;17,93;13,18;15,55
Nov-1974;2 394;369;187;117;56,15;18,23;13,31;15,69
Dec-1974;2 407;373;191;117;56,50;18,44;13,59;15,69
Jan-1975;2 419;376;193;118;56,81;18,58;13,75;15,81
Feb-1975;2 434;377;195;119;57,12;18,62;13,90;15,93
Mar-1975;2 445;378;197;119;57,43;18,66;14,04;15,93
Apr-1975;2 458;380;200;120;57,71;18,75;14,23;16,05
May-1975;2 468;380;203;120;57,96;18,75;14,44;16,05
Jun-1975;2 473;385;204;123;58,08;18,99;14,51;16,41
Jul-1975;2 488;391;204;124;58,35;19,30;14,51;16,53
Aug-1975;2 501;392;206;125;58,69;19,35;14,65;16,64
Sep-1975;2 514;394;206;126;59,00;19,46;14,65;16,75
Oct-1975;2 522;394;211;126;59,18;19,46;14,99;16,75
Nov-1975;2 535;399;213;127;59,49;19,69;15,13;16,88
Dec-1975;2 543;403;215;129;59,65;19,90;15,26;17,14
Jan-1976;2 567;404;220;132;60,24;19,96;15,62;17,50
Feb-1976;2 582;405;224;133;60,66;20,00;15,89;17,63
Mar-1976;2 589;408;226;135;60,82;20,14;16,01;17,88
Apr-1976;2 599;409;227;135;61,09;20,18;16,08;17,88
May-1976;2 605;413;230;137;61,27;20,38;16,28;18,14
Jun-1976;2 621;414;234;138;61,64;20,43;16,53;18,26
Jul-1976;2 639;418;234;138;62,08;20,62;16,52;18,26
Aug-1976;2 657;424;237;140;62,55;20,90;16,72;18,51
Sep-1976;2 672;426;241;143;62,83;20,99;16,98;18,85
Oct-1976;2 688;428;244;146;63,28;21,08;17,17;19,24
Nov-1976;2 723;431;247;147;64,19;21,23;17,39;19,36
Dec-1976;2 747;432;251;147;64,73;21,29;17,66;19,36
Jan-1977;2 771;437;256;150;65,33;21,53;18,02;19,75
Feb-1977;2 787;441;265;150;65,78;21,73;18,63;19,75
Mar-1977;2 801;441;269;150;66,16;21,73;18,91;19,75
Apr-1977;2 823;443;273;151;66,75;21,81;19,17;19,87
May-1977;2 848;447;281;153;67,41;21,98;19,70;20,13
Jun-1977;2 859;450;283;153;67,79;22,11;19,83;20,13
Jul-1977;2 874;455;284;154;68,20;22,34;19,90;20,25
Aug-1977;2 892;456;284;158;68,71;22,39;19,90;20,78
Sep-1977;2 919;458;287;158;69,47;22,48;20,14;20,78
Oct-1977;2 928;459;290;158;69,75;22,52;20,34;20,78
Nov-1977;2 944;461;292;158;70,27;22,62;20,47;20,78
Dec-1977;2 949;463;295;159;70,42;22,71;20,67;20,91
Jan-1978;3 022;467;299;161;72,04;22,91;20,94;21,20
Feb-1978;3 032;469;303;161;72,35;23,01;21,22;21,20
Mar-1978;3 044;471;305;162;72,70;23,08;21,37;21,32
Apr-1978;3 048;471;306;164;72,89;23,08;21,44;21,57
May-1978;3 059;471;310;167;73,17;23,07;21,71;21,93
Jun-1978;3 065;472;314;168;73,38;23,10;21,97;22,06
Jul-1978;3 082;473;314;168;73,78;23,14;21,97;22,06
Aug-1978;3 098;477;317;168;74,23;23,30;22,19;22,06
Sep-1978;3 096;477;316;168;74,18;23,29;22,12;22,06
Oct-1978;3 103;479;315;168;74,36;23,37;22,05;22,06
Nov-1978;3 117;481;315;169;74,71;23,46;22,05;22,17
Dec-1978;3 121;484;315;169;74,82;23,59;22,05;22,17
Jan-1979;3 129;487;318;169;75,04;23,76;22,25;22,17
Feb-1979;3 140;487;320;169;75,32;23,76;22,37;22,17
Mar-1979;3 138;488;322;169;75,33;23,80;22,53;22,17
Apr-1979;3 146;488;322;170;75,57;23,80;22,53;22,29
May-1979;3 155;488;323;171;75,78;23,80;22,60;22,39
Jun-1979;3 156;487;323;171;75,87;23,76;22,60;22,39
Jul-1979;3 159;488;325;171;76,04;23,81;22,73;22,39
Aug-1979;3 160;489;325;172;76,11;23,85;22,73;22,51
Sep-1979;3 161;488;325;172;76,14;23,80;22,73;22,51
Oct-1979;3 158;488;325;172;76,07;23,80;22,73;22,51
Nov-1979;3 167;489;325;172;76,33;23,84;22,73;22,51
Dec-1979;3 173;490;325;172;76,50;23,88;22,73;22,51
Jan-1980;3 170;489;327;173;76,51;23,81;22,88;22,63
Feb-1980;3 174;491;327;173;76,61;23,92;22,88;22,63
Mar-1980;3 180;491;327;173;76,78;23,92;22,88;22,63
Apr-1980;3 183;491;327;173;76,88;23,92;22,88;22,63
May-1980;3 193;492;330;173;77,14;23,96;23,07;22,63
Jun-1980;3 201;494;331;173;77,38;24,08;23,13;22,63
Jul-1980;3 201;494;331;174;77,45;24,08;23,13;22,74
Aug-1980;3 207;495;332;174;77,64;24,12;23,19;22,74
Sep-1980;3 208;495;334;174;77,68;24,12;23,32;22,74
Oct-1980;3 214;496;335;174;77,90;24,18;23,38;22,74
Nov-1980;3 221;498;338;175;78,08;24,27;23,59;22,88
Dec-1980;3 217;499;340;176;78,07;24,33;23,71;22,98
Jan-1981;3 217;496;347;176;78,19;24,18;24,25;23,08
Feb-1981;3 224;497;354;178;78,34;24,23;24,70;23,41
Mar-1981;3 231;498;355;179;78,56;24,27;24,76;23,55
Apr-1981;3 239;498;359;182;78,80;24,27;25,01;23,95
May-1981;3 251;500;366;183;79,13;24,36;25,48;24,09
Jun-1981;3 256;500;368;184;79,24;24,35;25,61;24,22
Jul-1981;3 265;502;370;187;79,47;24,45;25,74;24,62
Aug-1981;3 274;502;379;190;79,71;24,45;26,34;25,10
Sep-1981;3 284;502;381;193;79,99;24,45;26,47;25,50
Oct-1981;3 291;502;387;199;80,17;24,45;26,86;26,31
Nov-1981;3 303;505;391;199;80,51;24,59;27,12;26,31
Dec-1981;3 316;506;395;200;80,84;24,64;27,39;26,45
Jan-1982;3 327;505;414;210;81,20;24,58;28,94;27,88
Feb-1982;3 329;504;418;213;81,29;24,53;29,18;28,43
Mar-1982;3 334;506;425;215;81,53;24,61;29,65;28,70
Apr-1982;3 339;510;430;221;81,70;24,78;29,98;29,51
May-1982;3 348;512;434;222;82,01;24,87;30,26;29,64
Jun-1982;3 349;514;439;222;82,08;24,95;30,58;29,64
Jul-1982;3 360;516;446;226;82,41;25,03;31,03;30,23
Aug-1982;3 368;519;452;226;82,66;25,16;31,47;30,23
Sep-1982;3 374;518;456;230;82,84;25,10;31,75;30,91
Oct-1982;3 375;521;464;233;82,89;25,23;32,31;31,44
Nov-1982;3 391;524;472;235;83,37;25,37;32,84;31,71
Dec-1982;3 405;528;481;235;83,74;25,55;33,45;31,71
Jan-1983;3 410;527;486;239;83,90;25,48;33,83;32,32
Feb-1983;3 414;530;495;239;84,04;25,61;34,43;32,29
Mar-1983;3 416;534;498;241;84,16;25,79;34,62;32,60
Apr-1983;3 413;535;504;242;84,15;25,82;35,01;32,86
May-1983;3 421;534;507;243;84,46;25,77;35,22;33,08
Jun-1983;3 426;536;512;244;84,71;25,86;35,56;33,23
Jul-1983;3 431;535;515;245;84,88;25,79;35,76;33,37
Aug-1983;3 446;536;519;247;85,29;25,82;36,00;33,74
Sep-1983;3 444;539;520;247;85,33;25,95;36,07;33,74
Oct-1983;3 446;538;523;247;85,50;25,88;36,27;33,74
Nov-1983;3 450;541;527;247;85,73;26,02;36,55;33,74
Dec-1983;3 453;539;533;247;85,88;25,91;36,94;33,74
Jan-1984;3 437;543;541;252;85,52;26,10;37,53;34,49
Feb-1984;3 434;541;547;252;85,55;26,02;37,92;34,49
Mar-1984;3 436;547;550;252;85,65;26,30;38,12;34,49
Apr-1984;3 443;551;556;252;86,03;26,48;38,51;34,49
May-1984;3 451;555;560;252;86,50;26,63;38,77;34,49
Jun-1984;3 458;558;562;252;86,82;26,77;38,89;34,49
Jul-1984;3 461;560;569;254;87,11;26,84;39,34;34,81
Aug-1984;3 468;567;574;255;87,53;27,16;39,66;34,98
Sep-1984;3 482;572;577;256;88,00;27,38;39,86;35,13
Oct-1984;3 486;574;575;259;88,26;27,46;39,70;35,63
Nov-1984;3 485;582;577;261;88,40;27,79;39,80;35,96
Dec-1984;3 491;584;584;261;88,72;27,86;40,27;36,02
Jan-1985;3 483;592;587;269;88,70;28,20;40,49;37,20
Feb-1985;3 479;599;588;268;88,78;28,47;40,56;37,06
Mar-1985;3 471;599;590;270;88,79;28,43;40,69;37,45
Apr-1985;3 472;614;589;273;88,95;29,07;40,62;38,06
May-1985;3 468;621;588;273;89,00;29,33;40,56;38,06
Jun-1985;3 464;624;588;274;88,90;29,42;40,56;38,23
Jul-1985;3 470;636;587;277;89,16;29,96;40,48;38,76
Aug-1985;3 464;641;592;277;89,12;30,16;40,82;38,76
Sep-1985;3 456;648;591;276;88,96;30,44;40,76;38,60
Oct-1985;3 450;646;594;277;88,82;30,35;40,95;38,80
Nov-1985;3 450;645;590;278;88,92;30,30;40,67;39,01
Dec-1985;3 444;644;589;280;88,83;30,25;40,59;39,40
Jan-1986;3 415;644;586;284;88,11;30,22;40,36;40,13
Feb-1986;3 409;646;586;285;88,02;30,27;40,35;40,24
Mar-1986;3 393;646;581;288;87,65;30,23;39,98;40,78
Apr-1986;3 395;650;585;292;87,76;30,40;40,23;41,53
May-1986;3 388;645;585;293;87,56;30,14;40,22;41,73
Jun-1986;3 373;641;585;293;87,23;29,92;40,22;41,78
Jul-1986;3 357;641;586;295;86,88;29,87;40,29;42,16
Aug-1986;3 352;638;583;293;86,79;29,69;40,08;41,92
Sep-1986;3 331;639;585;294;86,31;29,71;40,20;42,15
Oct-1986;3 318;638;582;296;86,02;29,65;39,93;42,50
Nov-1986;3 313;639;582;297;85,87;29,70;39,91;42,68
Dec-1986;3 303;636;578;299;85,63;29,56;39,59;43,09
Jan-1987;3 287;640;577;301;85,21;29,75;39,47;43,63
Feb-1987;3 285;645;579;299;85,23;29,96;39,61;43,36
Mar-1987;3 281;645;579;297;85,20;29,96;39,60;43,10
Apr-1987;3 274;644;579;299;85,03;29,91;39,56;43,48
May-1987;3 275;647;586;297;85,11;30,05;40,04;43,27
Jun-1987;3 267;644;586;299;84,91;29,91;40,05;43,61
Jul-1987;3 259;643;586;300;84,71;29,85;40,04;43,80
Aug-1987;3 250;643;588;302;84,50;29,85;40,17;44,17
Sep-1987;3 236;641;590;301;84,15;29,75;40,29;44,06
Oct-1987;3 231;638;590;301;84,05;29,61;40,29;44,04
Nov-1987;3 227;638;591;301;83,96;29,60;40,32;44,06
Dec-1987;3 218;638;593;301;83,72;29,59;40,44;44,15
Jan-1988;3 199;633;590;300;83,25;29,34;40,23;44,12
Feb-1988;3 195;634;590;301;83,16;29,38;40,21;44,35
Mar-1988;3 194;634;590;301;83,14;29,38;40,21;44,35
Apr-1988;3 191;636;591;303;83,07;29,47;40,27;44,78
May-1988;3 187;636;588;303;83,01;29,46;40,04;44,78
Jun-1988;3 187;636;589;303;83,00;29,47;40,11;44,78
Jul-1988;3 185;637;590;304;82,96;29,53;40,18;44,96
Aug-1988;3 184;637;594;304;82,93;29,52;40,46;44,96
Sep-1988;3 182;637;594;304;82,89;29,52;40,46;44,96
Oct-1988;3 177;637;594;307;82,78;29,51;40,46;45,47
Nov-1988;3 173;638;598;307;82,70;29,53;40,74;45,47
Dec-1988;3 170;639;598;307;82,62;29,58;40,75;45,47
Jan-1989;3 163;637;599;309;82,43;29,48;40,79;46,00
Feb-1989;3 167;638;605;310;82,55;29,52;41,21;46,18
Mar-1989;3 166;640;606;311;82,53;29,60;41,27;46,36
Apr-1989;3 165;640;609;312;82,52;29,60;41,48;46,51
May-1989;3 166;643;612;312;82,57;29,73;41,67;46,51
Jun-1989;3 167;643;613;314;82,60;29,73;41,74;46,84
Jul-1989;3 168;645;616;315;82,65;29,83;41,94;46,99
Aug-1989;3 169;646;617;318;82,65;29,87;42,01;47,51
Sep-1989;3 169;647;618;319;82,65;29,91;42,07;47,74
Oct-1989;3 170;650;623;321;82,71;30,04;42,41;48,10
Nov-1989;3 164;652;625;321;82,53;30,13;42,54;48,10
Dec-1989;3 165;656;629;324;82,57;30,31;42,81;48,61
Jan-1990;3 154;657;630;323;82,37;30,35;42,88;48,48
Feb-1990;3 150;660;632;326;82,27;30,48;43,02;48,99
Mar-1990;3 149;662;633;329;82,30;30,58;43,09;49,50
Apr-1990;3 146;665;638;333;82,26;30,71;43,44;50,07
May-1990;3 142;668;642;334;82,14;30,83;43,72;50,32
Jun-1990;3 139;668;646;335;82,07;30,83;43,99;50,47
Jul-1990;3 138;670;646;339;82,02;30,92;43,96;51,11
Aug-1990;3 138;670;648;345;82,01;30,92;44,10;52,04
Sep-1990;3 137;671;648;347;82,02;30,96;44,10;52,31
Oct-1990;3 138;672;653;351;82,04;31,01;44,45;53,10
Nov-1990;3 139;675;654;352;82,10;31,15;44,52;53,25
Dec-1990;3 139;676;654;356;82,14;31,20;44,52;53,86
Jan-1991;3 126;682;653;355;81,88;31,48;44,41;53,78
Feb-1991;3 126;682;656;357;81,91;31,46;44,64;54,08
Mar-1991;3 127;687;657;357;81,93;31,67;44,73;54,11
Apr-1991;3 127;691;659;360;81,93;31,85;44,88;54,56
May-1991;3 123;690;659;360;81,86;31,80;44,87;54,56
Jun-1991;3 116;693;660;360;81,70;31,92;44,94;54,68
Jul-1991;3 119;696;662;360;81,80;32,05;45,11;54,68
Aug-1991;3 122;699;662;359;81,86;32,19;45,11;54,56
Sep-1991;3 122;701;663;361;81,86;32,28;45,18;54,86
Oct-1991;3 121;703;665;361;81,83;32,37;45,31;54,86
Nov-1991;3 121;705;667;361;81,83;32,45;45,44;54,86
Dec-1991;3 118;707;667;363;81,77;32,55;45,44;55,30
Jan-1992;3 108;707;667;362;81,57;32,56;45,45;55,25
Feb-1992;3 108;709;668;362;81,57;32,65;45,52;55,25
Mar-1992;3 107;709;668;362;81,57;32,64;45,52;55,27
Apr-1992;3 104;710;666;361;81,50;32,68;45,38;55,15
May-1992;3 104;708;665;359;81,52;32,60;45,31;54,97
Jun-1992;3 103;711;665;360;81,51;32,74;45,33;55,12
Jul-1992;3 105;711;664;361;81,55;32,74;45,23;55,48
Aug-1992;3 105;712;664;363;81,56;32,77;45,23;55,78
Sep-1992;3 105;712;664;360;81,57;32,75;45,23;55,43
Oct-1992;3 102;713;662;362;81,51;32,79;45,10;55,83
Nov-1992;3 106;715;662;364;81,62;32,88;45,10;56,13
Dec-1992;3 108;713;660;361;81,68;32,78;44,96;55,80
Jan-1993;3 104;712;662;360;81,60;32,73;45,09;55,67
Feb-1993;3 104;712;664;363;81,59;32,73;45,23;56,29
Mar-1993;3 102;713;664;369;81,54;32,77;45,23;57,19
Apr-1993;3 096;716;664;370;81,38;32,92;45,23;57,35
May-1993;3 093;716;669;370;81,24;32,92;45,58;57,42
Jun-1993;3 091;717;669;371;81,21;32,96;45,59;57,61
Jul-1993;3 093;717;672;371;81,25;32,96;45,81;57,60
Aug-1993;3 093;717;677;371;81,28;32,96;46,17;57,64
Sep-1993;3 093;717;677;376;81,29;32,96;46,17;58,43
Oct-1993;3 087;715;683;376;81,19;32,86;46,60;58,42
Nov-1993;3 086;714;684;376;81,17;32,83;46,67;58,42
Dec-1993;3 087;715;686;378;81,21;32,87;46,81;58,75
Jan-1994;3 081;715;689;376;81,12;32,87;47,01;58,54
Feb-1994;3 077;714;693;374;81,03;32,82;47,30;58,32
Mar-1994;3 072;717;696;375;80,91;32,96;47,52;58,48
Apr-1994;3 070;717;700;376;80,88;32,95;47,80;58,69
May-1994;3 072;718;704;383;80,94;32,99;48,07;59,77
Jun-1994;3 072;720;710;383;80,95;33,07;48,49;59,77
Jul-1994;3 070;726;714;383;80,90;33,33;48,78;59,90
Aug-1994;3 069;733;718;384;80,87;33,62;49,05;60,07
Sep-1994;3 067;738;723;385;80,84;33,83;49,40;60,24
Oct-1994;3 064;748;729;389;80,77;34,29;49,80;60,86
Nov-1994;3 065;754;734;390;80,79;34,55;50,15;61,04
Dec-1994;3 065;757;736;393;80,80;34,68;50,32;61,51
Jan-1995;3 063;762;739;394;80,75;34,91;50,51;61,67
Feb-1995;3 069;763;746;404;80,91;34,95;51,02;63,30
Mar-1995;3 071;768;753;406;80,96;35,18;51,55;63,60
Apr-1995;3 075;772;763;411;81,09;35,37;52,28;64,20
May-1995;3 074;782;766;413;81,06;35,82;52,50;64,50
Jun-1995;3 072;792;776;416;81,03;36,27;53,26;64,98
Jul-1995;3 079;801;778;419;81,20;36,68;53,42;65,43
Aug-1995;3 084;805;786;421;81,36;36,86;54,00;65,74
Sep-1995;3 085;810;789;426;81,38;37,08;54,23;66,55
Oct-1995;3 094;823;789;427;81,62;37,67;54,23;66,72
Nov-1995;3 093;826;797;429;81,60;37,81;54,82;67,02
Dec-1995;3 097;831;797;430;81,72;38,03;54,82;67,19
Jan-1996;3 112;836;798;437;82,05;38,26;54,91;68,30
Feb-1996;3 118;842;806;441;82,21;38,53;55,49;68,95
Mar-1996;3 118;847;809;442;82,15;38,76;55,70;69,15
Apr-1996;3 126;856;810;445;82,34;39,17;55,79;69,63
May-1996;3 130;860;815;447;82,44;39,33;56,15;70,03
Jun-1996;3 135;868;817;447;82,57;39,68;56,31;70,06
Jul-1996;3 137;875;820;452;82,62;39,99;56,54;70,91
Aug-1996;3 136;873;824;454;82,60;39,85;56,82;71,46
Sep-1996;3 130;876;820;452;82,45;39,96;56,53;71,26
Oct-1996;3 128;885;822;457;82,42;40,37;56,70;72,14
Nov-1996;3 122;886;824;459;82,25;40,40;56,86;72,51
Dec-1996;3 112;891;825;464;81,97;40,61;56,94;73,38
Jan-1997;3 107;897;829;466;81,87;40,88;57,23;73,73
Feb-1997;3 113;909;832;477;82,09;41,42;57,47;75,57
Mar-1997;3 115;910;831;478;82,11;41,48;57,41;75,78
Apr-1997;3 126;920;837;485;82,35;41,93;57,85;77,02
May-1997;3 128;922;845;488;82,39;42,03;58,45;77,52
Jun-1997;3 120;923;847;485;82,21;42,08;58,59;76,75
Jul-1997;3 122;926;854;492;82,29;42,21;59,08;77,76
Aug-1997;3 117;934;863;493;82,16;42,57;59,73;77,85
Sep-1997;3 114;938;863;494;82,15;42,76;59,73;78,07
Oct-1997;3 113;946;871;495;82,10;43,12;60,31;78,39
Nov-1997;3 110;948;880;494;82,03;43,21;60,98;78,24
Dec-1997;3 105;950;884;495;81,92;43,31;61,27;78,56
Jan-1998;3 097;951;885;493;81,67;43,37;61,37;78,34
Feb-1998;3 096;958;892;494;81,60;43,68;61,89;78,44
Mar-1998;3 081;967;892;491;81,20;44,10;61,90;78,14
Apr-1998;3 076;969;902;491;81,03;44,18;62,61;78,14
May-1998;3 061;971;904;490;80,62;44,25;62,78;78,03
Jun-1998;3 050;974;909;490;80,28;44,40;63,16;78,04
Jul-1998;3 044;980;913;487;80,08;44,66;63,46;77,72
Aug-1998;3 033;983;914;486;79,79;44,80;63,57;77,65
Sep-1998;3 032;984;913;486;79,75;44,82;63,52;77,73
Oct-1998;3 028;990;913;485;79,65;45,10;63,52;77,61
Nov-1998;3 017;991;910;484;79,36;45,15;63,31;77,49
Dec-1998;3 012;989;910;485;79,27;45,06;63,31;77,64
Jan-1999;2 996;991;907;481;78,86;45,16;63,09;77,13
Feb-1999;2 993;993;914;481;78,83;45,27;63,61;77,21
Mar-1999;2 982;990;915;483;78,54;45,11;63,66;77,61
Apr-1999;2 975;992;916;486;78,33;45,21;63,79;78,17
May-1999;2 964;990;921;484;78,04;45,08;64,17;78,16
Jun-1999;2 962;991;921;486;78,01;45,13;64,15;78,53
Jul-1999;2 961;992;921;486;77,96;45,16;64,17;78,67
Aug-1999;2 947;994;926;486;77,66;45,26;64,54;78,73
Sep-1999;2 945;995;929;486;77,63;45,30;64,77;78,77
Oct-1999;2 943;996;934;487;77,57;45,34;65,12;78,98
Nov-1999;2 942;1 000;940;486;77,54;45,53;65,56;78,86
Dec-1999;2 941;1 001;942;487;77,51;45,56;65,72;79,03
Jan-2000;2 934;998;940;486;77,31;45,41;65,60;78,92
Feb-2000;2 930;1 003;950;489;77,25;45,67;66,35;79,48
Mar-2000;2 929;1 002;954;490;77,21;45,61;66,65;79,72
Apr-2000;2 925;1 004;962;493;77,08;45,70;67,28;80,13
May-2000;2 928;1 005;966;496;77,19;45,74;67,59;80,64
Jun-2000;2 923;1 005;968;497;77,09;45,74;67,76;80,79
Jul-2000;2 921;1 010;970;499;77,02;45,98;67,91;81,16
Aug-2000;2 915;1 015;973;499;76,84;46,21;68,14;81,17
Sep-2000;2 908;1 019;976;502;76,68;46,40;68,38;81,69
Oct-2000;2 902;1 019;982;506;76,53;46,39;68,85;82,40
Nov-2000;2 891;1 019;989;506;76,24;46,39;69,38;82,46
Dec-2000;2 880;1 022;995;507;75,96;46,54;69,83;82,69
Jan-2001;2 868;1 020;998;506;75,65;46,43;70,07;82,63
Feb-2001;2 864;1 029;1 012;509;75,56;46,89;71,13;83,14
Mar-2001;2 865;1 034;1 020;512;75,61;47,14;71,72;83,72
Apr-2001;2 863;1 041;1 035;518;75,54;47,49;72,85;84,68
May-2001;2 853;1 051;1 039;518;75,30;47,99;73,17;84,68
Jun-2001;2 848;1 057;1 051;516;75,16;48,31;74,07;84,51
Jul-2001;2 846;1 065;1 055;520;75,09;48,70;74,42;85,12
Aug-2001;2 840;1 073;1 067;524;74,93;49,10;75,33;85,80
Sep-2001;2 828;1 078;1 071;526;74,58;49,37;75,68;86,09
Oct-2001;2 823;1 089;1 079;531;74,45;49,91;76,30;86,97
Nov-2001;2 816;1 094;1 077;531;74,25;50,17;76,19;86,96
Dec-2001;2 801;1 096;1 077;529;73,88;50,30;76,25;86,72
Jan-2002;2 792;1 100;1 079;527;73,60;50,51;76,39;86,43
Feb-2002;2 786;1 112;1 092;530;73,40;51,12;77,39;87,05
Mar-2002;2 783;1 117;1 093;531;73,32;51,38;77,47;87,34
Apr-2002;2 787;1 125;1 099;533;73,41;51,76;77,95;87,68
May-2002;2 786;1 131;1 102;533;73,37;52,07;78,19;87,71
Jun-2002;2 783;1 139;1 109;534;73,31;52,48;78,73;87,99
Jul-2002;2 780;1 146;1 111;534;73,22;52,83;78,90;88,03
Aug-2002;2 771;1 152;1 112;536;72,99;53,15;79,02;88,45
Sep-2002;2 764;1 158;1 113;536;72,79;53,48;79,14;88,51
Oct-2002;2 763;1 162;1 110;537;72,79;53,72;78,94;88,68
Nov-2002;2 755;1 171;1 108;537;72,59;54,17;78,86;88,71
Dec-2002;2 750;1 175;1 110;537;72,47;54,38;79,02;88,71
Jan-2003;2 743;1 177;1 111;537;72,34;54,48;79,10;88,71
Feb-2003;2 741;1 186;1 114;541;72,32;54,95;79,31;89,41
Mar-2003;2 739;1 189;1 116;541;72,27;55,12;79,47;89,41
Apr-2003;2 736;1 197;1 117;544;72,18;55,54;79,54;89,94
May-2003;2 734;1 204;1 118;545;72,11;55,91;79,63;90,14
Jun-2003;2 727;1 208;1 120;547;71,93;56,12;79,78;90,55
Jul-2003;2 727;1 214;1 121;550;71,94;56,43;79,91;91,08
Aug-2003;2 727;1 215;1 122;550;71,90;56,49;79,98;91,19
Sep-2003;2 723;1 220;1 122;554;71,80;56,74;80,00;91,89
Oct-2003;2 721;1 223;1 123;556;71,76;56,89;80,11;92,24
Nov-2003;2 716;1 228;1 125;559;71,67;57,15;80,26;92,77
Dec-2003;2 713;1 230;1 126;561;71,61;57,28;80,34;93,11
Jan-2004;2 711;1 233;1 126;563;71,57;57,44;80,34;93,46
Feb-2004;2 704;1 241;1 129;570;71,40;57,83;80,57;94,64
Mar-2004;2 691;1 245;1 135;573;71,09;58,05;81,03;95,20
Apr-2004;2 691;1 254;1 142;575;71,12;58,52;81,56;95,55
May-2004;2 695;1 258;1 149;576;71,26;58,74;82,11;95,72
Jun-2004;2 698;1 263;1 156;581;71,39;59,00;82,67;96,65
Jul-2004;2 703;1 269;1 162;585;71,56;59,30;83,12;97,41
Aug-2004;2 707;1 276;1 171;589;71,69;59,68;83,81;98,13
Sep-2004;2 709;1 281;1 176;591;71,76;59,94;84,21;98,48
Oct-2004;2 718;1 293;1 186;594;72,03;60,58;84,98;99,10
Nov-2004;2 722;1 299;1 192;596;72,15;60,89;85,44;99,48
Dec-2004;2 726;1 307;1 200;604;72,27;61,31;86,04;101,30
Jan-2005;2 727;1 311;1 203;608;72,31;61,53;86,29;102,09
Feb-2005;2 716;1 321;1 209;615;71,98;62,07;86,74;103,34
Mar-2005;2 718;1 326;1 215;617;72,06;62,34;87,20;103,70
Apr-2005;2 718;1 334;1 226;624;72,11;62,79;88,05;104,96
May-2005;2 727;1 346;1 236;626;72,36;63,43;88,83;105,34
Jun-2005;2 732;1 355;1 245;628;72,47;63,92;89,52;105,76
Jul-2005;2 733;1 363;1 251;631;72,48;64,35;89,99;106,29
Aug-2005;2 744;1 378;1 263;633;72,71;65,16;90,92;106,73
Sep-2005;2 753;1 382;1 267;638;72,93;65,38;91,23;107,64
Oct-2005;2 759;1 389;1 277;646;73,05;65,75;92,01;109,03
Nov-2005;2 766;1 399;1 285;649;73,26;66,31;92,64;109,59
Dec-2005;2 767;1 408;1 294;654;73,22;66,78;93,38;110,62
Jan-2006;2 776;1 415;1 296;656;73,38;67,18;93,54;110,97
Feb-2006;2 772;1 423;1 312;664;73,24;67,62;94,80;112,41
Mar-2006;2 772;1 430;1 315;668;73,23;68,00;95,03;113,12
Apr-2006;2 772;1 442;1 326;672;73,20;68,67;95,93;113,86
May-2006;2 780;1 452;1 332;678;73,36;69,18;96,43;114,98
Jun-2006;2 782;1 455;1 341;679;73,36;69,35;97,14;115,18
Jul-2006;2 789;1 465;1 349;685;73,49;69,89;97,79;116,23
Aug-2006;2 796;1 474;1 356;686;73,64;70,37;98,35;116,41
Sep-2006;2 799;1 477;1 365;692;73,70;70,54;99,08;117,48
Oct-2006;2 802;1 484;1 375;695;73,77;70,91;99,93;118,00
Nov-2006;2 805;1 493;1 380;702;73,87;71,39;100,31;119,28
Dec-2006;2 813;1 502;1 388;705;74,00;71,86;100,95;119,81
Jan-2007;2 817;1 507;1 395;709;74,07;72,13;101,51;120,56
Feb-2007;2 824;1 513;1 403;718;74,19;72,47;102,13;122,11
Mar-2007;2 828;1 520;1 410;722;74,26;72,85;102,74;122,91
Apr-2007;2 832;1 528;1 418;727;74,36;73,29;103,38;123,84
May-2007;2 840;1 536;1 426;734;74,60;73,70;104,02;125,18
Jun-2007;2 846;1 547;1 430;737;74,75;74,29;104,35;125,77
Jul-2007;2 853;1 556;1 438;740;74,90;74,79;105,00;126,33
Aug-2007;2 866;1 567;1 445;748;75,16;75,40;105,57;127,72
Sep-2007;2 873;1 571;1 452;750;75,33;75,62;106,14;128,08
Oct-2007;2 888;1 580;1 457;753;75,66;76,11;106,54;128,64
Nov-2007;2 899;1 589;1 459;755;75,95;76,59;106,71;129,00
Dec-2007;2 910;1 599;1 468;761;76,19;77,13;107,43;130,15
Jan-2008;2 921;1 605;1 475;766;76,39;77,46;108,00;131,24
Feb-2008;2 936;1 616;1 481;770;76,68;78,09;108,48;131,95
Mar-2008;2 943;1 627;1 486;772;76,86;78,69;108,89;132,31
Apr-2008;2 952;1 638;1 496;776;77,08;79,30;109,68;133,05
May-2008;2 974;1 641;1 501;779;77,49;79,47;110,07;133,64
Jun-2008;2 999;1 654;1 510;784;78,03;80,18;110,77;134,72
Jul-2008;3 012;1 671;1 514;792;78,31;81,11;111,09;136,24
Aug-2008;3 032;1 679;1 519;799;78,73;81,53;111,51;137,97
Sep-2008;3 048;1 688;1 530;806;79,16;82,02;112,36;139,60
Oct-2008;3 063;1 697;1 540;813;79,53;82,53;113,23;141,24
Nov-2008;3 078;1 704;1 549;816;79,87;82,93;113,99;141,92
Dec-2008;3 090;1 718;1 550;818;80,08;83,73;114,23;142,42
Jan-2009;3 076;1 722;1 549;821;79,37;84,02;114,26;143,25
Feb-2009;3 075;1 738;1 548;822;79,06;84,96;114,31;143,61
Mar-2009;3 067;1 742;1 552;833;78,69;85,20;114,68;145,76
Apr-2009;3 084;1 752;1 556;840;78,92;85,76;115,07;147,52
May-2009;3 086;1 768;1 562;847;78,81;86,69;115,55;148,83
Jun-2009;3 094;1 780;1 569;855;78,89;87,37;116,17;150,44
Jul-2009;3 121;1 788;1 582;866;79,46;87,83;117,29;152,53
Aug-2009;3 143;1 797;1 584;885;80,02;88,35;117,48;156,25
Sep-2009;3 163;1 817;1 589;897;80,42;89,50;117,92;158,52
Oct-2009;3 184;1 834;1 597;914;80,95;90,45;118,60;162,01
Nov-2009;3 205;1 850;1 606;928;81,45;91,34;119,35;164,85
Dec-2009;3 226;1 871;1 614;942;81,89;92,53;120,01;167,54
Jan-2010;3 248;1 880;1 617;955;82,34;93,05;120,28;170,00
Feb-2010;3 280;1 912;1 635;973;83,12;94,87;121,77;173,17
Mar-2010;3 300;1 927;1 644;986;83,71;95,71;122,56;175,74
Apr-2010;3 315;1 957;1 653;1 009;84,13;97,40;123,35;180,08
May-2010;3 334;1 985;1 672;1 023;84,67;98,99;124,97;182,64
Jun-2010;3 359;2 019;1 681;1 038;85,35;100,92;125,72;185,53
Jul-2010;3 380;2 040;1 695;1 056;85,98;102,16;126,93;189,09
Aug-2010;3 414;2 071;1 708;1 078;86,91;103,89;128,01;193,20
Sep-2010;3 437;2 094;1 719;1 089;87,54;105,19;128,95;195,46
Oct-2010;3 463;2 129;1 738;1 110;88,24;107,19;130,59;199,13
Nov-2010;3 487;2 150;1 751;1 128;88,99;108,39;131,68;202,50
Dec-2010;3 506;2 179;1 772;1 145;89,55;110,04;133,41;205,90
Jan-2011;3 519;2 202;1 788;1 162;89,87;111,37;134,82;209,17
Feb-2011;3 552;2 251;1 798;1 197;90,86;114,17;135,81;215,53
Mar-2011;3 550;2 261;1 811;1 201;90,90;114,78;136,89;216,57
Apr-2011;3 547;2 293;1 824;1 212;90,88;116,68;138,08;219,08
May-2011;3 548;2 306;1 834;1 227;90,85;117,50;139,12;221,90
Jun-2011;3 560;2 339;1 852;1 239;91,32;119,43;140,79;224,68
Jul-2011;3 569;2 373;1 868;1 248;91,73;121,34;142,27;226,54
Aug-2011;3 591;2 410;1 880;1 267;92,45;123,46;143,49;229,82
Sep-2011;3 603;2 433;1 892;1 280;92,87;124,76;144,56;232,18
Oct-2011;3 602;2 472;1 922;1 307;93,09;126,97;147,11;237,81
Nov-2011;3 617;2 491;1 941;1 323;93,71;128,14;148,77;241,03
Dec-2011;3 630;2 524;1 960;1 344;94,23;130,00;150,38;245,17
Jan-2012;3 628;2 551;1 970;1 363;94,32;131,46;151,30;249,01
Feb-2012;3 653;2 590;1 996;1 391;95,21;133,80;153,62;254,01
Mar-2012;3 648;2 613;2 013;1 404;95,13;135,12;155,17;256,54
Apr-2012;3 647;2 631;2 030;1 420;95,11;136,30;156,80;259,92
May-2012;3 650;2 652;2 039;1 436;95,20;137,62;157,70;263,20
Jun-2012;3 656;2 678;2 067;1 448;95,51;139,16;160,16;265,73
Jul-2012;3 676;2 720;2 094;1 476;96,22;141,63;162,58;271,14
Aug-2012;3 674;2 738;2 111;1 486;96,28;142,71;164,05;273,40
Sep-2012;3 662;2 755;2 128;1 491;95,92;143,73;165,63;274,48
Oct-2012;3 662;2 780;2 138;1 496;96,08;145,20;166,65;276,43
Nov-2012;3 666;2 799;2 143;1 500;96,32;146,34;167,22;277,60
Dec-2012;3 661;2 819;2 162;1 503;96,23;147,52;168,88;278,41
Jan-2013;3 650;2 821;2 167;1 508;95,96;147,68;169,39;279,53
Feb-2013;3 650;2 858;2 201;1 515;96,11;149,82;172,41;281,90
Mar-2013;3 643;2 868;2 200;1 514;96,02;150,45;172,52;282,03
Apr-2013;3 630;2 887;2 217;1 526;95,62;151,66;174,02;284,73
May-2013;3 633;2 895;2 231;1 532;95,85;152,23;175,17;286,14
Jun-2013;3 635;2 909;2 249;1 534;95,94;153,08;176,72;286,80
Jul-2013;3 622;2 924;2 254;1 542;95,64;153,97;177,17;288,25
Aug-2013;3 623;2 934;2 270;1 548;95,76;154,60;178,53;289,63
Sep-2013;3 625;2 941;2 280;1 549;95,85;155,04;179,43;290,07
Oct-2013;3 610;2 951;2 293;1 555;95,34;155,72;180,48;291,28
Nov-2013;3 609;2 975;2 312;1 562;95,45;157,09;182,06;292,61
Dec-2013;3 605;2 995;2 333;1 566;95,44;158,17;183,85;293,58
Jan-2014;3 601;3 003;2 339;1 568;95,36;158,61;184,41;293,79
Feb-2014;3 609;3 018;2 364;1 580;95,82;159,56;186,48;296,18
Mar-2014;3 612;3 027;2 375;1 583;95,88;160,10;187,39;296,93
Apr-2014;3 621;3 038;2 394;1 595;96,16;160,76;188,96;299,04
May-2014;3 622;3 048;2 405;1 596;96,30;161,39;189,89;299,46
Jun-2014;3 622;3 056;2 407;1 598;96,45;161,92;190,17;299,65
Jul-2014;3 617;3 069;2 417;1 607;96,40;162,74;191,01;301,39
Aug-2014;3 616;3 081;2 421;1 617;96,46;163,56;191,40;303,39
Sep-2014;3 616;3 089;2 415;1 616;96,49;164,09;191,05;303,31
Oct-2014;3 624;3 102;2 427;1 626;96,83;164,94;192,09;305,31
Nov-2014;3 627;3 116;2 428;1 634;97,05;165,86;192,28;307,17
Dec-2014;3 619;3 120;2 429;1 635;96,85;166,27;192,44;307,45
Jan-2015;3 618;3 122;2 429;1 637;96,85;166,52;192,47;308,10
Feb-2015;3 632;3 153;2 436;1 645;97,37;168,54;193,16;310,22
Mar-2015;3 619;3 164;2 436;1 639;96,99;169,36;193,19;309,36
Apr-2015;3 617;3 184;2 434;1 633;96,97;170,66;193,14;308,50
May-2015;3 610;3 192;2 435;1 619;96,79;171,24;193,39;306,28
Jun-2015;3 607;3 200;2 440;1 613;96,81;171,94;193,87;305,47
Jul-2015;3 605;3 213;2 450;1 614;96,90;172,75;194,74;305,81
Aug-2015;3 615;3 231;2 452;1 624;97,34;173,86;194,97;307,75
Sep-2015;3 621;3 245;2 458;1 626;97,66;174,76;195,49;308,22
Oct-2015;3 628;3 268;2 467;1 630;97,99;176,29;196,27;308,94
Nov-2015;3 642;3 292;2 472;1 630;98,48;177,81;196,72;308,89
Dec-2015;3 652;3 304;2 465;1 632;98,83;178,61;196,27;309,35
Jan-2016;3 644;3 304;2 451;1 630;98,62;178,75;195,28;309,22
Feb-2016;3 665;3 325;2 455;1 633;99,42;180,23;195,84;310,07
Mar-2016;3 657;3 336;2 449;1 630;99,37;181,02;195,49;309,60
Apr-2016;3 652;3 346;2 442;1 626;99,35;181,83;195,14;309,12
May-2016;3 643;3 347;2 434;1 624;99,16;182,21;194,64;308,92
Jun-2016;3 645;3 353;2 433;1 620;99,30;182,71;194,66;308,41
Jul-2016;3 644;3 365;2 437;1 625;99,27;183,51;195,05;309,53
Aug-2016;3 644;3 376;2 442;1 630;99,34;184,26;195,50;310,48
Sep-2016;3 648;3 386;2 441;1 635;99,57;184,93;195,44;311,44
Oct-2016;3 655;3 401;2 444;1 647;99,83;185,94;195,77;313,97
Nov-2016;3 653;3 407;2 445;1 649;99,82;186,45;195,92;314,42
Dec-2016;3 653;3 422;2 448;1 651;99,85;187,45;196,21;314,87
Jan-2017;3 660;3 420;2 446;1 652;100,14;187,42;196,10;315,18
Feb-2017;3 675;3 458;2 469;1 660;100,79;189,81;198,02;316,66
Mar-2017;3 678;3 468;2 477;1 666;100,97;190,45;198,70;318,04
Apr-2017;3 679;3 477;2 492;1 674;101,21;191,13;199,96;319,68
May-2017;3 676;3 480;2 492;1 677;101,23;191,46;200,02;320,21
Jun-2017;3 679;3 487;2 498;1 681;101,38;192,01;200,52;321,15
Jul-2017;3 681;3 496;2 504;1 687;101,52;192,75;201,08;322,51
Aug-2017;3 683;3 507;2 506;1 689;101,62;193,54;201,32;323,06
Sep-2017;3 687;3 505;2 505;1 691;101,81;193,53;201,27;323,45
Oct-2017;3 688;3 508;2 504;1 693;101,89;193,76;201,27;323,88
Nov-2017;3 691;3 516;2 504;1 694;101,99;194,28;201,32;324,11
Dec-2017;3 692;3 520;2 505;1 691;102,09;194,56;201,42;323,50
Jan-2018;3 693;3 524;2 505;1 693;102,11;194,78;201,44;323,84
Feb-2018;3 706;3 542;2 516;1 699;102,61;195,98;202,34;325,44
Mar-2018;3 707;3 546;2 517;1 702;102,66;196,25;202,43;326,10
Apr-2018;3 711;3 554;2 521;1 704;102,79;196,76;202,81;326,78
May-2018;3 720;3 559;2 526;1 706;103,09;197,07;203,22;327,39
Jun-2018;3 725;3 562;2 534;1 708;103,29;197,30;203,90;328,47
Jul-2018;3 730;3 571;2 542;1 714;103,50;197,87;204,54;329,68
Aug-2018;3 737;3 575;2 547;1 717;103,77;198,13;204,95;330,97
Sep-2018;3 742;3 580;2 548;1 720;103,93;198,43;205,04;332,06
Oct-2018;3 745;3 588;2 554;1 723;104,04;198,94;205,55;333,27
Nov-2018;3 758;3 591;2 559;1 722;104,44;199,18;205,96;333,36
Dec-2018;3 760;3 597;2 565;1 727;104,50;199,57;206,44;334,93
Jan-2019;3 768;3 599;2 569;1 726;104,71;199,70;206,78;334,96
Feb-2019;3 779;3 611;2 585;1 727;105,16;200,44;208,10;335,70
Mar-2019;3 781;3 612;2 593;1 730;105,30;200,52;208,76;336,62
Apr-2019;3 784;3 626;2 600;1 727;105,42;201,40;209,38;336,45
May-2019;3 793;3 630;2 611;1 724;105,70;201,69;210,27;336,22
Jun-2019;3 799;3 639;2 625;1 732;105,90;202,27;211,42;338,04
Jul-2019;3 806;3 646;2 635;1 739;106,14;202,74;212,26;339,68
Aug-2019;3 810;3 660;2 652;1 742;106,32;203,60;213,71;340,33
Sep-2019;3 814;3 669;2 662;1 748;106,45;204,21;214,53;341,73
Oct-2019;3 823;3 685;2 675;1 755;106,73;205,20;215,59;343,01
Nov-2019;3 826;3 699;2 689;1 768;106,84;206,08;216,74;345,77
Dec-2019;3 829;3 705;2 695;1 775;106,97;206,54;217,26;347,49
Jan-2020;3 832;3 713;2 700;1 777;107,00;207,04;217,67;348,10
Feb-2020;3 839;3 726;2 721;1 789;107,20;207,89;219,40;350,97
Mar-2020;3 838;3 734;2 727;1 784;107,21;208,46;219,90;350,32
Apr-2020;3 842;3 745;2 737;1 791;107,35;209,21;220,74;351,93
May-2020;3 849;3 760;2 755;1 802;107,55;210,17;222,21;354,41
Jun-2020;3 853;3 769;2 773;1 803;107,66;210,72;223,73;354,30
Jul-2020;3 864;3 790;2 794;1 813;108,01;212,08;225,47;355,76
Aug-2020;3 868;3 796;2 801;1 817;108,14;212,57;226,05;356,69
Sep-2020;3 872;3 795;2 809;1 824;108,31;212,60;226,73;358,28
Oct-2020;3 871;3 806;2 818;1 829;108,36;213,30;227,50;359,37
Nov-2020;3 878;3 812;2 825;1 830;108,60;213,71;228,08;359,18
Dec-2020;3 881;3 819;2 830;1 840;108,69;214,18;228,51;361,30
Jan-2021;3 886;3 823;2 831;1 839;108,81;214,52;228,62;361,28
Feb-2021;3 897;3 830;2 843;1 850;109,03;215,01;229,67;363,13
Mar-2021;3 898;3 835;2 844;1 854;109,01;215,34;229,79;363,96
Apr-2021;3 911;3 847;2 854;1 860;109,35;216,08;230,65;365,42
May-2021;3 924;3 857;2 864;1 866;109,66;216,70;231,47;366,68
Jun-2021;3 941;3 859;2 873;1 872;110,13;216,89;232,23;367,88
Jul-2021;3 953;3 872;2 890;1 879;110,45;217,64;233,64;369,39
Aug-2021;3 963;3 883;2 892;1 886;110,69;218,33;233,82;370,95
Sep-2021;3 973;3 892;2 899;1 887;111,02;218,89;234,41;371,27
Oct-2021;3 983;3 904;2 907;1 897;111,24;219,60;235,09;373,60
Nov-2021;3 996;3 909;2 914;1 902;111,63;219,92;235,67;374,59
Dec-2021;4 003;3 919;2 922;1 909;111,84;220,53;236,35;376,04
Jan-2022;4 006;3 923;2 925;1 913;111,89;220,78;236,60;376,91
Feb-2022;4 020;3 940;2 938;1 922;112,32;221,83;237,67;378,97
Mar-2022;4 028;3 945;2 943;1 922;112,53;222,13;238,09;378,95
Apr-2022;4 039;3 951;2 947;1 927;112,88;222,49;238,45;380,13
May-2022;4 049;3 958;2 958;1 928;113,16;222,91;239,35;380,53
Jun-2022;4 053;3 964;2 971;1 931;113,28;223,28;240,42;381,16
Jul-2022;4 068;3 974;2 982;1 932;113,78;223,87;241,35;381,41
Aug-2022;4 081;3 984;2 988;1 936;114,12;224,44;241,87;382,32
Sep-2022;4 096;3 996;2 997;1 938;114,45;225,15;242,62;382,74
Oct-2022;4 110;4 005;3 007;1 942;114,77;225,72;243,45;383,54
Nov-2022;4 126;4 016;3 013;1 945;115,10;226,38;243,99;384,04
Dec-2022;4 142;4 029;3 026;1 949;115,43;227,17;245,08;384,86
Jan-2023;4 151;4 036;3 033;1 946;115,57;227,62;245,65;384,37
Feb-2023;4 167;4 052;3 042;1 955;115,97;228,59;246,42;386,07
Mar-2023;4 178;4 056;3 049;1 957;116,28;228,87;247,00;386,45
Apr-2023;4 189;4 070;3 060;1 963;116,67;229,75;247,91;387,64
May-2023;4 205;4 080;3 073;1 967;117,06;230,40;249,00;388,46
Jun-2023;4 212;4 086;3 083;1 972;117,20;230,85;249,84;389,44
Jul-2023;4 226;4 092;3 097;1 975;117,64;231,31;251,01;389,95
Aug-2023;4 232;4 102;3 100;1 980;117,81;231,97;251,33;390,92
Sep-2023;4 246;4 115;3 101;1 986;118,24;232,86;251,47;392,18
Oct-2023;4 258;4 123;3 106;1 989;118,64;233,40;251,94;392,69
Nov-2023;4 266;4 131;3 116;1 994;118,90;233,96;252,78;393,69
Dec-2023;4 277;4 142;3 130;1 995;119,26;234,71;253,97;393,87
Jan-2024;4 280;4 153;3 133;1 996;119,34;235,39;254,22;394,08
Feb-2024;4 289;4 166;3 148;2 006;119,69;236,23;255,45;396,10
;;;;;;;;
Please note the following;;;;;;;;
30200: As at Start of Period Specified;;;;;;;;
30201: Annual data for future years are forecasts and are subject to change. As at Start of Period Specified;;;;;;;;
30202: As at Start of Period Specified;;;;;;;;
30204: Annual data for future years are forecasts and are subject to change. As at Start of Period Specified;;;;;;;;
30206: As at Start of Period Specified;;;;;;;;
30207: Annual data for future years are forecasts and are subject to change. As at Start of Period Specified;;;;;;;;
30208: As at Start of Period Specified;;;;;;;;
30209: Annual data for future years are forecasts and are subject to change. As at Start of Period Specified;;;;;;;;
;;;;;;;;
;;;;;;;;
;;;;;;;;
© Clarkson Research Services Limited 2024;;;;;;;;